{"fr-ro": {"bert-base-multilingual-uncased": [[0.9254722099531517, 0.03776484985345495, 100], [0.947248553399133, 0.05062166422200986, 150], [0.9511398863783311, 0.04512992689300756, 200], [0.9556567463884298, 0.05334093063953085, 250], [0.9586976155805983, 0.06577055028127075, 300], [0.961124203783867, 0.04736741964610152, 350], [0.962706666453493, 0.0425745259574226, 400], [0.9633492775332437, 0.043714262789805586, 450], [0.9657312069192413, 0.043448049980577295, 500], [0.9682689060288385, 0.04692778374988824, 550], [0.9679322348971593, 0.04774873143010858, 600], [0.9672221351777693, 0.05018087786924671, 650], [0.9657834871852926, 0.059100105345424044, 700], [0.9669802289077564, 0.057431751857173766, 750], [0.9655546339143486, 0.06188251896808064, 768]], "mt5-base": [[0.8240155141503144, 0.10678295966880678, 100], [0.861372786131858, 0.18671868036691477, 150], [0.886188984428846, 0.2395869409047479, 200], [0.8981820058186348, 0.26126852832019243, 250], [0.9016825574371062, 0.2784528735805368, 300], [0.9044662282733993, 0.2753935645509913, 350], [0.9077105261872336, 0.33987305841080273, 400], [0.9029192127068746, 0.3022863607825515, 450], [0.9080887262825514, 0.3212831621252303, 500], [0.9130881313077459, 0.3457712856585749, 550], [0.9136345392925866, 0.3592264208842561, 600], [0.9135259101083905, 0.3626354558228174, 650], [0.9135525337418036, 0.3950785519366035, 700], [0.9128570032164192, 0.3996829554484739, 750], [0.9138575151020472, 0.4058597997183356, 768]], "xlm-roberta-base": [[0.832359667793902, 0.009123094348083196, 100], [0.8632111138447425, 0.012617240645490625, 150], [0.8731969154996028, 0.01439372596147412, 200], [0.8954113266951063, 0.01625739909963674, 250], [0.8925903259461153, 0.028574644974000734, 300], [0.9013841683627635, 0.02284177769014295, 350], [0.9121950645189124, 0.02850529570239731, 400], [0.917614434158025, 0.029553906940449393, 450], [0.916691515433605, 0.043490013312373225, 500], [0.9163816217883588, 0.04683547329208864, 550], [0.915001851903735, 0.04892071747057523, 600], [0.9175206127643464, 0.04417374563341953, 650], [0.9239200646739624, 0.041561740470738, 700], [0.9019349329677067, 0.046897105614149934, 750], [0.9054632765198923, 0.04640211160796008, 768]], "ernie-m-base_pytorch": [[0.8768098100194962, 0.05282203575656319, 100], [0.9021359075977847, 0.03581674743600515, 150], [0.9129772898897182, 0.03702188367333669, 200], [0.9194084101337952, 0.05936199441846638, 250], [0.922811050400583, 0.0737083248476211, 300], [0.927457664560355, 0.08457960049611722, 350], [0.9307918645625908, 0.11028991453824837, 400], [0.9328795650224936, 0.12083127499137848, 450], [0.9299949326830343, 0.1078083632531769, 500], [0.931783891031964, 0.11379590431380833, 550], [0.936339173897569, 0.10284016559062466, 600], [0.9367375949296565, 0.11826209380257834, 650], [0.9364089985743446, 0.12478767184660904, 700], [0.9385793997186797, 0.10472270679752585, 750], [0.9368558604404347, 0.10152098466626153, 768]]}}