{"fr-ro": {"bert-base-multilingual-uncased": [[0.9375215705292301, 0.04052472060520627, 100], [0.9633550186795553, 0.05387578569637185, 150], [0.9711896126553882, 0.053343986967965176, 200], [0.9734002399039174, 0.06441418208723507, 250], [0.9767239948207743, 0.08063307179842706, 300], [0.9789871748337213, 0.05778471530283927, 350], [0.9808166238103265, 0.04945651192633816, 400], [0.9806445692503952, 0.05126386251695201, 450], [0.9812156111719529, 0.05266917754268821, 500], [0.9798673777226182, 0.05576427287071909, 550], [0.980512294273404, 0.05698681735010757, 600], [0.9811897594105939, 0.058325017692504755, 650], [0.9798641535052051, 0.06771058980944807, 700], [0.9800147578834083, 0.0664445201163821, 750], [0.9791194773654505, 0.0714751029470636, 768]], "mt5-base": [[0.8479467164788419, 0.122086112810822, 100], [0.8885933446870659, 0.20348735544275953, 150], [0.9131569726314951, 0.25675769913075547, 200], [0.9193123070632613, 0.27876503530105495, 250], [0.9251504097182959, 0.29839513193451883, 300], [0.9262661370531212, 0.2977513805717776, 350], [0.932176357280314, 0.36735059796028485, 400], [0.9295048235793122, 0.32733543989945285, 450], [0.9317081933342583, 0.3442386055921052, 500], [0.9343941013963803, 0.3664809207757233, 550], [0.9345047266760271, 0.38083152095213335, 600], [0.9305550939802304, 0.38510754793099944, 650], [0.9363129092611177, 0.4164860277985014, 700], [0.9363876554472778, 0.42035931534826204, 750], [0.936319100414883, 0.42652309951717415, 768]], "xlm-roberta-base": [[0.8610653537915105, 0.012551525064072894, 100], [0.8911545385521095, 0.015796989990022804, 150], [0.8977329610576966, 0.019182004396337434, 200], [0.9171343281130515, 0.020380120573713658, 250], [0.9239430640663869, 0.03694095089951495, 300], [0.9314269654231372, 0.031549029265441404, 350], [0.9381829307669215, 0.039203708693311225, 400], [0.9395149827575545, 0.04018260772978395, 450], [0.9377132656890342, 0.05393056932201543, 500], [0.9373713574792828, 0.057744948988448855, 550], [0.9328444419773261, 0.06346654695796994, 600], [0.9361316557762706, 0.05924233537168116, 650], [0.9373123932408965, 0.05631368691528487, 700], [0.9246054892995146, 0.06398480590176883, 750], [0.9253837068172497, 0.06303656800790751, 768]], "ernie-m-base_pytorch": [[0.9051930759548424, 0.06104417944686387, 100], [0.9291115989221377, 0.04246437291349048, 150], [0.9313985109003002, 0.04281915344016796, 200], [0.9404594812379222, 0.06635031283356933, 250], [0.945123262892054, 0.07453981233418971, 300], [0.9507810561106711, 0.08470837495113707, 350], [0.9557516905563381, 0.11032500133313852, 400], [0.9541150055009401, 0.12106197769213918, 450], [0.9534615764395803, 0.10806612589998085, 500], [0.9536749695447937, 0.1137256149589115, 550], [0.9517003065056153, 0.10453631334336562, 600], [0.9523437872252238, 0.12009992714046396, 650], [0.9551426114678486, 0.1275060064492259, 700], [0.9555474102330376, 0.10668779358866139, 750], [0.955963892995281, 0.10267554814972711, 768]]}}