{"fr-ro": {"bert-base-multilingual-uncased": [[0.9326330491219763, 0.04052472060520627, 100], [0.9556088223508752, 0.05387578569637185, 150], [0.9629961520318633, 0.053343986967965176, 200], [0.9700685338350533, 0.06441418208723507, 250], [0.9726698504992072, 0.08063307179842706, 300], [0.9729831515342681, 0.05778471530283927, 350], [0.9758581599057292, 0.04945651192633816, 400], [0.9762902743306043, 0.05126386251695201, 450], [0.9768921241570241, 0.05266917754268821, 500], [0.9721193772737612, 0.05576427287071909, 550], [0.9740226279580045, 0.05698681735010757, 600], [0.9748451888231673, 0.058325017692504755, 650], [0.9754662933259985, 0.06771058980944807, 700], [0.9751750611613301, 0.0664445201163821, 750], [0.9747584472790204, 0.0714751029470636, 768]], "mt5-base": [[0.8455130660939775, 0.122086112810822, 100], [0.8826665059692348, 0.20348735544275953, 150], [0.9024844616025146, 0.25675769913075547, 200], [0.9131040434838287, 0.27876503530105495, 250], [0.9097204205980308, 0.29839513193451883, 300], [0.9150992149207238, 0.2977513805717776, 350], [0.9202123267020353, 0.36735059796028485, 400], [0.9134601804545397, 0.32733543989945285, 450], [0.9118126605451069, 0.3442386055921052, 500], [0.9121101415327614, 0.3664809207757233, 550], [0.9175715980447954, 0.38083152095213335, 600], [0.9193040393126234, 0.38510754793099944, 650], [0.9212393556960272, 0.4164860277985014, 700], [0.9221765503656668, 0.42035931534826204, 750], [0.9254767505062071, 0.42652309951717415, 768]], "xlm-roberta-base": [[0.8329026279638314, 0.012551525064072894, 100], [0.8464871479703842, 0.015796989990022804, 150], [0.867277116758092, 0.019182004396337434, 200], [0.899415752788146, 0.020380120573713658, 250], [0.9078020211935649, 0.03694095089951495, 300], [0.9202125799039926, 0.031549029265441404, 350], [0.9267033614350348, 0.039203708693311225, 400], [0.9314895078197, 0.04018260772978395, 450], [0.9256829031390696, 0.05393056932201543, 500], [0.9250490478180722, 0.057744948988448855, 550], [0.9290846918105752, 0.06346654695796994, 600], [0.9342038436696288, 0.05924233537168116, 650], [0.9342309809002299, 0.05631368691528487, 700], [0.9341778584759358, 0.06398480590176883, 750], [0.936105573975588, 0.06303656800790751, 768]], "ernie-m-base_pytorch": [[0.8873376942798319, 0.06104417944686387, 100], [0.9068102575755008, 0.04246437291349048, 150], [0.9056151946815458, 0.04281915344016796, 200], [0.9210153926700554, 0.06635031283356933, 250], [0.9327473714609047, 0.07453981233418971, 300], [0.9349703353257109, 0.08470837495113707, 350], [0.9389740440054603, 0.11032500133313852, 400], [0.9430933589955788, 0.12106197769213918, 450], [0.9410639502428323, 0.10806612589998085, 500], [0.943121750304026, 0.1137256149589115, 550], [0.9423840487709082, 0.10453631334336562, 600], [0.9454421264248051, 0.12009992714046396, 650], [0.9469032175174827, 0.1275060064492259, 700], [0.9493268088136699, 0.10668779358866139, 750], [0.9484579650590724, 0.10267554814972711, 768]]}}