{"fr-ro": {"bert-base-multilingual-uncased": [[0.9205599047464484, 0.03776490560607309, 100], [0.9380184091155673, 0.05062173882986306, 150], [0.9470791262769148, 0.04513217587268346, 200], [0.9528357816944877, 0.05334264275762484, 250], [0.9570283609084209, 0.06577054405193257, 300], [0.9590994814031435, 0.04736740961030584, 350], [0.9601357087305173, 0.04257504152430003, 400], [0.9590175437449076, 0.043714326909591886, 450], [0.9598986468954182, 0.04344805140412104, 500], [0.9605989088186268, 0.046927775159541475, 550], [0.9597432513436637, 0.0477487732960214, 600], [0.9608841508523268, 0.05018093192304523, 650], [0.9608647104582896, 0.05910005200225097, 700], [0.9614112191705462, 0.057430924146638584, 750], [0.962183892867875, 0.06188266717092246, 768]], "mt5-base": [[0.8029952755305518, 0.10677999692978615, 100], [0.8543954834353491, 0.18671118645829687, 150], [0.8839767088380921, 0.23958653519452153, 200], [0.8955671783792744, 0.26127221856213384, 250], [0.8865634219242962, 0.2784530889426142, 300], [0.8962779647827558, 0.27539271110031577, 350], [0.8978206276386477, 0.33987263484233204, 400], [0.8943829693827411, 0.3022863623532719, 450], [0.8923345546678959, 0.3212835124364895, 500], [0.8962737253513612, 0.3457712915341599, 550], [0.8979893132290135, 0.3592268547822127, 600], [0.9031751625615503, 0.36262750301781793, 650], [0.906090926953075, 0.3950868850497155, 700], [0.9068161101799171, 0.3996855363055369, 750], [0.9083981581481065, 0.40586660506203237, 768]], "xlm-roberta-base": [[0.8201680729196751, 0.009123087416953673, 100], [0.8263993497468058, 0.01261723992789214, 150], [0.8435330405650958, 0.014393747367515284, 200], [0.8812062972333649, 0.01625735437775968, 250], [0.8831618434350332, 0.028572544040624214, 300], [0.8942282723561539, 0.022837724581233697, 350], [0.9024727650262097, 0.028505186775889674, 400], [0.9108480069183158, 0.02955389264606766, 450], [0.9084315889065567, 0.043489992197942834, 500], [0.9122272664091656, 0.04683538317920334, 550], [0.9091503863965057, 0.04891412594556631, 600], [0.9142220386811332, 0.04417213616125641, 650], [0.9185946266172487, 0.04156427012047416, 700], [0.9183814211801324, 0.046890390930822985, 750], [0.9178103410883722, 0.046406585876722944, 768]], "ernie-m-base_pytorch": [[0.8662859651292244, 0.05282204247566897, 100], [0.8857090264136546, 0.03581675572248699, 150], [0.8762890412527174, 0.037021946714578126, 200], [0.8948869838403598, 0.05936200347365216, 250], [0.9067238754909738, 0.07370846769977124, 300], [0.9149462323327857, 0.08457966422853494, 350], [0.9187027690569363, 0.11028232365185615, 400], [0.9231713279400536, 0.12083131184767433, 450], [0.9202974703646284, 0.10780872005502938, 500], [0.9233101994383612, 0.11379576230328074, 550], [0.9231078030237547, 0.10283999569100243, 600], [0.9264830751054094, 0.11824954547190576, 650], [0.9305070440983878, 0.12479211556689442, 700], [0.9301123469677623, 0.1047154907505791, 750], [0.9288813813821394, 0.10152099141542148, 768]]}}