{"fr-ro": {"bert-base-multilingual-uncased": [[0.2175075892903074, 0.04052472060520627, 100], [0.5028730267889604, 0.05387578569637185, 150], [0.5632630492554226, 0.053343986967965176, 200], [0.6144524623536969, 0.06441418208723507, 250], [0.6687355503239247, 0.08063307179842706, 300], [0.6011128564819526, 0.05778471530283927, 350], [0.6830170886414961, 0.04945651192633816, 400], [0.7226862545734463, 0.05126386251695201, 450], [0.7061312902900447, 0.05266917754268821, 500], [0.7355139257855712, 0.05576427287071909, 550], [0.7175358302029762, 0.05698681735010757, 600], [0.7584842562737956, 0.058325017692504755, 650], [0.747192839111544, 0.06771058980944807, 700], [0.7160077131711425, 0.0664445201163821, 750], [0.7536364646326821, 0.0714751029470636, 768]], "mt5-base": [[0.2964675328158011, 0.122086112810822, 100], [0.31833827434775924, 0.20348735544275953, 150], [0.3406769334879104, 0.25675769913075547, 200], [0.34132803149208923, 0.27876503530105495, 250], [0.41319814770457913, 0.29839513193451883, 300], [0.4149203018382016, 0.2977513805717776, 350], [0.4717981264904895, 0.36735059796028485, 400], [0.4368789903654192, 0.32733543989945285, 450], [0.45230508674053965, 0.3442386055921052, 500], [0.5063251375500061, 0.3664809207757233, 550], [0.43697745621585754, 0.38083152095213335, 600], [0.4579320586612605, 0.38510754793099944, 650], [0.46334581456321594, 0.4164860277985014, 700], [0.5382686303506496, 0.42035931534826204, 750], [0.5483543225818283, 0.42652309951717415, 768]], "xlm-roberta-base": [[0.16304362014603552, 0.012551525064072894, 100], [0.12155851603754102, 0.015796989990022804, 150], [0.2172617098511513, 0.019182004396337434, 200], [0.15737967977788622, 0.020380120573713658, 250], [0.2847488797837182, 0.03694095089951495, 300], [0.26289136436839267, 0.031549029265441404, 350], [0.1657581405107152, 0.039203708693311225, 400], [0.4256486982740288, 0.04018260772978395, 450], [0.24509227344239212, 0.05393056932201543, 500], [0.6408481084941453, 0.057744948988448855, 550], [0.23422027926120872, 0.06346654695796994, 600], [0.33374652768785473, 0.05924233537168116, 650], [0.3097618850906497, 0.05631368691528487, 700], [0.4118287068764107, 0.06398480590176883, 750], [0.411392735992126, 0.06303656800790751, 768]], "ernie-m-base_pytorch": [[0.23155577563107457, 0.06104417944686387, 100], [0.275472402962538, 0.04246437291349048, 150], [0.32586120211311004, 0.04281915344016796, 200], [0.3743582495897094, 0.06635031283356933, 250], [0.37277621253804494, 0.07453981233418971, 300], [0.4097816658071886, 0.08470837495113707, 350], [0.3526000894336838, 0.11032500133313852, 400], [0.38531927911077196, 0.12106197769213918, 450], [0.3483672199223411, 0.10806612589998085, 500], [0.39418764813985113, 0.1137256149589115, 550], [0.1971165485521032, 0.10453631334336562, 600], [0.22159270783486498, 0.12009992714046396, 650], [0.22942020119960493, 0.1275060064492259, 700], [0.1886510745749039, 0.10668779358866139, 750], [0.20743979129873183, 0.10267554814972711, 768]]}}