{"fr-ro": {"bert-base-multilingual-uncased": [[0.19369558257827127, 0.03776490560607309, 100], [0.4102486816971627, 0.05062173882986306, 150], [0.5041150757524299, 0.04513217587268346, 200], [0.4973357948931701, 0.05334264275762484, 250], [0.5994224013784316, 0.06577054405193257, 300], [0.648202823989716, 0.04736740961030584, 350], [0.63380848754504, 0.04257504152430003, 400], [0.6475409072522874, 0.043714326909591886, 450], [0.7178122299736598, 0.04344805140412104, 500], [0.7241872251098561, 0.046927775159541475, 550], [0.7340921196132096, 0.0477487732960214, 600], [0.7762356067196169, 0.05018093192304523, 650], [0.777253079415947, 0.05910005200225097, 700], [0.7560158072069251, 0.057430924146638584, 750], [0.7295053245643607, 0.06188266717092246, 768]], "mt5-base": [[0.2328799405123532, 0.10677999692978615, 100], [0.25325326104191087, 0.18671118645829687, 150], [0.2505993580130055, 0.23958653519452153, 200], [0.30645328159562796, 0.26127221856213384, 250], [0.40330576005149493, 0.2784530889426142, 300], [0.3661062684896544, 0.27539271110031577, 350], [0.38926263346850387, 0.33987263484233204, 400], [0.37136829392454446, 0.3022863623532719, 450], [0.40286087790640257, 0.3212835124364895, 500], [0.4318786907198325, 0.3457712915341599, 550], [0.42053494325915347, 0.3592268547822127, 600], [0.4199252820294302, 0.36262750301781793, 650], [0.45680463889779793, 0.3950868850497155, 700], [0.4782958123087438, 0.3996855363055369, 750], [0.4580557533946106, 0.40586660506203237, 768]], "xlm-roberta-base": [[0.0761862865167967, 0.009123087416953673, 100], [0.09475630178286021, 0.01261723992789214, 150], [0.12797387941484425, 0.014393747367515284, 200], [0.16005469038952252, 0.01625735437775968, 250], [0.25285484058010793, 0.028572544040624214, 300], [0.46493511626761475, 0.022837724581233697, 350], [0.28569647592751823, 0.028505186775889674, 400], [0.33137781725383775, 0.02955389264606766, 450], [0.5302327272338241, 0.043489992197942834, 500], [0.45275135874508643, 0.04683538317920334, 550], [0.4168750516110918, 0.04891412594556631, 600], [0.3538973108943022, 0.04417213616125641, 650], [0.4180153605795139, 0.04156427012047416, 700], [0.3240952450448114, 0.046890390930822985, 750], [0.24908818122945287, 0.046406585876722944, 768]], "ernie-m-base_pytorch": [[0.2523685308832124, 0.05282204247566897, 100], [0.2971906365590778, 0.03581675572248699, 150], [0.31391091924246683, 0.037021946714578126, 200], [0.371494610981249, 0.05936200347365216, 250], [0.31480553470871875, 0.07370846769977124, 300], [0.3932786166943464, 0.08457966422853494, 350], [0.41384247125119095, 0.11028232365185615, 400], [0.45764648490153376, 0.12083131184767433, 450], [0.3791598438269552, 0.10780872005502938, 500], [0.3961881315207043, 0.11379576230328074, 550], [0.20274941793951123, 0.10283999569100243, 600], [0.21451113798399413, 0.11824954547190576, 650], [0.21811130648338262, 0.12479211556689442, 700], [0.20545389161468755, 0.1047154907505791, 750], [0.2023271395119927, 0.10152099141542148, 768]]}}