{"en-nl": {"bert-base-multilingual-uncased": [[0.893905253533188, 0.056769098734797546, 100], [0.9409970040485829, 0.0724324382730651, 150], [0.9570062865947608, 0.09666484265938118, 200], [0.9633449037741484, 0.1453500198750865, 250], [0.9703526411519516, 0.17913074704368612, 300], [0.9723839382239381, 0.18416278758698815, 350], [0.9708960891590678, 0.20847860640294094, 400], [0.9758219599376274, 0.15303230451981611, 450], [0.9765821375661375, 0.1427610889127491, 500], [0.9789689959839357, 0.17172417374034618, 550], [0.9808813008130083, 0.18353759997744695, 600], [0.9789608762322014, 0.17668429850508063, 650], [0.979014259259259, 0.17849670848426194, 700], [0.9788274067221708, 0.16427804626499767, 750], [0.9785417049679701, 0.1575911152166824, 768]], "mt5-base": [[0.9107072716628823, 0.1126897489071652, 100], [0.9363653699011063, 0.16787161156586627, 150], [0.949196088106996, 0.27937905751165804, 200], [0.952032070213744, 0.3731561781434623, 250], [0.9520336492738488, 0.32911031279933983, 300], [0.9541650613958971, 0.36843977983469256, 350], [0.9546787391050333, 0.3981282293273494, 400], [0.956827252978472, 0.4346216239724184, 450], [0.9572943096528079, 0.4441079600182652, 500], [0.9577540949369393, 0.48377123469470745, 550], [0.9604335829051599, 0.5035411351476874, 600], [0.9582363106745321, 0.5070263710565357, 650], [0.9601786430788573, 0.5407688846895128, 700], [0.9615672329597532, 0.5441617101685456, 750], [0.9603922905924471, 0.5482207672141043, 768]], "xlm-roberta-base": [[0.8726138565475215, 0.049709838309573755, 100], [0.9184427450482064, 0.05353506998410886, 150], [0.9079557570235762, 0.031997188948547285, 200], [0.9219361939684785, 0.042298066397112685, 250], [0.922973135375544, 0.039070464291684565, 300], [0.9401795612493051, 0.052574026527651405, 350], [0.946212717809935, 0.061669562448272486, 400], [0.9508666870078724, 0.06420966307344311, 450], [0.9434502162470125, 0.1283102092677924, 500], [0.9490689111405436, 0.12179877738607427, 550], [0.9502737468663952, 0.09744365306194484, 600], [0.9561565109788671, 0.10419959372516518, 650], [0.9570417363072388, 0.09859126630246513, 700], [0.9454649537965495, 0.1062969726817259, 750], [0.9450960872577882, 0.10313549590913672, 768]], "ernie-m-base_pytorch": [[0.9469682712109391, 0.3758792404041882, 100], [0.9621294363742314, 0.3401321633369629, 150], [0.9570339050819039, 0.4500970757844984, 200], [0.963729314124562, 0.558547081950439, 250], [0.9650925937539506, 0.5252371590555666, 300], [0.9664907937614484, 0.5410397413889656, 350], [0.969395453613718, 0.5929871660289631, 400], [0.9742589230452812, 0.631640010657684, 450], [0.9734906263047316, 0.5713986650663389, 500], [0.973271341490967, 0.5906707228885287, 550], [0.9740099111214391, 0.5142212547541667, 600], [0.9748424397959127, 0.5156137690111049, 650], [0.9750724328991537, 0.5324155443320984, 700], [0.9760296206716857, 0.502125435146813, 750], [0.9750085465379225, 0.5096259147496583, 768]]}}