{"en-nl": {"bert-base-multilingual-uncased": [[0.8644822557719655, 0.053163415346106975, 100], [0.9213867446794932, 0.06760705790701935, 150], [0.9400117591697092, 0.09279319159277229, 200], [0.9555406666641859, 0.13789285699019188, 250], [0.9600821598377308, 0.16890879063905184, 300], [0.9631158984877652, 0.17383816095579496, 350], [0.9636242141776103, 0.198999816321206, 400], [0.9668952162829294, 0.14413795022274575, 450], [0.9684368270079939, 0.1332570996383194, 500], [0.9708908162844611, 0.1592601604533495, 550], [0.9751610754005361, 0.16868398036929985, 600], [0.9742947797630506, 0.16101349309070542, 650], [0.9739163804744156, 0.16280354427315794, 700], [0.9741417813751292, 0.1485333216294055, 750], [0.9739120378317964, 0.14530391609467883, 768]], "mt5-base": [[0.8855087790243731, 0.11058697329823675, 100], [0.917727386469659, 0.16539858460415577, 150], [0.9290598967957971, 0.27000402562515174, 200], [0.936836295766098, 0.36319574417569367, 250], [0.931084869151706, 0.32387842777810233, 300], [0.9400797245880881, 0.3620118574481193, 350], [0.9402511582973232, 0.3877221294302356, 400], [0.9406871588639882, 0.4189625675818055, 450], [0.946043345764065, 0.43129571437642733, 500], [0.9451173325761949, 0.47071715504693484, 550], [0.9466185490870284, 0.4914732185394837, 600], [0.9436656406413305, 0.4953369570465857, 650], [0.9432051423095803, 0.5288036125962987, 700], [0.9455856745011684, 0.5303843230335578, 750], [0.9466693842535868, 0.5353898931623418, 768]], "xlm-roberta-base": [[0.8545096522252228, 0.04652327232124407, 100], [0.8922769030433707, 0.050180314630006814, 150], [0.877046748225392, 0.02867078593244259, 200], [0.9033205856172719, 0.03912440879911397, 250], [0.9102928623539787, 0.03708056445829854, 300], [0.9258772132313576, 0.04956941918901711, 350], [0.9353975654379323, 0.05913628494514874, 400], [0.9387187406071344, 0.06175573284575695, 450], [0.9369680714539704, 0.11670643417920033, 500], [0.9379750836254463, 0.11130021278274074, 550], [0.9385478137793032, 0.0883140818301971, 600], [0.942901777340151, 0.09367402782845419, 650], [0.9429994503580769, 0.09096888402513491, 700], [0.9208259068171512, 0.09850291973860098, 750], [0.9214090345168804, 0.0957224181549901, 768]], "ernie-m-base_pytorch": [[0.93926864519808, 0.34943225951133244, 100], [0.9505431502543628, 0.32000808033615274, 150], [0.9409750355398022, 0.43259072744411303, 200], [0.9519148916256376, 0.5395114744714611, 250], [0.9545234350108655, 0.5019340380004231, 300], [0.9541325130451318, 0.5208456931437835, 350], [0.9621340346124815, 0.5737204208856045, 400], [0.9630103940761952, 0.6109157193002287, 450], [0.9623179083047808, 0.5449251857534383, 500], [0.9618583959940524, 0.5634829954677568, 550], [0.9620614401137598, 0.48720393943056584, 600], [0.9632025647932152, 0.48685371416792206, 650], [0.9654099879645675, 0.5007830818922072, 700], [0.9646402785552504, 0.47056896319290664, 750], [0.9652669515395582, 0.47875753800578313, 768]]}}