{"en-nl": {"bert-base-multilingual-uncased": [[0.856294557882625, 0.05316339377600055, 100], [0.9126269128360086, 0.06760532664942705, 150], [0.9336883234662592, 0.09279320003971694, 200], [0.9497876945421933, 0.13789284978465033, 250], [0.958568266921693, 0.16890859089719598, 300], [0.9605625469060896, 0.17383700684290848, 350], [0.9650914331344976, 0.19892423250682573, 400], [0.9680462226085884, 0.14413770848423518, 450], [0.9712472201430458, 0.1332570950759477, 500], [0.9691363926814552, 0.15926043153604785, 550], [0.96994259853672, 0.16868345533351478, 600], [0.9707454415944367, 0.16101343132502027, 650], [0.9707858078105609, 0.16280650522655246, 700], [0.9718654185145696, 0.1485337420911832, 750], [0.9719327847682361, 0.14530003929682986, 768]], "mt5-base": [[0.8539891634777067, 0.11058696444292622, 100], [0.8874901714480496, 0.16539856405604356, 150], [0.9099201959875367, 0.27001678864602735, 200], [0.9211493228777504, 0.36320224437210913, 250], [0.9197417412063494, 0.3238803578079225, 300], [0.9254851858031167, 0.3620101920788139, 350], [0.9238623527766324, 0.3877219198397021, 400], [0.9277358152408922, 0.4189619842651883, 450], [0.9305521128836781, 0.4312952856558264, 500], [0.9261471891012119, 0.47071718302631577, 550], [0.9297357965941999, 0.49147298277656654, 600], [0.9306350297407339, 0.49533610748680457, 650], [0.9322698444989331, 0.5288030925613149, 700], [0.9366191931815266, 0.5303913244032638, 750], [0.9376021720177112, 0.5354204567206525, 768]], "xlm-roberta-base": [[0.8258922866702145, 0.04652330645531876, 100], [0.8461637196938808, 0.0501808372140722, 150], [0.8634317950582737, 0.028670782095654202, 200], [0.8954164071183105, 0.039124404509654744, 250], [0.9115032253713614, 0.03708035018195564, 300], [0.9299473020563013, 0.04956925625611837, 350], [0.938381125933414, 0.0591357820847188, 400], [0.9484459925942611, 0.06175570073922542, 450], [0.9460347823443138, 0.11670071994736379, 500], [0.9491951556753525, 0.11129871604659583, 550], [0.9491971187001262, 0.08831314197551188, 600], [0.9513421681754259, 0.09367661630484081, 650], [0.9526908696924486, 0.09097196545191387, 700], [0.9523860289969137, 0.09854202407872563, 750], [0.9521336501564494, 0.09577182585962096, 768]], "ernie-m-base_pytorch": [[0.9241884278876741, 0.3494321825248768, 100], [0.9415580585046726, 0.3199316023506798, 150], [0.9379905769424637, 0.43258624863815576, 200], [0.9499200127672023, 0.5395114744190004, 250], [0.9585984194877131, 0.5019341984491433, 300], [0.9600566829355857, 0.5208452118137398, 350], [0.9673775405169637, 0.5736949762467967, 400], [0.9671598734698905, 0.6109156968271207, 450], [0.9663115249602102, 0.5449252050724661, 500], [0.9688685522011818, 0.563482949469423, 550], [0.9692682533104175, 0.48720110211096396, 600], [0.9712919231987436, 0.48687247301789816, 650], [0.972191103866522, 0.5007824466796238, 700], [0.973134078544345, 0.47057537415904455, 750], [0.9742835310106637, 0.478756735250617, 768]]}}