{"en-nl": {"bert-base-multilingual-uncased": [[0.8832439842443631, 0.056769098734797546, 100], [0.9339682047179877, 0.0724324382730651, 150], [0.9505800891265593, 0.09666484265938118, 200], [0.9643076452569334, 0.1453500198750865, 250], [0.9704087731904354, 0.17913074704368612, 300], [0.9741304433497535, 0.18416278758698815, 350], [0.9778362962962961, 0.20847860640294094, 400], [0.9773372527472528, 0.15303230451981611, 450], [0.9793816131580836, 0.1427610889127491, 500], [0.9774501210945916, 0.17172417374034618, 550], [0.9784730303030301, 0.18353759997744695, 600], [0.9783962163326869, 0.17668429850508063, 650], [0.9801326495726492, 0.17849670848426194, 700], [0.9798821245421243, 0.16427804626499767, 750], [0.9808748717948718, 0.1575911152166824, 768]], "mt5-base": [[0.8736427959327054, 0.1126897489071652, 100], [0.9053382538378386, 0.16787161156586627, 150], [0.9238148358397712, 0.27937905751165804, 200], [0.9357151257282244, 0.3731561781434623, 250], [0.9342514583147158, 0.32911031279933983, 300], [0.9391091455771526, 0.36843977983469256, 350], [0.9401386422471817, 0.3981282293273494, 400], [0.9418850148499165, 0.4346216239724184, 450], [0.9378882302515069, 0.4441079600182652, 500], [0.9393365964880721, 0.48377123469470745, 550], [0.9396770970786487, 0.5035411351476874, 600], [0.9407612850536562, 0.5070263710565357, 650], [0.9418625683703851, 0.5407688846895128, 700], [0.9454945609100268, 0.5441617101685456, 750], [0.9460243308768439, 0.5482207672141043, 768]], "xlm-roberta-base": [[0.8526597046549775, 0.049709838309573755, 100], [0.8739355148415431, 0.05353506998410886, 150], [0.8881307529316067, 0.031997188948547285, 200], [0.9098264491965891, 0.042298066397112685, 250], [0.9209669247972017, 0.039070464291684565, 300], [0.9434618449817579, 0.052574026527651405, 350], [0.9502018047627855, 0.061669562448272486, 400], [0.9542942135031192, 0.06420966307344311, 450], [0.9544806311558562, 0.1283102092677924, 500], [0.9539403099617615, 0.12179877738607427, 550], [0.9582175782896085, 0.09744365306194484, 600], [0.9594177238526367, 0.10419959372516518, 650], [0.9626284480299885, 0.09859126630246513, 700], [0.9647456055470075, 0.1062969726817259, 750], [0.9644892617682048, 0.10313549590913672, 768]], "ernie-m-base_pytorch": [[0.9413016169888969, 0.3758792404041882, 100], [0.9547145013592709, 0.3401321633369629, 150], [0.9548001415895185, 0.4500970757844984, 200], [0.9632210062303617, 0.558547081950439, 250], [0.9688300365237131, 0.5252371590555666, 300], [0.9723388468590601, 0.5410397413889656, 350], [0.9766069731244875, 0.5929871660289631, 400], [0.9749377010970478, 0.631640010657684, 450], [0.9740619051861644, 0.5713986650663389, 500], [0.975697195961302, 0.5906707228885287, 550], [0.9742708140443217, 0.5142212547541667, 600], [0.9763473459505387, 0.5156137690111049, 650], [0.9782356601178596, 0.5324155443320984, 700], [0.9780155315722042, 0.502125435146813, 750], [0.9780549632098419, 0.5096259147496583, 768]]}}