{"en-nl": {"bert-base-multilingual-uncased": [[0.086427260751622, 0.056769098734797546, 100], [0.2007367018568755, 0.0724324382730651, 150], [0.3383020114592356, 0.09666484265938118, 200], [0.5458587830874553, 0.1453500198750865, 250], [0.5386167661696746, 0.17913074704368612, 300], [0.5874485831432831, 0.18416278758698815, 350], [0.6037536368960977, 0.20847860640294094, 400], [0.7150290078086748, 0.15303230451981611, 450], [0.7252138677352264, 0.1427610889127491, 500], [0.7481515596453452, 0.17172417374034618, 550], [0.7961152947560595, 0.18353759997744695, 600], [0.8021008740349646, 0.17668429850508063, 650], [0.8174351188136132, 0.17849670848426194, 700], [0.8495417088015931, 0.16427804626499767, 750], [0.7514270565287033, 0.1575911152166824, 768]], "mt5-base": [[0.45947010861788196, 0.1126897489071652, 100], [0.5858254730341298, 0.16787161156586627, 150], [0.7548005499947121, 0.27937905751165804, 200], [0.8050282475090518, 0.3731561781434623, 250], [0.7632445469209637, 0.32911031279933983, 300], [0.813359587866942, 0.36843977983469256, 350], [0.8117937479117336, 0.3981282293273494, 400], [0.7889031355961913, 0.4346216239724184, 450], [0.8407154419393095, 0.4441079600182652, 500], [0.8806139879990283, 0.48377123469470745, 550], [0.8533565451917384, 0.5035411351476874, 600], [0.8792848041004354, 0.5070263710565357, 650], [0.8580225325451284, 0.5407688846895128, 700], [0.8790718430571178, 0.5441617101685456, 750], [0.8913560336830307, 0.5482207672141043, 768]], "xlm-roberta-base": [[0.24748826284677475, 0.049709838309573755, 100], [0.3135803820461987, 0.05353506998410886, 150], [0.3446237898400147, 0.031997188948547285, 200], [0.3514107640210045, 0.042298066397112685, 250], [0.41801629073920693, 0.039070464291684565, 300], [0.5101017773624916, 0.052574026527651405, 350], [0.49245178197503664, 0.061669562448272486, 400], [0.5817372953333303, 0.06420966307344311, 450], [0.6252667045777253, 0.1283102092677924, 500], [0.6076419226438255, 0.12179877738607427, 550], [0.6835363385968376, 0.09744365306194484, 600], [0.6564129163704917, 0.10419959372516518, 650], [0.6166902059552056, 0.09859126630246513, 700], [0.44399218907907106, 0.1062969726817259, 750], [0.4172388317113366, 0.10313549590913672, 768]], "ernie-m-base_pytorch": [[0.6513502750646649, 0.3758792404041882, 100], [0.6079736354528571, 0.3401321633369629, 150], [0.5787060563769665, 0.4500970757844984, 200], [0.680279899527789, 0.558547081950439, 250], [0.7410994438246852, 0.5252371590555666, 300], [0.8154647444955812, 0.5410397413889656, 350], [0.8492176373300377, 0.5929871660289631, 400], [0.8446089213690099, 0.631640010657684, 450], [0.8567795046047455, 0.5713986650663389, 500], [0.8833820812276469, 0.5906707228885287, 550], [0.8650225124723856, 0.5142212547541667, 600], [0.8835584298439406, 0.5156137690111049, 650], [0.8890819633265501, 0.5324155443320984, 700], [0.9047095544881156, 0.502125435146813, 750], [0.9112373558694579, 0.5096259147496583, 768]]}}