{"en-nl": {"bert-base-multilingual-uncased": [[0.09691989029852346, 0.05316339377600055, 100], [0.2177899141644254, 0.06760532664942705, 150], [0.3011184976317581, 0.09279320003971694, 200], [0.5240567922415446, 0.13789284978465033, 250], [0.6221560664147314, 0.16890859089719598, 300], [0.5762379675676091, 0.17383700684290848, 350], [0.6381212928829654, 0.19892423250682573, 400], [0.6202824059996976, 0.14413770848423518, 450], [0.6944157737026921, 0.1332570950759477, 500], [0.7500453030979116, 0.15926043153604785, 550], [0.7822644370596596, 0.16868345533351478, 600], [0.7791411732221893, 0.16101343132502027, 650], [0.7138961107807487, 0.16280650522655246, 700], [0.793731444804422, 0.1485337420911832, 750], [0.7928033234214888, 0.14530003929682986, 768]], "mt5-base": [[0.41952917263858974, 0.11058696444292622, 100], [0.5542498608269121, 0.16539856405604356, 150], [0.7191539512266153, 0.27001678864602735, 200], [0.780837521031592, 0.36320224437210913, 250], [0.712940851652744, 0.3238803578079225, 300], [0.7459613171861985, 0.3620101920788139, 350], [0.7740828507199615, 0.3877219198397021, 400], [0.8270620365155239, 0.4189619842651883, 450], [0.8500131817143242, 0.4312952856558264, 500], [0.842459998724763, 0.47071718302631577, 550], [0.8584677014041417, 0.49147298277656654, 600], [0.8632156530826846, 0.49533610748680457, 650], [0.8494929394608957, 0.5288030925613149, 700], [0.8703819042402535, 0.5303913244032638, 750], [0.8598434598427558, 0.5354204567206525, 768]], "xlm-roberta-base": [[0.30184045403330806, 0.04652330645531876, 100], [0.2589638538795545, 0.0501808372140722, 150], [0.31715066266158876, 0.028670782095654202, 200], [0.32273008547075493, 0.039124404509654744, 250], [0.485441482370779, 0.03708035018195564, 300], [0.4792681150677166, 0.04956925625611837, 350], [0.538999688115481, 0.0591357820847188, 400], [0.5156197486208406, 0.06175570073922542, 450], [0.6015831630067308, 0.11670071994736379, 500], [0.61626741520153, 0.11129871604659583, 550], [0.6053753121065709, 0.08831314197551188, 600], [0.6325403039158848, 0.09367661630484081, 650], [0.598140642471427, 0.09097196545191387, 700], [0.6597557398326946, 0.09854202407872563, 750], [0.7215458482938848, 0.09577182585962096, 768]], "ernie-m-base_pytorch": [[0.6278701168914773, 0.3494321825248768, 100], [0.5471004159129019, 0.3199316023506798, 150], [0.5522090755890633, 0.43258624863815576, 200], [0.7361240157660036, 0.5395114744190004, 250], [0.6662308886346522, 0.5019341984491433, 300], [0.7311220380318418, 0.5208452118137398, 350], [0.8286245097407512, 0.5736949762467967, 400], [0.8535124043723317, 0.6109156968271207, 450], [0.8232325099809576, 0.5449252050724661, 500], [0.8634157850397597, 0.563482949469423, 550], [0.8605530276658487, 0.48720110211096396, 600], [0.8711526678090717, 0.48687247301789816, 650], [0.8878735756844278, 0.5007824466796238, 700], [0.8548512679449177, 0.47057537415904455, 750], [0.8599235884893571, 0.478756735250617, 768]]}}