{"nl-fr": {"bert-base-multilingual-uncased": [[0.886850118637085, 0.020342612639069557, 100], [0.9339449405670166, 0.036096666008234024, 150], [0.9492354393005371, 0.049862343817949295, 200], [0.954740047454834, 0.05062710493803024, 250], [0.9535167813301086, 0.06286326050758362, 300], [0.9608562588691711, 0.08121749758720398, 350], [0.9626911282539368, 0.0744876116514206, 400], [0.9663608074188232, 0.10048945248126984, 450], [0.9681956768035889, 0.11563169956207275, 500], [0.9688073396682739, 0.10660752654075623, 550], [0.9651376008987427, 0.1185377836227417, 600], [0.9663608074188232, 0.1194554939866066, 650], [0.9688073396682739, 0.1407158225774765, 700], [0.9669724702835083, 0.1693178415298462, 750], [0.9669724702835083, 0.1647292822599411, 768]], "mt5-base": [[0.872782826423645, 0.25910064578056335, 100], [0.8990825414657593, 0.29825636744499207, 150], [0.918042778968811, 0.38222700357437134, 200], [0.9241589903831482, 0.37733253836631775, 250], [0.9192660450935364, 0.32471704483032227, 300], [0.9247705936431885, 0.36280208826065063, 350], [0.9302752017974854, 0.37457939982414246, 400], [0.9284403324127197, 0.3436830937862396, 450], [0.9345565438270569, 0.37549710273742676, 500], [0.932110071182251, 0.3875803053379059, 550], [0.9327216744422913, 0.42000612616539, 600], [0.9351681470870972, 0.46115022897720337, 650], [0.9345565438270569, 0.44325482845306396, 700], [0.9376146793365479, 0.4799633026123047, 750], [0.9363914132118225, 0.49097585678100586, 768]], "xlm-roberta-base": [[0.841590166091919, 0.03777913749217987, 100], [0.8960244655609131, 0.017742428928613663, 150], [0.9045871496200562, 0.017589477822184563, 200], [0.9241589903831482, 0.0230957493185997, 250], [0.9302752017974854, 0.027531355619430542, 300], [0.9425076246261597, 0.03900275379419327, 350], [0.9455657005310059, 0.03732028231024742, 400], [0.9522935748100281, 0.04297950491309166, 450], [0.9498470425605774, 0.0714285746216774, 500], [0.9443424940109253, 0.035637810826301575, 550], [0.9431192278862, 0.0468033067882061, 600], [0.943730890750885, 0.05552157014608383, 650], [0.9461773633956909, 0.054450903087854385, 700], [0.9296635985374451, 0.04603854566812515, 750], [0.9345565438270569, 0.045426737517118454, 768]], "ernie-m-base_pytorch": [[0.9235473871231079, 0.2753135561943054, 100], [0.940672755241394, 0.33236464858055115, 150], [0.9443424940109253, 0.29076170921325684, 200], [0.9535167813301086, 0.38039156794548035, 250], [0.9602445960044861, 0.4455491304397583, 300], [0.9669724702835083, 0.4957173764705658, 350], [0.9700305461883545, 0.5513918995857239, 400], [0.9706421494483948, 0.5983481407165527, 450], [0.9749235510826111, 0.6148669719696045, 500], [0.9755351543426514, 0.5524625778198242, 550], [0.9712538123130798, 0.5729581117630005, 600], [0.9706421494483948, 0.5833588242530823, 650], [0.9724770188331604, 0.6038544178009033, 700], [0.9724770188331604, 0.6163964867591858, 750], [0.9730886816978455, 0.6275619864463806, 768]]}}