{"nl-fr": {"bert-base-multilingual-uncased": [[0.897599995136261, 0.02279999852180481, 100], [0.9399999976158142, 0.04399999976158142, 150], [0.9527999758720398, 0.06419999897480011, 200], [0.9631999731063843, 0.0674000009894371, 250], [0.9631999731063843, 0.07639999687671661, 300], [0.9679999947547913, 0.0867999941110611, 350], [0.9703999757766724, 0.07880000025033951, 400], [0.9711999893188477, 0.10339999943971634, 450], [0.974399983882904, 0.12239999324083328, 500], [0.9759999513626099, 0.10779999941587448, 550], [0.9775999784469604, 0.12139999866485596, 600], [0.9735999703407288, 0.1241999939084053, 650], [0.9759999513626099, 0.14479999244213104, 700], [0.9767999649047852, 0.17399999499320984, 750], [0.9775999784469604, 0.17599999904632568, 768]], "mt5-base": [[0.864799976348877, 0.2800000011920929, 100], [0.9047999978065491, 0.31360000371932983, 150], [0.9159999489784241, 0.39659997820854187, 200], [0.9247999787330627, 0.38979998230934143, 250], [0.9287999868392944, 0.3335999846458435, 300], [0.9287999868392944, 0.37279999256134033, 350], [0.9335999488830566, 0.38040000200271606, 400], [0.9359999895095825, 0.35199999809265137, 450], [0.9383999705314636, 0.382999986410141, 500], [0.9431999921798706, 0.39719998836517334, 550], [0.9383999705314636, 0.4296000003814697, 600], [0.9368000030517578, 0.46859997510910034, 650], [0.9368000030517578, 0.4560000002384186, 700], [0.9407999515533447, 0.49539998173713684, 750], [0.94159996509552, 0.5037999749183655, 768]], "xlm-roberta-base": [[0.8423999547958374, 0.04179999977350235, 100], [0.8823999762535095, 0.020600000396370888, 150], [0.9023999571800232, 0.01899999938905239, 200], [0.9231999516487122, 0.023399999365210533, 250], [0.9335999488830566, 0.03219999745488167, 300], [0.9479999542236328, 0.042399998754262924, 350], [0.9535999894142151, 0.0414000004529953, 400], [0.9575999975204468, 0.04699999839067459, 450], [0.9544000029563904, 0.08020000159740448, 500], [0.9567999839782715, 0.039000000804662704, 550], [0.9615999460220337, 0.05379999801516533, 600], [0.9639999866485596, 0.06279999762773514, 650], [0.9648000001907349, 0.06159999966621399, 700], [0.9655999541282654, 0.050599999725818634, 750], [0.9655999541282654, 0.04919999837875366, 768]], "ernie-m-base_pytorch": [[0.9279999732971191, 0.28839999437332153, 100], [0.9431999921798706, 0.3515999913215637, 150], [0.9503999948501587, 0.3035999834537506, 200], [0.967199981212616, 0.3962000012397766, 250], [0.9695999622344971, 0.46619999408721924, 300], [0.974399983882904, 0.5163999795913696, 350], [0.9767999649047852, 0.5773999691009521, 400], [0.9815999865531921, 0.6193999648094177, 450], [0.9759999513626099, 0.6389999985694885, 500], [0.9783999919891357, 0.5766000151634216, 550], [0.9751999974250793, 0.5965999960899353, 600], [0.9759999513626099, 0.6074000000953674, 650], [0.9751999974250793, 0.6353999972343445, 700], [0.9775999784469604, 0.6434000134468079, 750], [0.9767999649047852, 0.6557999849319458, 768]]}}