{"nl-fr": {"bert-base-multilingual-uncased": [[0.8611620664596558, 0.020342612639069557, 100], [0.9082568883895874, 0.036096666008234024, 150], [0.9345566034317017, 0.049862343817949295, 200], [0.9418960213661194, 0.05062710493803024, 250], [0.9486238360404968, 0.06286326050758362, 300], [0.955351710319519, 0.08121749758720398, 350], [0.9590213894844055, 0.0744876116514206, 400], [0.9602446556091309, 0.10048944503068924, 450], [0.9608562588691711, 0.11563169211149216, 500], [0.9620795249938965, 0.10645457357168198, 550], [0.9608562588691711, 0.11838483065366745, 600], [0.9620795249938965, 0.1194554939866066, 650], [0.9620795249938965, 0.1407158225774765, 700], [0.9602446556091309, 0.1693178415298462, 750], [0.9626911282539368, 0.16488222777843475, 768]], "mt5-base": [[0.8464831709861755, 0.25910064578056335, 100], [0.8813455700874329, 0.2982563376426697, 150], [0.90152907371521, 0.38222697377204895, 200], [0.9113149642944336, 0.37733250856399536, 250], [0.9051987528800964, 0.32471704483032227, 300], [0.9125382304191589, 0.36280208826065063, 350], [0.9174311757087708, 0.37457937002182007, 400], [0.9168195724487305, 0.3436830937862396, 450], [0.9180428385734558, 0.37549710273742676, 500], [0.921100914478302, 0.3875803053379059, 550], [0.9174311757087708, 0.42000612616539, 600], [0.9180428385734558, 0.461150199174881, 650], [0.924159049987793, 0.4434077739715576, 700], [0.9266055226325989, 0.4799633026123047, 750], [0.9290519952774048, 0.49097582697868347, 768]], "xlm-roberta-base": [[0.8171253800392151, 0.03777913749217987, 100], [0.8458715677261353, 0.017742428928613663, 150], [0.8599388599395752, 0.017589477822184563, 200], [0.8954128623008728, 0.02309574745595455, 250], [0.9162079691886902, 0.027531355619430542, 300], [0.9272171258926392, 0.03900275379419327, 350], [0.9339449405670166, 0.03716732934117317, 400], [0.9418960213661194, 0.04313245788216591, 450], [0.9418960213661194, 0.0714285746216774, 500], [0.9425076246261597, 0.035637810826301575, 550], [0.9425076246261597, 0.0468033030629158, 600], [0.9467889666557312, 0.05552156642079353, 650], [0.9474006295204163, 0.054450903087854385, 700], [0.9486238360404968, 0.04603854566812515, 750], [0.9486238360404968, 0.045426737517118454, 768]], "ernie-m-base_pytorch": [[0.9051987528800964, 0.2753135561943054, 100], [0.9314984679222107, 0.33236464858055115, 150], [0.9376146793365479, 0.29076170921325684, 200], [0.9480122327804565, 0.38039156794548035, 250], [0.9590213894844055, 0.4455491006374359, 300], [0.963302731513977, 0.4957173466682434, 350], [0.9657492637634277, 0.5513918399810791, 400], [0.9712538123130798, 0.5983481407165527, 450], [0.9718654155731201, 0.6148669123649597, 500], [0.9681957364082336, 0.5524625182151794, 550], [0.9645259976387024, 0.5729581117630005, 600], [0.9675840735435486, 0.5835117697715759, 650], [0.9688073396682739, 0.6038544178009033, 700], [0.9700306057929993, 0.6162434816360474, 750], [0.9669724702835083, 0.6275619268417358, 768]]}}