{"nl-fr": {"bert-base-multilingual-uncased": [[0.2671999931335449, 0.02279999852180481, 100], [0.3799999952316284, 0.04399999976158142, 150], [0.438400000333786, 0.06419999897480011, 200], [0.5943999886512756, 0.0674000009894371, 250], [0.6351999640464783, 0.07639999687671661, 300], [0.7559999823570251, 0.0867999941110611, 350], [0.8119999766349792, 0.07880000025033951, 400], [0.741599977016449, 0.10339999943971634, 450], [0.7663999795913696, 0.12239999324083328, 500], [0.8503999710083008, 0.10779999941587448, 550], [0.8271999955177307, 0.12139999866485596, 600], [0.8743999600410461, 0.1241999939084053, 650], [0.8687999844551086, 0.14479999244213104, 700], [0.8575999736785889, 0.17399999499320984, 750], [0.8736000061035156, 0.17599999904632568, 768]], "mt5-base": [[0.5167999863624573, 0.2800000011920929, 100], [0.6279999613761902, 0.31360000371932983, 150], [0.715999960899353, 0.39659997820854187, 200], [0.7791999578475952, 0.38979998230934143, 250], [0.7719999551773071, 0.3335999846458435, 300], [0.7559999823570251, 0.37279999256134033, 350], [0.8279999494552612, 0.38040000200271606, 400], [0.8592000007629395, 0.35199999809265137, 450], [0.8703999519348145, 0.382999986410141, 500], [0.876800000667572, 0.39719998836517334, 550], [0.8615999817848206, 0.4296000003814697, 600], [0.8312000036239624, 0.46859997510910034, 650], [0.8967999815940857, 0.4560000002384186, 700], [0.9016000032424927, 0.49539998173713684, 750], [0.8959999680519104, 0.5037999749183655, 768]], "xlm-roberta-base": [[0.02879999950528145, 0.04179999977350235, 100], [0.09919999539852142, 0.020600000396370888, 150], [0.14319999516010284, 0.01899999938905239, 200], [0.14159999787807465, 0.023399999365210533, 250], [0.25839999318122864, 0.03219999745488167, 300], [0.3296000063419342, 0.042399998754262924, 350], [0.48399999737739563, 0.0414000004529953, 400], [0.5464000105857849, 0.04699999839067459, 450], [0.5895999670028687, 0.08020000159740448, 500], [0.5392000079154968, 0.039000000804662704, 550], [0.3799999952316284, 0.05379999801516533, 600], [0.30239999294281006, 0.06279999762773514, 650], [0.459199994802475, 0.06159999966621399, 700], [0.20399999618530273, 0.050599999725818634, 750], [0.515999972820282, 0.04919999837875366, 768]], "ernie-m-base_pytorch": [[0.5687999725341797, 0.28839999437332153, 100], [0.6327999830245972, 0.3515999913215637, 150], [0.7471999526023865, 0.3035999834537506, 200], [0.774399995803833, 0.3962000012397766, 250], [0.7999999523162842, 0.46619999408721924, 300], [0.8240000009536743, 0.5163999795913696, 350], [0.8423999547958374, 0.5773999691009521, 400], [0.8255999684333801, 0.6193999648094177, 450], [0.8463999629020691, 0.6389999985694885, 500], [0.7671999931335449, 0.5766000151634216, 550], [0.7015999555587769, 0.5965999960899353, 600], [0.7215999960899353, 0.6074000000953674, 650], [0.7487999796867371, 0.6353999972343445, 700], [0.7303999662399292, 0.6434000134468079, 750], [0.753600001335144, 0.6557999849319458, 768]]}}