{"nl-fr": {"bert-base-multilingual-uncased": [[0.21284404397010803, 0.020342612639069557, 100], [0.37492355704307556, 0.036096666008234024, 150], [0.3620795011520386, 0.049862343817949295, 200], [0.5235474109649658, 0.05062710493803024, 250], [0.6428134441375732, 0.06286326050758362, 300], [0.6256880760192871, 0.08121749758720398, 350], [0.7547400593757629, 0.0744876116514206, 400], [0.7351682186126709, 0.10048944503068924, 450], [0.77492356300354, 0.11563169211149216, 500], [0.7957186698913574, 0.10645457357168198, 550], [0.8018348813056946, 0.11838483065366745, 600], [0.7908256649971008, 0.1194554939866066, 650], [0.8269113302230835, 0.1407158225774765, 700], [0.8568807244300842, 0.1693178415298462, 750], [0.8391437530517578, 0.16488222777843475, 768]], "mt5-base": [[0.43608564138412476, 0.25910064578056335, 100], [0.5590214133262634, 0.2982563376426697, 150], [0.7094801068305969, 0.38222697377204895, 200], [0.721100926399231, 0.37733250856399536, 250], [0.7290520071983337, 0.32471704483032227, 300], [0.6721712350845337, 0.36280208826065063, 350], [0.7559633255004883, 0.37457937002182007, 400], [0.800000011920929, 0.3436830937862396, 450], [0.819571852684021, 0.37549710273742676, 500], [0.8483180403709412, 0.3875803053379059, 550], [0.8299694061279297, 0.42000612616539, 600], [0.8232415914535522, 0.461150199174881, 650], [0.8366972208023071, 0.4434077739715576, 700], [0.8550458550453186, 0.4799633026123047, 750], [0.8740060925483704, 0.49097582697868347, 768]], "xlm-roberta-base": [[0.04036697372794151, 0.03777913749217987, 100], [0.06483180075883865, 0.017742428928613663, 150], [0.1070336401462555, 0.017589477822184563, 200], [0.14617736637592316, 0.02309574745595455, 250], [0.2293577939271927, 0.027531355619430542, 300], [0.35229358077049255, 0.03900275379419327, 350], [0.40856269001960754, 0.03716732934117317, 400], [0.39449542760849, 0.04313245788216591, 450], [0.6036697030067444, 0.0714285746216774, 500], [0.6134556531906128, 0.035637810826301575, 550], [0.3125382363796234, 0.0468033030629158, 600], [0.3608562648296356, 0.05552156642079353, 650], [0.44648319482803345, 0.054450903087854385, 700], [0.529663622379303, 0.04603854566812515, 750], [0.41590213775634766, 0.045426737517118454, 768]], "ernie-m-base_pytorch": [[0.540672779083252, 0.2753135561943054, 100], [0.5027523040771484, 0.33236464858055115, 150], [0.6177369952201843, 0.29076170921325684, 200], [0.7455657720565796, 0.38039156794548035, 250], [0.7840978503227234, 0.4455491006374359, 300], [0.7993884086608887, 0.4957173466682434, 350], [0.8256880640983582, 0.5513918399810791, 400], [0.8318042755126953, 0.5983481407165527, 450], [0.7951070070266724, 0.6148669123649597, 500], [0.7314984798431396, 0.5524625182151794, 550], [0.7724770903587341, 0.5729581117630005, 600], [0.7382262945175171, 0.5835117697715759, 650], [0.7767584323883057, 0.6038544178009033, 700], [0.7516819834709167, 0.6162434816360474, 750], [0.7767584323883057, 0.6275619268417358, 768]]}}