{"ro-de": {"bert-base-multilingual-uncased": [[0.8878807182286382, 0.048824845658508746, 100], [0.9277942208650105, 0.062216753361523436, 150], [0.9472736636098562, 0.0600145040611938, 200], [0.9563905069960296, 0.06037075139109389, 250], [0.957550314907588, 0.07658433243763733, 300], [0.9589109809656892, 0.10043423532648107, 350], [0.9594544522631763, 0.12406132542081465, 400], [0.9627580393041815, 0.11608998930354157, 450], [0.962080067541693, 0.13789143682304789, 500], [0.9625682440691213, 0.15030907387958659, 550], [0.9615467434648216, 0.1736093503072383, 600], [0.961071530501968, 0.18285481068038884, 650], [0.9635449275864516, 0.16766285240194284, 700], [0.9648526343644265, 0.17212573062339365, 750], [0.9639336546173826, 0.164702591811849, 768]], "mt5-base": [[0.8613375350485498, 0.1602740316935134, 100], [0.9027493169634571, 0.18729440425411747, 150], [0.9190434246933898, 0.19609367152027551, 200], [0.927994358331566, 0.24452697397749157, 250], [0.9261176263662848, 0.3044069903468629, 300], [0.9292701422871834, 0.3272406987109614, 350], [0.9320143564051859, 0.3664309445214124, 400], [0.9322407887540044, 0.39166130999034804, 450], [0.9351205600769474, 0.4011702818476406, 500], [0.936447556288991, 0.4200590492564757, 550], [0.9376141826687395, 0.3998082439879919, 600], [0.9401064897110866, 0.4547502758061783, 650], [0.9382598554534671, 0.4761707939385853, 700], [0.940839462409569, 0.48269076402479055, 750], [0.9384073865389282, 0.49007961131097144, 768]], "xlm-roberta-base": [[0.8110955828531716, 0.0279234910484008, 100], [0.8507278820488419, 0.00695244305480907, 150], [0.8499597946694577, 0.013458727427226255, 200], [0.8842863352915988, 0.017900199678346673, 250], [0.8746254252503572, 0.03472056822478441, 300], [0.8905135736229673, 0.03541161551834039, 350], [0.9073551330121623, 0.03770523846499347, 400], [0.9173761765211371, 0.04703297738664808, 450], [0.9164654555423125, 0.08967394869793117, 500], [0.9211249959352653, 0.06848398338670929, 550], [0.9130224012561149, 0.06740197144075867, 600], [0.9189449330582109, 0.06925195563515407, 650], [0.9209390702356826, 0.06966043990830262, 700], [0.9046272366884824, 0.023344509932197662, 750], [0.9015823407265555, 0.023994924691778108, 768]], "ernie-m-base_pytorch": [[0.866532615023844, 0.12045172256581725, 100], [0.8853105974885115, 0.12364828493087471, 150], [0.8758182418393887, 0.138509874006866, 200], [0.9030148452099998, 0.18712919548395698, 250], [0.9002242763925549, 0.1226903289492299, 300], [0.909867542753379, 0.1667084114428137, 350], [0.9205409398413748, 0.19742072939264674, 400], [0.9302004258456834, 0.22976875035441496, 450], [0.9288096104313571, 0.16827327974238138, 500], [0.9287569020067179, 0.1472160573478503, 550], [0.9317698467042027, 0.07215886098469353, 600], [0.9407710675644382, 0.08315409657406432, 650], [0.9418724320569964, 0.08918024513639863, 700], [0.9435257655624153, 0.0773568224573503, 750], [0.9445899390683306, 0.07709839472744762, 768]]}}