{"ro-de": {"bert-base-multilingual-uncased": [[0.8937184738770576, 0.053933066666779654, 100], [0.9406037014337164, 0.06812338885843244, 150], [0.9514518492217896, 0.0595449788144921, 200], [0.9608100771572851, 0.058714127752302725, 250], [0.9579589566622745, 0.0762490438497661, 300], [0.9633264204957892, 0.10836343587943224, 350], [0.9625736914954961, 0.13233053190162206, 400], [0.9654659218310926, 0.1314329998568553, 450], [0.9670480259899347, 0.15170160210999115, 500], [0.9690331613201697, 0.16027596682434564, 550], [0.9669218801227196, 0.17936101328940643, 600], [0.9674578870231842, 0.18810127863042034, 650], [0.9713000440775933, 0.17070773380737733, 700], [0.9705738843107076, 0.17607648158847453, 750], [0.9682522468124262, 0.16802586493595598, 768]], "mt5-base": [[0.8784739121596875, 0.17436452898525318, 100], [0.9162608062329367, 0.20338092324247542, 150], [0.9285965266412102, 0.21278992807634967, 200], [0.939016790995772, 0.2598870585327626, 250], [0.9355738408170596, 0.31945362022046647, 300], [0.9379091333012372, 0.33827234460365113, 350], [0.9452929186142456, 0.3807964900541079, 400], [0.941902204932791, 0.4081603557136139, 450], [0.9466456903198117, 0.41773643699404683, 500], [0.9456765851727776, 0.4377431073061753, 550], [0.9456849710131308, 0.41590891002894376, 600], [0.9494835034677799, 0.47295548701160006, 650], [0.9487000940792488, 0.49433182710328083, 700], [0.9491245516518165, 0.4998796321438, 750], [0.9509396701002882, 0.507527227573326, 768]], "xlm-roberta-base": [[0.8400592464587029, 0.033480821586359844, 100], [0.876919442858185, 0.007308674778138602, 150], [0.8801726714650553, 0.014525218581172132, 200], [0.9082341691884267, 0.018981454148844373, 250], [0.9069150347852823, 0.04003044946042467, 300], [0.9240132399260134, 0.04135259655389085, 350], [0.9304560356325244, 0.043971834130928505, 400], [0.9353819474910441, 0.05597703928845898, 450], [0.9370653809715419, 0.1014520348808119, 500], [0.9390467711837657, 0.07922576620311067, 550], [0.932188268111445, 0.07434902647398214, 600], [0.9368958282130551, 0.07548353259912717, 650], [0.9366706463108597, 0.07625128987554552, 700], [0.9338945043728211, 0.024795221817773067, 750], [0.9326626110305222, 0.02554503943431266, 768]], "ernie-m-base_pytorch": [[0.8923663872238834, 0.13102928295886884, 100], [0.900794417297632, 0.1297897893677537, 150], [0.8989857390300889, 0.14695720053027433, 200], [0.9223476908443313, 0.197807668079888, 250], [0.9196521677867598, 0.13273475511248858, 300], [0.9336651190982178, 0.18875378643047389, 350], [0.9425063102520127, 0.22793465794657505, 400], [0.9415698600794449, 0.2625346746246825, 450], [0.940511529030065, 0.18444342161452706, 500], [0.9407491778706811, 0.16736014613300032, 550], [0.9434645821818549, 0.09174228321044942, 600], [0.9498611248473071, 0.09803063250060035, 650], [0.9509596045528801, 0.10509369992598806, 700], [0.9491508482479161, 0.09043358396765995, 750], [0.9504049543340505, 0.09019543513241784, 768]]}}