{"ro-de": {"bert-base-multilingual-uncased": [[0.8615165694035829, 0.048824840511024016, 100], [0.914748919282863, 0.06221675529609161, 150], [0.9381488303570167, 0.06001460190119929, 200], [0.9493091722655085, 0.06037076175222087, 250], [0.9560093851316976, 0.0765844486902703, 300], [0.956980197584498, 0.10043467641621676, 350], [0.9572955224340843, 0.12406998814942247, 400], [0.960229409780616, 0.11608998919199583, 450], [0.9579335621803295, 0.1378914387347359, 500], [0.9592644228463965, 0.1503087527208029, 550], [0.9610717381208335, 0.1736093199354733, 600], [0.961834931481844, 0.18285477540918302, 650], [0.9626256680748426, 0.16766333243690343, 700], [0.963851697255804, 0.17212571596432366, 750], [0.964408437912068, 0.16469966588108764, 768]], "mt5-base": [[0.8088575862979996, 0.16027411638550423, 100], [0.8587451147862382, 0.18729440898018143, 150], [0.8741851795252296, 0.19609360340552387, 200], [0.8897384450468231, 0.2445272241027331, 250], [0.8886844905587356, 0.304483640086967, 300], [0.9013981531774825, 0.327241706879235, 350], [0.9071127044319223, 0.3664506699597503, 400], [0.904422665621517, 0.3916611425311541, 450], [0.9009277173426881, 0.401166325025863, 500], [0.9050240460919166, 0.41998309094038777, 550], [0.9131708179479824, 0.3998082337555851, 600], [0.9175560398186157, 0.45474980486010524, 650], [0.9196189001578658, 0.47617150850751755, 700], [0.9234956085343865, 0.48269133158983113, 750], [0.9253384107160523, 0.4900799402401094, 768]], "xlm-roberta-base": [[0.7775285404091081, 0.02792349062455273, 100], [0.8079654893443425, 0.006952442727512493, 150], [0.8349769519145035, 0.013458741741052318, 200], [0.8747535362057597, 0.017900237684976634, 250], [0.8850205660417446, 0.03472057041674222, 300], [0.897225959262633, 0.035416497399624484, 350], [0.9111066761743407, 0.03770497121223113, 400], [0.9206351782914338, 0.04703300578025229, 450], [0.9170812688523952, 0.08967444631494942, 500], [0.9217212040068206, 0.06848143876757609, 550], [0.9240364102590638, 0.06741396014180402, 600], [0.9308730127848361, 0.0692521348551421, 650], [0.931934075255123, 0.06964753104170046, 700], [0.9365141983846318, 0.023345453460790633, 750], [0.9356381051113408, 0.023992958232406617, 768]], "ernie-m-base_pytorch": [[0.8468989896741729, 0.12044755499852453, 100], [0.8804363785482165, 0.12364827262774374, 150], [0.8923885199182388, 0.13851029533034917, 200], [0.9120482192566848, 0.18713042541309527, 250], [0.9203014487253093, 0.12269041363340136, 300], [0.931483980543066, 0.16670430711400078, 350], [0.9284352852835644, 0.1974196335447328, 400], [0.934608427149286, 0.22984525034311826, 450], [0.9312618671784768, 0.16827329222213222, 500], [0.9379421240532457, 0.14721668646179406, 550], [0.9382172112931373, 0.07215908995563511, 600], [0.9417892863828342, 0.08315412411389593, 650], [0.9437116626145341, 0.08917860615710965, 700], [0.943929686577576, 0.07735606170459686, 750], [0.9443384227688765, 0.07709810393484405, 768]]}}