{"ro-de": {"bert-base-multilingual-uncased": [[0.8765804084727681, 0.053933066666779654, 100], [0.9229855800408555, 0.06812338885843244, 150], [0.941575734022562, 0.0595449788144921, 200], [0.9541077269844589, 0.058714127752302725, 250], [0.9578652342558093, 0.0762490438497661, 300], [0.9603543409445745, 0.10836343587943224, 350], [0.9670639198654999, 0.13233053190162206, 400], [0.9625528915260154, 0.1314329998568553, 450], [0.9643244217858857, 0.15170160210999115, 500], [0.9691220551506194, 0.16027596682434564, 550], [0.9687174414066265, 0.17936101328940643, 600], [0.9707871815762528, 0.18810127863042034, 650], [0.9711483240241019, 0.17070773380737733, 700], [0.9723395300267225, 0.17607648158847453, 750], [0.9719206877349725, 0.16802586493595598, 768]], "mt5-base": [[0.8181731144845167, 0.17436452898525318, 100], [0.8661772290039109, 0.20338092324247542, 150], [0.8925306510653734, 0.21278992807634967, 200], [0.9069823394807458, 0.2598870585327626, 250], [0.8992961193750103, 0.31945362022046647, 300], [0.9119503257248389, 0.33827234460365113, 350], [0.9162269217892426, 0.3807964900541079, 400], [0.9037139903997374, 0.4081603557136139, 450], [0.910523396657778, 0.41773643699404683, 500], [0.9157760907549646, 0.4377431073061753, 550], [0.9179833359219379, 0.41590891002894376, 600], [0.9232265903812278, 0.47295548701160006, 650], [0.922425888949063, 0.49433182710328083, 700], [0.9275271853272874, 0.4998796321438, 750], [0.9303423723763324, 0.507527227573326, 768]], "xlm-roberta-base": [[0.8066265777591833, 0.033480821586359844, 100], [0.8255622104929308, 0.007308674778138602, 150], [0.8636830303966666, 0.014525218581172132, 200], [0.8963997381809217, 0.018981454148844373, 250], [0.9023852991750518, 0.04003044946042467, 300], [0.9188103147186854, 0.04135259655389085, 350], [0.9300486193289574, 0.043971834130928505, 400], [0.9351573649083781, 0.05597703928845898, 450], [0.9279866430679223, 0.1014520348808119, 500], [0.9336426374897732, 0.07922576620311067, 550], [0.9343095651825064, 0.07434902647398214, 600], [0.9378604984079019, 0.07548353259912717, 650], [0.9431682407224451, 0.07625128987554552, 700], [0.9444904406410879, 0.024795221817773067, 750], [0.9451118617966816, 0.02554503943431266, 768]], "ernie-m-base_pytorch": [[0.8731179660759297, 0.13102928295886884, 100], [0.8983616749614359, 0.1297897893677537, 150], [0.907506588863604, 0.14695720053027433, 200], [0.9224813289184145, 0.197807668079888, 250], [0.9292162233488603, 0.13273475511248858, 300], [0.9373316555335579, 0.18875378643047389, 350], [0.9369403203110261, 0.22793465794657505, 400], [0.9439137575608795, 0.2625346746246825, 450], [0.943728443633929, 0.18444342161452706, 500], [0.9470041223369188, 0.16736014613300032, 550], [0.9462525392683286, 0.09174228321044942, 600], [0.9511192952742942, 0.09803063250060035, 650], [0.9521983004265928, 0.10509369992598806, 700], [0.9531225006775849, 0.09043358396765995, 750], [0.9530333624283803, 0.09019543513241784, 768]]}}