{"ro-de": {"bert-base-multilingual-uncased": [[0.2922326365684527, 0.048824840511024016, 100], [0.4318256464621533, 0.06221675529609161, 150], [0.5597611963898906, 0.06001460190119929, 200], [0.5401151110719116, 0.06037076175222087, 250], [0.6717848064354968, 0.0765844486902703, 300], [0.7694456130600028, 0.10043467641621676, 350], [0.6859729640837015, 0.12406998814942247, 400], [0.6413611908963152, 0.11608998919199583, 450], [0.6416340253177177, 0.1378914387347359, 500], [0.7044060612866282, 0.1503087527208029, 550], [0.79635948791103, 0.1736093199354733, 600], [0.7935090994205025, 0.18285477540918302, 650], [0.7825386843590767, 0.16766333243690343, 700], [0.7652081855674548, 0.17212571596432366, 750], [0.775536968111081, 0.16469966588108764, 768]], "mt5-base": [[0.24440161976851554, 0.16027411638550423, 100], [0.33156849004033806, 0.18729440898018143, 150], [0.56480151008435, 0.19609360340552387, 200], [0.6363860851917837, 0.2445272241027331, 250], [0.6432136596458388, 0.304483640086967, 300], [0.7024469771176652, 0.327241706879235, 350], [0.8016576375872625, 0.3664506699597503, 400], [0.7642967298819385, 0.3916611425311541, 450], [0.7535950422839287, 0.401166325025863, 500], [0.7686927184776023, 0.41998309094038777, 550], [0.7645371526717182, 0.3998082337555851, 600], [0.7818026922328465, 0.45474980486010524, 650], [0.786021613098954, 0.47617150850751755, 700], [0.7887236144996597, 0.48269133158983113, 750], [0.7232311373875223, 0.4900799402401094, 768]], "xlm-roberta-base": [[0.14338937562608184, 0.02792349062455273, 100], [0.13179711897275884, 0.006952442727512493, 150], [0.03930063000669788, 0.013458741741052318, 200], [0.0699128266831334, 0.017900237684976634, 250], [0.13649264041182013, 0.03472057041674222, 300], [0.1533552829937465, 0.035416497399624484, 350], [0.11732293269692287, 0.03770497121223113, 400], [0.1421576862984513, 0.04703300578025229, 450], [0.17316175662701586, 0.08967444631494942, 500], [0.19430804558398154, 0.06848143876757609, 550], [0.14773670550518703, 0.06741396014180402, 600], [0.44821475843971464, 0.0692521348551421, 650], [0.48380242052955796, 0.06964753104170046, 700], [0.30037627075331613, 0.023345453460790633, 750], [0.1901996868174592, 0.023992958232406617, 768]], "ernie-m-base_pytorch": [[0.09854019528343974, 0.12044755499852453, 100], [0.08794644597588631, 0.12364827262774374, 150], [0.06045471701159268, 0.13851029533034917, 200], [0.08998178472211546, 0.18713042541309527, 250], [0.12639541304230123, 0.12269041363340136, 300], [0.13290874547785783, 0.16670430711400078, 350], [0.20470749855535014, 0.1974196335447328, 400], [0.206617165301779, 0.22984525034311826, 450], [0.2447267421631495, 0.16827329222213222, 500], [0.264637261338554, 0.14721668646179406, 550], [0.21376820852233677, 0.07215908995563511, 600], [0.27815608778511103, 0.08315412411389593, 650], [0.326990109191954, 0.08917860615710965, 700], [0.32813840024302465, 0.07735606170459686, 750], [0.3436648344876861, 0.07709810393484405, 768]]}}