{"ro-de": {"bert-base-multilingual-uncased": [[0.2716197339935129, 0.053933066666779654, 100], [0.44784828073441685, 0.06812338885843244, 150], [0.5944253317840217, 0.0595449788144921, 200], [0.528181560097346, 0.058714127752302725, 250], [0.6221985373393303, 0.0762490438497661, 300], [0.7286468057830483, 0.10836343587943224, 350], [0.6123858359825084, 0.13233053190162206, 400], [0.6239524749137747, 0.1314329998568553, 450], [0.6584745293246388, 0.15170160210999115, 500], [0.7074583421405385, 0.16027596682434564, 550], [0.73004424683998, 0.17936101328940643, 600], [0.7129590081155415, 0.18810127863042034, 650], [0.690822835022225, 0.17070773380737733, 700], [0.7956649207316283, 0.17607648158847453, 750], [0.7982081519052528, 0.16802586493595598, 768]], "mt5-base": [[0.22235951751969737, 0.17436452898525318, 100], [0.3781565107646814, 0.20338092324247542, 150], [0.5477128405822044, 0.21278992807634967, 200], [0.678342660810365, 0.2598870585327626, 250], [0.6599676510786218, 0.31945362022046647, 300], [0.719841032496075, 0.33827234460365113, 350], [0.8099938223935125, 0.3807964900541079, 400], [0.7895688993194884, 0.4081603557136139, 450], [0.824407280143595, 0.41773643699404683, 500], [0.8316854926468273, 0.4377431073061753, 550], [0.8060697885049495, 0.41590891002894376, 600], [0.8233000035814082, 0.47295548701160006, 650], [0.8043373864373113, 0.49433182710328083, 700], [0.8274216600750802, 0.4998796321438, 750], [0.8391100896569209, 0.507527227573326, 768]], "xlm-roberta-base": [[0.15955866908571037, 0.033480821586359844, 100], [0.14243128583353418, 0.007308674778138602, 150], [0.04976529720742545, 0.014525218581172132, 200], [0.12228830556910734, 0.018981454148844373, 250], [0.19269827551070395, 0.04003044946042467, 300], [0.23333016422639444, 0.04135259655389085, 350], [0.1593291254274768, 0.043971834130928505, 400], [0.35428599346140266, 0.05597703928845898, 450], [0.34354843404708807, 0.1014520348808119, 500], [0.49713664644732064, 0.07922576620311067, 550], [0.30263058464578957, 0.07434902647398214, 600], [0.3816499379708993, 0.07548353259912717, 650], [0.4163681693498607, 0.07625128987554552, 700], [0.35255903348865625, 0.024795221817773067, 750], [0.09115369350904708, 0.02554503943431266, 768]], "ernie-m-base_pytorch": [[0.10660939877156338, 0.13102928295886884, 100], [0.09223179612405437, 0.1297897893677537, 150], [0.06780152173982291, 0.14695720053027433, 200], [0.09089858897496705, 0.197807668079888, 250], [0.12792682296393962, 0.13273475511248858, 300], [0.16388838095390265, 0.18875378643047389, 350], [0.23174573811476276, 0.22793465794657505, 400], [0.29314330401476807, 0.2625346746246825, 450], [0.28712454100482654, 0.18444342161452706, 500], [0.2944750672818759, 0.16736014613300032, 550], [0.25647843490737027, 0.09174228321044942, 600], [0.29231580057695905, 0.09803063250060035, 650], [0.3370274184344134, 0.10509369992598806, 700], [0.2709269663243638, 0.09043358396765995, 750], [0.34006230371293766, 0.09019543513241784, 768]]}}