{"nl-ro": {"bert-base-multilingual-uncased": [[0.816339436713208, 0.013580313441064017, 100], [0.8791743159425144, 0.021030360394170274, 150], [0.9077174498114828, 0.021990389725347895, 200], [0.9179522270902415, 0.021305772227963867, 250], [0.9279603866444601, 0.02086018084879157, 300], [0.9314602128675501, 0.01825435557484994, 350], [0.9353049134700816, 0.01734780198067283, 400], [0.9383236298980581, 0.019923852625106486, 450], [0.9396734096171817, 0.023985724474140515, 500], [0.939644055070498, 0.0250207041902542, 550], [0.9412832630612271, 0.02609062739522748, 600], [0.9439144682893525, 0.025881837765770636, 650], [0.9432382911119614, 0.03029173720868315, 700], [0.9460528462790782, 0.0303150460178356, 750], [0.9458432540003746, 0.031169404027471485, 768]], "mt5-base": [[0.7833231079847556, 0.08107569939838596, 100], [0.846438004533394, 0.11965588559408834, 150], [0.8745083468555588, 0.15645016906821335, 200], [0.8893210833710616, 0.166217069493944, 250], [0.8922275385579771, 0.15062552709403912, 300], [0.9004203156157621, 0.15900416697700742, 350], [0.9080474294549236, 0.17623751667267745, 400], [0.9026795526418222, 0.15319532512614628, 450], [0.9065381223852612, 0.1598405689489401, 500], [0.9113776855099355, 0.16946562551292535, 550], [0.9124106591406312, 0.1735220850998914, 600], [0.911771427945527, 0.18892748597969142, 650], [0.9139321203821692, 0.19176013959422164, 700], [0.9119724986878738, 0.20748655205827954, 750], [0.9123145964636912, 0.21566621769163866, 768]], "xlm-roberta-base": [[0.7327648278107972, 0.013518536569358612, 100], [0.8128703728116832, 0.007595260238111548, 150], [0.8273459595809342, 0.006116137735528734, 200], [0.8580693422292571, 0.007362477011709673, 250], [0.863552094730028, 0.010006064212876867, 300], [0.8817883040389336, 0.01045699112803195, 350], [0.8913497385625498, 0.01160784619744149, 400], [0.902059389256429, 0.012731459008640917, 450], [0.8974047223829487, 0.019479136978608595, 500], [0.8973107939484919, 0.0132727034189713, 550], [0.8888098802093067, 0.015713611953605055, 600], [0.8935660463996103, 0.015744144144652156, 650], [0.8934753095352977, 0.017387686923054108, 700], [0.8572519106904839, 0.020300677528661326, 750], [0.8577372989702884, 0.020062215776398922, 768]], "ernie-m-base_pytorch": [[0.825383934144079, 0.0350822022935506, 100], [0.8666330466270645, 0.025094752245758772, 150], [0.8795390775440198, 0.018691813435647294, 200], [0.8967435078007907, 0.020211515885257148, 250], [0.9047153496614609, 0.032755963009395574, 300], [0.9122677763972139, 0.03907838265581565, 350], [0.9244184364033605, 0.04876367845693938, 400], [0.9286140655819918, 0.05225047465436036, 450], [0.9231199959322864, 0.04252113722666966, 500], [0.928691910284538, 0.03639770847483121, 550], [0.9248988696557416, 0.032242186521652325, 600], [0.9281624256965284, 0.03227856924915708, 650], [0.9300526201327133, 0.036219954390174156, 700], [0.9275491623841036, 0.034248939358092506, 750], [0.9291327959109698, 0.033588957101687716, 768]]}}