{"nl-ro": {"bert-base-multilingual-uncased": [[0.8394625213008144, 0.014256792942162849, 100], [0.9028493039076426, 0.02123582669591401, 150], [0.9307732191951059, 0.02371391419470197, 200], [0.9452368609151328, 0.022733912140101207, 250], [0.9556988896120465, 0.022223460310030765, 300], [0.9579859286725984, 0.0202306058516165, 350], [0.9625468219156197, 0.019595213201411013, 400], [0.9596369376399876, 0.02160417724063802, 450], [0.9628785538609346, 0.026905765621037466, 500], [0.9636006310517918, 0.027508559543167173, 550], [0.9635506582862666, 0.029476331690945178, 600], [0.9624940207628185, 0.028430831863346044, 650], [0.9650388632324004, 0.032571476232805874, 700], [0.9645331019933312, 0.03284317450343391, 750], [0.9636777906330223, 0.033625297985754435, 768]], "mt5-base": [[0.8112280414233634, 0.09555412296085822, 100], [0.8622641689361451, 0.14126925148616, 150], [0.9007315894279567, 0.17605645091878602, 200], [0.9170747039243022, 0.1796908261542253, 250], [0.9181936287581893, 0.15946820360486424, 300], [0.9186215984569892, 0.16815889559201683, 350], [0.9232200468155833, 0.190193926460051, 400], [0.9224766834179298, 0.1642381247900316, 450], [0.9240244282594, 0.17091696290645247, 500], [0.9301837628626175, 0.1808311913020615, 550], [0.929248385439937, 0.18707113842876943, 600], [0.9309000208728888, 0.20336624033207934, 650], [0.9322718156340943, 0.20589859953787085, 700], [0.9323327456449714, 0.22221382052421623, 750], [0.9318995707923649, 0.23157918605602848, 768]], "xlm-roberta-base": [[0.7623234987746845, 0.015453519425155141, 100], [0.8523406977499948, 0.009104196100307325, 150], [0.8585987018010124, 0.007227099356461324, 200], [0.8823113475299253, 0.007814899858732693, 250], [0.8865709667937095, 0.010307517534768836, 300], [0.9061537712662601, 0.010807546057454718, 350], [0.9124201869881574, 0.012246529789340073, 400], [0.9196155217395156, 0.013414855624710245, 450], [0.915661282684748, 0.02201815779408997, 500], [0.9169283817321074, 0.015177723862365693, 550], [0.9133225853345366, 0.01817311502061836, 600], [0.9188770960168701, 0.017738416079419592, 650], [0.924881233050152, 0.0198070031283964, 700], [0.8979203431047194, 0.023311240914963297, 750], [0.8992652708046278, 0.023370407298632195, 768]], "ernie-m-base_pytorch": [[0.8543548644320328, 0.03722917170673946, 100], [0.8961772095899667, 0.034321424620219844, 150], [0.9077221857018313, 0.023089631966826125, 200], [0.9247790723867103, 0.0254247773266758, 250], [0.9270583276457812, 0.03505214349675131, 300], [0.9372355454669181, 0.041152032460116554, 350], [0.9404230965995007, 0.05030571115466618, 400], [0.9429006791778755, 0.05391968818454126, 450], [0.9478681078580256, 0.04467686788307957, 500], [0.9521210188463554, 0.037355253148756005, 550], [0.9449844747233875, 0.03310446024448892, 600], [0.9491631208092384, 0.03348835824759506, 650], [0.9479466300660783, 0.03752286743799749, 700], [0.9514679686164165, 0.03594942532663102, 750], [0.9519456326367688, 0.0346493282256194, 768]]}}