{"nl-ro": {"bert-base-multilingual-uncased": [[0.7854787215434211, 0.013580271456629628, 100], [0.8562727510785306, 0.021030358071403132, 150], [0.8883465515788866, 0.02199040444547883, 200], [0.9033757428089968, 0.021305761816776576, 250], [0.9148835745911551, 0.02086018410344618, 300], [0.9230828515259079, 0.01825424411594645, 350], [0.9250978874857329, 0.017347925806310872, 400], [0.9241872253530194, 0.019923850011894062, 450], [0.9216270586934341, 0.023985753527947403, 500], [0.9268925642961995, 0.025020619866130543, 550], [0.9297711196076227, 0.0260908798095507, 600], [0.9321731668602862, 0.025881916203735335, 650], [0.9332657536561778, 0.03029205841773048, 700], [0.9341111256897136, 0.030314956469809615, 750], [0.9341705328712631, 0.031169463490436547, 768]], "mt5-base": [[0.7734375064770878, 0.0810756968254444, 100], [0.8269917126070251, 0.11965585772710445, 150], [0.8609539798137796, 0.15645030608606034, 200], [0.8782919455815825, 0.16621827063648234, 250], [0.8703028192226907, 0.1506207815385097, 300], [0.8831032131850168, 0.1589990518009978, 350], [0.887163286092503, 0.1762353438008842, 400], [0.8823328874490953, 0.15319531107812914, 450], [0.8817150920598723, 0.15984068288043518, 500], [0.8884812475171463, 0.1694664429497878, 550], [0.8899436323432388, 0.1735221505437571, 600], [0.8923545406793884, 0.18892690873909743, 650], [0.8947487411749587, 0.19176037479946828, 700], [0.8988483472618105, 0.2074913789537602, 750], [0.8992131375458366, 0.2156634244261803, 768]], "xlm-roberta-base": [[0.7012184220987883, 0.013518539599116182, 100], [0.726234873048723, 0.007595260402585139, 150], [0.7527351510236392, 0.006116133412620104, 200], [0.8072066009437805, 0.0073624624053768425, 250], [0.8223731060413508, 0.010006073566794265, 300], [0.847744964162102, 0.0104518798210181, 350], [0.8617301749961023, 0.011608594438220054, 400], [0.8727554411800758, 0.012731451459304734, 450], [0.8733680250755372, 0.019479123941448594, 500], [0.8734660555561855, 0.013272701153526446, 550], [0.8813037482378403, 0.015713585884580782, 600], [0.890361627646976, 0.015744394761940145, 650], [0.8904239761870665, 0.01738779883745599, 700], [0.8933041315727006, 0.0203084375730016, 750], [0.8939428185216397, 0.02006152975094766, 768]], "ernie-m-base_pytorch": [[0.7980191957405075, 0.03508219812125563, 100], [0.8388777531032002, 0.02509357005091231, 150], [0.8384961444516595, 0.01869202874124185, 200], [0.8645818489554965, 0.02021149528587968, 250], [0.8813771694925314, 0.03275613298186621, 300], [0.8948776085722255, 0.03907835417238247, 350], [0.9055534789759044, 0.04876366217369637, 400], [0.9042665387422943, 0.052250550211341666, 450], [0.8957844143482413, 0.04252114357275339, 500], [0.900450407368131, 0.03639771488768595, 550], [0.9019169639091871, 0.03224146996167168, 600], [0.9073563261242097, 0.03227905514550098, 650], [0.9133483642287031, 0.03622045848711257, 700], [0.9151552927211023, 0.03424902356094566, 750], [0.9161029320273405, 0.033588914793021764, 768]]}}