{"nl-ro": {"bert-base-multilingual-uncased": [[0.8104146380748873, 0.014256792942162849, 100], [0.8803923661853043, 0.02123582669591401, 150], [0.9036398982068137, 0.02371391419470197, 200], [0.920981502029353, 0.022733912140101207, 250], [0.9359177232319081, 0.022223460310030765, 300], [0.9426456015093064, 0.0202306058516165, 350], [0.9458577211584521, 0.019595213201411013, 400], [0.9404278961116012, 0.02160417724063802, 450], [0.9424525998291987, 0.026905765621037466, 500], [0.9449912327512823, 0.027508559543167173, 550], [0.9496820825983181, 0.029476331690945178, 600], [0.9510244486295621, 0.028430831863346044, 650], [0.9511178462952179, 0.032571476232805874, 700], [0.9524232265758372, 0.03284317450343391, 750], [0.9534387968767862, 0.033625297985754435, 768]], "mt5-base": [[0.802459476277104, 0.09555412296085822, 100], [0.8531821529461394, 0.14126925148616, 150], [0.8857514262939267, 0.17605645091878602, 200], [0.9058504769354028, 0.1796908261542253, 250], [0.9020953642986526, 0.15946820360486424, 300], [0.9104337767723372, 0.16815889559201683, 350], [0.9162994675449899, 0.190193926460051, 400], [0.9056323977457732, 0.1642381247900316, 450], [0.9134998345967018, 0.17091696290645247, 500], [0.9168935076601027, 0.1808311913020615, 550], [0.9199992636671955, 0.18707113842876943, 600], [0.924109207830168, 0.20336624033207934, 650], [0.9262554287163591, 0.20589859953787085, 700], [0.9296794657880675, 0.22221382052421623, 750], [0.9304406732320618, 0.23157918605602848, 768]], "xlm-roberta-base": [[0.7326883545446699, 0.015453519425155141, 100], [0.767341435047092, 0.009104196100307325, 150], [0.7832055383517844, 0.007227099356461324, 200], [0.8324585704466756, 0.007814899858732693, 250], [0.8477652962714161, 0.010307517534768836, 300], [0.8764808651663832, 0.010807546057454718, 350], [0.8880326985036032, 0.012246529789340073, 400], [0.8957125975807124, 0.013414855624710245, 450], [0.892765148342359, 0.02201815779408997, 500], [0.8974973447423388, 0.015177723862365693, 550], [0.9016199762606512, 0.01817311502061836, 600], [0.9102526318796436, 0.017738416079419592, 650], [0.9124812123110407, 0.0198070031283964, 700], [0.9132828195572928, 0.023311240914963297, 750], [0.9160434383660356, 0.023370407298632195, 768]], "ernie-m-base_pytorch": [[0.8335073738940153, 0.03722917170673946, 100], [0.8605899010495944, 0.034321424620219844, 150], [0.8628048645891524, 0.023089631966826125, 200], [0.8882659493543775, 0.0254247773266758, 250], [0.8991794837228239, 0.03505214349675131, 300], [0.9006127134282859, 0.041152032460116554, 350], [0.9123227201175689, 0.05030571115466618, 400], [0.9186837006957856, 0.05391968818454126, 450], [0.9133386768271612, 0.04467686788307957, 500], [0.9211914336744361, 0.037355253148756005, 550], [0.9229271576205489, 0.03310446024448892, 600], [0.9294920336867223, 0.03348835824759506, 650], [0.9327477019861639, 0.03752286743799749, 700], [0.9365395377702084, 0.03594942532663102, 750], [0.9368726253561627, 0.0346493282256194, 768]]}}