{"nl-ro": {"bert-base-multilingual-uncased": [[0.11348933000090299, 0.014256792942162849, 100], [0.23164348834212825, 0.02123582669591401, 150], [0.32147046818030484, 0.02371391419470197, 200], [0.3260324094470509, 0.022733912140101207, 250], [0.38078925210060066, 0.022223460310030765, 300], [0.5387129037711558, 0.0202306058516165, 350], [0.5427571974138032, 0.019595213201411013, 400], [0.53455727506734, 0.02160417724063802, 450], [0.5946280549425027, 0.026905765621037466, 500], [0.6277975084054156, 0.027508559543167173, 550], [0.5124602334952302, 0.029476331690945178, 600], [0.5462691726866077, 0.028430831863346044, 650], [0.5490678443926479, 0.032571476232805874, 700], [0.49979449601271125, 0.03284317450343391, 750], [0.5645065481629093, 0.033625297985754435, 768]], "mt5-base": [[0.2029455145881674, 0.09555412296085822, 100], [0.2820801456499093, 0.14126925148616, 150], [0.329603876920029, 0.17605645091878602, 200], [0.21617734802677546, 0.1796908261542253, 250], [0.36089966160668335, 0.15946820360486424, 300], [0.36898033149217113, 0.16815889559201683, 350], [0.4123082096109781, 0.190193926460051, 400], [0.42002989585762746, 0.1642381247900316, 450], [0.40423295377767665, 0.17091696290645247, 500], [0.3760976576683702, 0.1808311913020615, 550], [0.3395949650128157, 0.18707113842876943, 600], [0.4183471503249229, 0.20336624033207934, 650], [0.3704215853284983, 0.20589859953787085, 700], [0.4179202396346068, 0.22221382052421623, 750], [0.5292278412947936, 0.23157918605602848, 768]], "xlm-roberta-base": [[0.07737487230354077, 0.015453519425155141, 100], [0.17086343547849253, 0.009104196100307325, 150], [0.1408849903977013, 0.007227099356461324, 200], [0.2876216205571325, 0.007814899858732693, 250], [0.49755983572961304, 0.010307517534768836, 300], [0.5282729780960808, 0.010807546057454718, 350], [0.5113187040815451, 0.012246529789340073, 400], [0.5980442487456897, 0.013414855624710245, 450], [0.5465544144826625, 0.02201815779408997, 500], [0.3962114211098924, 0.015177723862365693, 550], [0.240106459579215, 0.01817311502061836, 600], [0.3154532024192557, 0.017738416079419592, 650], [0.29919907503170584, 0.0198070031283964, 700], [0.1802539860951967, 0.023311240914963297, 750], [0.24648830995579443, 0.023370407298632195, 768]], "ernie-m-base_pytorch": [[0.2715662804954451, 0.03722917170673946, 100], [0.242962542652944, 0.034321424620219844, 150], [0.2226626283279086, 0.023089631966826125, 200], [0.31742840854623583, 0.0254247773266758, 250], [0.2368112380683788, 0.03505214349675131, 300], [0.37909439801210193, 0.041152032460116554, 350], [0.391326899876504, 0.05030571115466618, 400], [0.44094069511284545, 0.05391968818454126, 450], [0.31681620444400066, 0.04467686788307957, 500], [0.37847713371709196, 0.037355253148756005, 550], [0.18013360567868564, 0.03310446024448892, 600], [0.18255613616212296, 0.03348835824759506, 650], [0.20819412861225656, 0.03752286743799749, 700], [0.17163968659561873, 0.03594942532663102, 750], [0.17615163486138538, 0.0346493282256194, 768]]}}