{"nl-ro": {"bert-base-multilingual-uncased": [[0.09847545023582423, 0.013580271456629628, 100], [0.1658759711345636, 0.021030358071403132, 150], [0.24412164338621137, 0.02199040444547883, 200], [0.2742973009092513, 0.021305761816776576, 250], [0.3656029332409398, 0.02086018410344618, 300], [0.43738284771293295, 0.01825424411594645, 350], [0.45008777531091837, 0.017347925806310872, 400], [0.4575611831930926, 0.019923850011894062, 450], [0.5397218273646739, 0.023985753527947403, 500], [0.578600794981446, 0.025020619866130543, 550], [0.5624814280012618, 0.0260908798095507, 600], [0.49720249801402683, 0.025881916203735335, 650], [0.45114650957595176, 0.03029205841773048, 700], [0.5276228788348297, 0.030314956469809615, 750], [0.5345521092746349, 0.031169463490436547, 768]], "mt5-base": [[0.17992613735023572, 0.0810756968254444, 100], [0.22283961441279712, 0.11965585772710445, 150], [0.2071191507689536, 0.15645030608606034, 200], [0.22563456942525845, 0.16621827063648234, 250], [0.3872372127758522, 0.1506207815385097, 300], [0.3683820005679351, 0.1589990518009978, 350], [0.4084373062453956, 0.1762353438008842, 400], [0.3275241174704257, 0.15319531107812914, 450], [0.3754507850411818, 0.15984068288043518, 500], [0.40635770911145364, 0.1694664429497878, 550], [0.3927106494075465, 0.1735221505437571, 600], [0.5042743597353497, 0.18892690873909743, 650], [0.4802719812441582, 0.19176037479946828, 700], [0.6089782302508109, 0.2074913789537602, 750], [0.5355697170942838, 0.2156634244261803, 768]], "xlm-roberta-base": [[0.07672523698696428, 0.013518539599116182, 100], [0.07734575234026217, 0.007595260402585139, 150], [0.10043986301947315, 0.006116133412620104, 200], [0.1797831992966709, 0.0073624624053768425, 250], [0.41550794282169073, 0.010006073566794265, 300], [0.3913109445079138, 0.0104518798210181, 350], [0.42613291920677626, 0.011608594438220054, 400], [0.5941452618650804, 0.012731451459304734, 450], [0.4607447317901582, 0.019479123941448594, 500], [0.4136509975876344, 0.013272701153526446, 550], [0.2626093510136099, 0.015713585884580782, 600], [0.24724084830362517, 0.015744394761940145, 650], [0.27032964696317047, 0.01738779883745599, 700], [0.23192102914231588, 0.0203084375730016, 750], [0.2863680909226365, 0.02006152975094766, 768]], "ernie-m-base_pytorch": [[0.2297474933976066, 0.03508219812125563, 100], [0.205842526428589, 0.02509357005091231, 150], [0.18430126237089556, 0.01869202874124185, 200], [0.2712125563417028, 0.02021149528587968, 250], [0.3214885740204735, 0.03275613298186621, 300], [0.35482106663702623, 0.03907835417238247, 350], [0.3922586585392737, 0.04876366217369637, 400], [0.40234218410441674, 0.052250550211341666, 450], [0.35349093091084516, 0.04252114357275339, 500], [0.3980784927618665, 0.03639771488768595, 550], [0.15252987098594917, 0.03224146996167168, 600], [0.12574023857778566, 0.03227905514550098, 650], [0.14858978450090357, 0.03622045848711257, 700], [0.12012569089722852, 0.03424902356094566, 750], [0.16065466332837158, 0.033588914793021764, 768]]}}