{"de-en": {"bert-base-multilingual-uncased": [[0.9422704362304363, 0.056709806156475064, 100], [0.9693935979729084, 0.11795809072033428, 150], [0.9769573433583962, 0.12329563612662471, 200], [0.9808297243107771, 0.14552828526845102, 250], [0.9849198830409356, 0.1788854304134866, 300], [0.985970233426704, 0.21700154012690878, 350], [0.9859991223155928, 0.2367783687849999, 400], [0.9857409523809524, 0.22044781960215828, 450], [0.984610233426704, 0.23522612866645745, 500], [0.9846491575091575, 0.2250261538801722, 550], [0.9842965079365076, 0.2348626818019501, 600], [0.9852133333333333, 0.23458777126684327, 650], [0.984571111111111, 0.2492822224962416, 700], [0.9863631746031746, 0.27302134883248425, 750], [0.9860822222222221, 0.2668238949134415, 768]], "mt5-base": [[0.9289372658704935, 0.2114211578754012, 100], [0.9477804227351595, 0.31281724369088454, 150], [0.9591714029467524, 0.3602303761279786, 200], [0.9650423013046254, 0.39465463860939315, 250], [0.9596164148149655, 0.24851104597250445, 300], [0.9607037239995776, 0.27209439384603756, 350], [0.9668340888866475, 0.2844320718027074, 400], [0.9659003982542279, 0.3242292460270349, 450], [0.964938461838462, 0.331547449488115, 500], [0.968185152755741, 0.3618097078600066, 550], [0.9672018204921207, 0.3683217415051609, 600], [0.965915582249102, 0.38195771305232196, 650], [0.966820354220023, 0.37581661540431366, 700], [0.9674003281170668, 0.4048045820115902, 750], [0.9685536608971521, 0.4034397994440668, 768]], "xlm-roberta-base": [[0.9128211958692795, 0.05326639918046364, 100], [0.9525838579139643, 0.03274583662851017, 150], [0.9620815749712136, 0.04704924732251791, 200], [0.9752606415396953, 0.06045309742879244, 250], [0.9747676222008653, 0.08686213681278873, 300], [0.9791179406787144, 0.1033760892152287, 350], [0.9811130255937991, 0.10209443886835104, 400], [0.9809876581483034, 0.1064383909716889, 450], [0.9795243217082543, 0.14521289883106872, 500], [0.9779933693273021, 0.13972967230154468, 550], [0.9789098509906246, 0.15810255332424392, 600], [0.9793762017591096, 0.1684601655517904, 650], [0.9814282668208983, 0.16939714653469679, 700], [0.9745548306356235, 0.09092693010657403, 750], [0.9773377843968382, 0.0941457188077626, 768]], "ernie-m-base_pytorch": [[0.9724379420997117, 0.3106787948819687, 100], [0.9814638161428698, 0.32276327198653915, 150], [0.9852927045177047, 0.21479714852004167, 200], [0.9867415939206475, 0.2785695128919223, 250], [0.9870339748730287, 0.33648615225047684, 300], [0.9895149272539809, 0.4014016547754742, 350], [0.9905873087212412, 0.4349856373910633, 400], [0.990533975387908, 0.46178706732070995, 450], [0.9902006420545747, 0.5426445779514195, 500], [0.9916139753879081, 0.5386774594805109, 550], [0.9908561976101302, 0.5930137132480644, 600], [0.9911673087212411, 0.6010446470269211, 650], [0.9917273097534834, 0.5889485623599996, 700], [0.9921073087212413, 0.4705328344093094, 750], [0.9917273092369479, 0.48946627436089346, 768]]}}