{"de-en": {"bert-base-multilingual-uncased": [[0.9200339140848793, 0.05466619362298161, 100], [0.955644856259136, 0.11846315563789159, 150], [0.9702437600171636, 0.12055443818682815, 200], [0.9774083973951188, 0.14351984759954084, 250], [0.9755139068522771, 0.17398355287990042, 300], [0.9787045401082098, 0.21460161464531627, 350], [0.9777077423107245, 0.23392422250977893, 400], [0.982104575186192, 0.21847060716369374, 450], [0.9828389867020606, 0.23138655395547675, 500], [0.9820046621232792, 0.22046693686891372, 550], [0.9813552426400672, 0.23041999982428876, 600], [0.983360222056879, 0.23218824956924158, 650], [0.983545091220932, 0.24550463502908806, 700], [0.9841451638535965, 0.2724240333047339, 750], [0.9841290759293403, 0.26654751723235176, 768]], "mt5-base": [[0.8993228517989016, 0.18711472128754272, 100], [0.9296351295343244, 0.2915657524497314, 150], [0.9432893304628033, 0.3377362196349963, 200], [0.9525977831388442, 0.3717129161754194, 250], [0.9480682021490521, 0.2330229040063706, 300], [0.950084213139941, 0.2510461144045871, 350], [0.9546712336832696, 0.2707036742684294, 400], [0.9566143925389397, 0.3047590111696635, 450], [0.9597055851043531, 0.31099611141145284, 500], [0.9593011415327964, 0.3400097664145963, 550], [0.9613702882581342, 0.350241892068142, 600], [0.9630605469823794, 0.3635513616542195, 650], [0.9629402452409007, 0.35770684427676314, 700], [0.9624860314128791, 0.38704187579336097, 750], [0.962999231081916, 0.38484757105858786, 768]], "xlm-roberta-base": [[0.8977247320067122, 0.03439353344148889, 100], [0.9319252472186057, 0.02436619848717434, 150], [0.9464500811170188, 0.03609655317430756, 200], [0.9595700743423177, 0.04568305805754614, 250], [0.9561048969805515, 0.06317765553009376, 300], [0.9626359791100462, 0.07358293692508419, 350], [0.968570951635632, 0.07379437348573038, 400], [0.9712459764610301, 0.0774970699209525, 450], [0.9729776460342903, 0.10543502928677013, 500], [0.9729483285979952, 0.10042334995146471, 550], [0.9685729293199031, 0.11456005074020101, 600], [0.9712559135374996, 0.12104813324721718, 650], [0.9718873539143955, 0.11987458205541432, 700], [0.9607254245070697, 0.06250638822845687, 750], [0.959438798135369, 0.06425055300068366, 768]], "ernie-m-base_pytorch": [[0.954672562551309, 0.29651163668214736, 100], [0.969217721136105, 0.2988711649473423, 150], [0.9732647789298661, 0.20561108169135037, 200], [0.9787794650593516, 0.27108895140250944, 250], [0.9804026030565232, 0.33159215352811294, 300], [0.9833769020471959, 0.39167697595150325, 350], [0.9848699246079171, 0.42054085924990414, 400], [0.9851865738927196, 0.4452596095397894, 450], [0.9864606998868072, 0.5174886263248156, 500], [0.9860900457296734, 0.5042514667573951, 550], [0.9845634349797415, 0.5532698457683739, 600], [0.9862736785094013, 0.5579652262155161, 650], [0.9869954004203204, 0.5442394876615538, 700], [0.9870478337719255, 0.4157860051411621, 750], [0.9873890889621578, 0.4315206391541252, 768]]}}