{"de-en": {"bert-base-multilingual-uncased": [[0.9101220250868364, 0.05466619161725675, 100], [0.9461213701632222, 0.11846316918288596, 150], [0.9598612675037105, 0.12055303782648372, 200], [0.9672142629396157, 0.1435198139334402, 250], [0.973536711460225, 0.17398355381290823, 300], [0.9737307014393427, 0.21460171630094121, 350], [0.9731299687141858, 0.2339292542918527, 400], [0.9763971072874577, 0.21847058864912944, 450], [0.9775402169846612, 0.23138654797480668, 500], [0.9794734478908791, 0.22046694680264264, 550], [0.9779139256463192, 0.2304178869626365, 600], [0.9793663882635245, 0.23218690105975393, 650], [0.9808440964404267, 0.24550427683791337, 700], [0.9807028283365783, 0.2724228296217419, 750], [0.9805568405489317, 0.266547964155621, 768]], "mt5-base": [[0.8781233631712143, 0.18711496835524452, 100], [0.9145732266538218, 0.291565723960101, 150], [0.9325047832336174, 0.33772874902111966, 200], [0.9433203811541472, 0.3717003973702343, 250], [0.9402175855621319, 0.2330254933621766, 300], [0.9464280650380271, 0.2510461214011734, 350], [0.9481811928149083, 0.27069557001039585, 400], [0.9420138812287181, 0.30475967424646283, 450], [0.9475447773200293, 0.3109961295012587, 500], [0.945579352075656, 0.3400058140857352, 550], [0.947290005817615, 0.35024189761802943, 600], [0.9474983763121356, 0.3635515195258105, 650], [0.9494917421411192, 0.3576979325393853, 700], [0.951738425684576, 0.3870444980386927, 750], [0.9529204166772866, 0.3848479574359943, 768]], "xlm-roberta-base": [[0.8814426259656812, 0.034393524931435646, 100], [0.9156611930946039, 0.024366167697304847, 150], [0.9258502475558059, 0.03609764832637559, 200], [0.9483471883314257, 0.0456830159668212, 250], [0.9554079625455744, 0.06317759677778341, 300], [0.9629161814256952, 0.07358277928841249, 350], [0.9681978109252333, 0.07380235933231137, 400], [0.9711310785779885, 0.07749641170592496, 450], [0.9655810024576271, 0.10543498525626854, 500], [0.9700522787589113, 0.10042492243381515, 550], [0.9693227738496538, 0.11455747518263003, 600], [0.9718141004018171, 0.12105688198461884, 650], [0.9723136427052076, 0.11987439363995807, 700], [0.9724387247853868, 0.06249580371971741, 750], [0.973663168206172, 0.06425282495449548, 768]], "ernie-m-base_pytorch": [[0.94556373993656, 0.29651164550562414, 100], [0.959481148891645, 0.2988694090840115, 150], [0.9630502606761766, 0.2056112182393363, 200], [0.9679861674057156, 0.27108882280587737, 250], [0.9725746901295655, 0.33157857796391527, 300], [0.9764548904589689, 0.3915942586776454, 350], [0.9803400890994803, 0.42046631789991856, 400], [0.9822939192039988, 0.44525863932258664, 450], [0.9764219699319819, 0.5174886129914633, 500], [0.9791007985376377, 0.5042385878771954, 550], [0.9761099730128789, 0.553267756163953, 600], [0.9791751265290506, 0.5579683432399529, 650], [0.9805190703843045, 0.5442336549958986, 700], [0.9809678692926538, 0.41578528411013677, 750], [0.9807552098342931, 0.43152615257944404, 768]]}}