{"de-en": {"bert-base-multilingual-uncased": [[0.9209760012911063, 0.056709806156475064, 100], [0.9547756168667932, 0.11795809072033428, 150], [0.970935976572447, 0.12329563612662471, 200], [0.9790644733044733, 0.14552828526845102, 250], [0.9819133333333333, 0.1788854304134866, 300], [0.9861436796536793, 0.21700154012690878, 350], [0.9864441269841268, 0.2367783687849999, 400], [0.9867266666666666, 0.22044781960215828, 450], [0.9876674603174604, 0.23522612866645745, 500], [0.9844496825396823, 0.2250261538801722, 550], [0.9851353968253965, 0.2348626818019501, 600], [0.9843469352869352, 0.23458777126684327, 650], [0.9856431746031745, 0.2492822224962416, 700], [0.9866053968253967, 0.27302134883248425, 750], [0.9862949206349205, 0.2668238949134415, 768]], "mt5-base": [[0.9008904055542555, 0.2114211578754012, 100], [0.9322542561374303, 0.31281724369088454, 150], [0.9506747993273621, 0.3602303761279786, 200], [0.9533197919383678, 0.39465463860939315, 250], [0.9549064044978249, 0.24851104597250445, 300], [0.9574126876437402, 0.27209439384603756, 350], [0.9600066435744786, 0.2844320718027074, 400], [0.957847091502577, 0.3242292460270349, 450], [0.960204130387385, 0.331547449488115, 500], [0.9601423559015717, 0.3618097078600066, 550], [0.9594221532796579, 0.3683217415051609, 600], [0.9597929817477845, 0.38195771305232196, 650], [0.9605788231829352, 0.37581661540431366, 700], [0.9606390553216464, 0.4048045820115902, 750], [0.9614860138262504, 0.4034397994440668, 768]], "xlm-roberta-base": [[0.8927616969124836, 0.05326639918046364, 100], [0.940442183348543, 0.03274583662851017, 150], [0.9503421717521962, 0.04704924732251791, 200], [0.9622599111999112, 0.06045309742879244, 250], [0.9697437718082874, 0.08686213681278873, 300], [0.973881189512242, 0.1033760892152287, 350], [0.9774087134388637, 0.10209443886835104, 400], [0.9809554188587614, 0.1064383909716889, 450], [0.976602148195601, 0.14521289883106872, 500], [0.9786288422892092, 0.13972967230154468, 550], [0.9811519966583124, 0.15810255332424392, 600], [0.9827644304901448, 0.1684601655517904, 650], [0.9843168294409059, 0.16939714653469679, 700], [0.9843834270414995, 0.09092693010657403, 750], [0.9846901010101011, 0.0941457188077626, 768]], "ernie-m-base_pytorch": [[0.9657853544396868, 0.3106787948819687, 100], [0.9781760027238678, 0.32276327198653915, 150], [0.9777885642085641, 0.21479714852004167, 200], [0.9823015045435666, 0.2785695128919223, 250], [0.9847119800798455, 0.33648615225047684, 300], [0.9879141042090439, 0.4014016547754742, 350], [0.9896313091597494, 0.4349856373910633, 400], [0.9891958574235193, 0.46178706732070995, 450], [0.9857108612254953, 0.5426445779514195, 500], [0.985888205354841, 0.5386774594805109, 550], [0.9872597101449275, 0.5930137132480644, 600], [0.9883109831297268, 0.6010446470269211, 650], [0.9890997724561886, 0.5889485623599996, 700], [0.9892043612596554, 0.4705328344093094, 750], [0.9889185967093538, 0.48946627436089346, 768]]}}