{"de-en": {"bert-base-multilingual-uncased": [[0.446595865058525, 0.05466619161725675, 100], [0.6273073877589401, 0.11846316918288596, 150], [0.620653953988664, 0.12055303782648372, 200], [0.7948501334855509, 0.1435198139334402, 250], [0.6450034511769366, 0.17398355381290823, 300], [0.8029408620870592, 0.21460171630094121, 350], [0.8148657727975835, 0.2339292542918527, 400], [0.7458095242415507, 0.21847058864912944, 450], [0.8174965470991619, 0.23138654797480668, 500], [0.8363611371695603, 0.22046694680264264, 550], [0.921625006805428, 0.2304178869626365, 600], [0.8679687603102295, 0.23218690105975393, 650], [0.9051608335253153, 0.24550427683791337, 700], [0.8936163784785606, 0.2724228296217419, 750], [0.8908897768459998, 0.266547964155621, 768]], "mt5-base": [[0.44947805035992544, 0.18711496835524452, 100], [0.5482083474712186, 0.291565723960101, 150], [0.6159233925018621, 0.33772874902111966, 200], [0.661266291962809, 0.3717003973702343, 250], [0.7695215928948919, 0.2330254933621766, 300], [0.782602517164081, 0.2510461214011734, 350], [0.8742376203267892, 0.27069557001039585, 400], [0.8791866474007684, 0.30475967424646283, 450], [0.8811560016075608, 0.3109961295012587, 500], [0.8642759317710967, 0.3400058140857352, 550], [0.8957771525653773, 0.35024189761802943, 600], [0.8953190525511487, 0.3635515195258105, 650], [0.9117663691078047, 0.3576979325393853, 700], [0.8944697258173333, 0.3870444980386927, 750], [0.8937173476626864, 0.3848479574359943, 768]], "xlm-roberta-base": [[0.15621656146648705, 0.034393524931435646, 100], [0.16076834610867435, 0.024366167697304847, 150], [0.18566064786892605, 0.03609764832637559, 200], [0.37916910483947125, 0.0456830159668212, 250], [0.41945381029491186, 0.06317759677778341, 300], [0.47940762086853567, 0.07358277928841249, 350], [0.6101573752947573, 0.07380235933231137, 400], [0.5923750920763924, 0.07749641170592496, 450], [0.696833085267033, 0.10543498525626854, 500], [0.6814060846662253, 0.10042492243381515, 550], [0.5086144678794928, 0.11455747518263003, 600], [0.5558557357062494, 0.12105688198461884, 650], [0.6584089540428084, 0.11987439363995807, 700], [0.26154675170232683, 0.06249580371971741, 750], [0.306561378155093, 0.06425282495449548, 768]], "ernie-m-base_pytorch": [[0.6482534488398047, 0.29651164550562414, 100], [0.5986296261051781, 0.2988694090840115, 150], [0.7958156448149318, 0.2056112182393363, 200], [0.8201054813138756, 0.27108882280587737, 250], [0.900144983181555, 0.33157857796391527, 300], [0.9051848140557821, 0.3915942586776454, 350], [0.8849127935736402, 0.42046631789991856, 400], [0.9043334043073845, 0.44525863932258664, 450], [0.9093844745306916, 0.5174886129914633, 500], [0.9088122512416702, 0.5042385878771954, 550], [0.9134063077088561, 0.553267756163953, 600], [0.9189532563797596, 0.5579683432399529, 650], [0.9248603011473924, 0.5442336549958986, 700], [0.8935440489933457, 0.41578528411013677, 750], [0.8968320272625769, 0.43152615257944404, 768]]}}