{"de-en": {"bert-base-multilingual-uncased": [[0.44238876671029564, 0.056709806156475064, 100], [0.692652838795349, 0.11795809072033428, 150], [0.7401071812114829, 0.12329563612662471, 200], [0.7878591350822222, 0.14552828526845102, 250], [0.8170138926485655, 0.1788854304134866, 300], [0.86337514778157, 0.21700154012690878, 350], [0.8505765606699877, 0.2367783687849999, 400], [0.8442519072496072, 0.22044781960215828, 450], [0.8467617429449076, 0.23522612866645745, 500], [0.9164535321308429, 0.2250261538801722, 550], [0.9147344806059171, 0.2348626818019501, 600], [0.924299830997764, 0.23458777126684327, 650], [0.9198361247590364, 0.2492822224962416, 700], [0.8955996742248966, 0.27302134883248425, 750], [0.9127695050270371, 0.2668238949134415, 768]], "mt5-base": [[0.4358564911254113, 0.2114211578754012, 100], [0.5183682032725832, 0.31281724369088454, 150], [0.6685371147219389, 0.3602303761279786, 200], [0.7635977601670187, 0.39465463860939315, 250], [0.7748580024741326, 0.24851104597250445, 300], [0.8100969349949003, 0.27209439384603756, 350], [0.8606305279149823, 0.2844320718027074, 400], [0.8626825930005231, 0.3242292460270349, 450], [0.8815008378360534, 0.331547449488115, 500], [0.9137000712609173, 0.3618097078600066, 550], [0.8946110751740948, 0.3683217415051609, 600], [0.9003911890965491, 0.38195771305232196, 650], [0.8959414339578449, 0.37581661540431366, 700], [0.9020154785648612, 0.4048045820115902, 750], [0.8942623420457181, 0.4034397994440668, 768]], "xlm-roberta-base": [[0.17705442095251914, 0.05326639918046364, 100], [0.185897634112013, 0.03274583662851017, 150], [0.20242789518181417, 0.04704924732251791, 200], [0.3797226514624768, 0.06045309742879244, 250], [0.504652884789563, 0.08686213681278873, 300], [0.4980530598013647, 0.1033760892152287, 350], [0.5878120554906417, 0.10209443886835104, 400], [0.506536832047779, 0.1064383909716889, 450], [0.6543991178696024, 0.14521289883106872, 500], [0.6242362543248969, 0.13972967230154468, 550], [0.5683919214356988, 0.15810255332424392, 600], [0.6745032614856805, 0.1684601655517904, 650], [0.6408402870599126, 0.16939714653469679, 700], [0.33119514813818457, 0.09092693010657403, 750], [0.3955845933607958, 0.0941457188077626, 768]], "ernie-m-base_pytorch": [[0.6670570618950595, 0.3106787948819687, 100], [0.6374072446648426, 0.32276327198653915, 150], [0.7794517636479098, 0.21479714852004167, 200], [0.8303717874492987, 0.2785695128919223, 250], [0.8971293252397856, 0.33648615225047684, 300], [0.9273391985134085, 0.4014016547754742, 350], [0.9015667321309735, 0.4349856373910633, 400], [0.9328126129197526, 0.46178706732070995, 450], [0.9056286047388367, 0.5426445779514195, 500], [0.9273468055204719, 0.5386774594805109, 550], [0.9118463836033246, 0.5930137132480644, 600], [0.9315876071065562, 0.6010446470269211, 650], [0.9424187457912457, 0.5889485623599996, 700], [0.9334570749248369, 0.4705328344093094, 750], [0.9388545171680857, 0.48946627436089346, 768]]}}