{"ro-en": {"bert-base-multilingual-uncased": [[0.8999999761581421, 0.014399999752640724, 100], [0.9311999678611755, 0.028199998661875725, 150], [0.9440000057220459, 0.026599999517202377, 200], [0.9551999568939209, 0.033399999141693115, 250], [0.9559999704360962, 0.047199998050928116, 300], [0.9472000002861023, 0.06619999557733536, 350], [0.9472000002861023, 0.08959999680519104, 400], [0.9535999894142151, 0.09399999678134918, 450], [0.9527999758720398, 0.1273999959230423, 500], [0.9544000029563904, 0.1340000033378601, 550], [0.9559999704360962, 0.14059999585151672, 600], [0.9559999704360962, 0.13519999384880066, 650], [0.9527999758720398, 0.11899999529123306, 700], [0.9551999568939209, 0.11620000004768372, 750], [0.9559999704360962, 0.12079999595880508, 768]], "mt5-base": [[0.8944000005722046, 0.09919999539852142, 100], [0.9223999977111816, 0.16979999840259552, 150], [0.9287999868392944, 0.21559999883174896, 200], [0.9327999949455261, 0.25459998846054077, 250], [0.9351999759674072, 0.20919999480247498, 300], [0.9368000030517578, 0.20719999074935913, 350], [0.9359999895095825, 0.2563999891281128, 400], [0.9343999624252319, 0.27699998021125793, 450], [0.9359999895095825, 0.3041999936103821, 500], [0.94159996509552, 0.3163999915122986, 550], [0.9440000057220459, 0.3375999927520752, 600], [0.9440000057220459, 0.352400004863739, 650], [0.9431999921798706, 0.3659999966621399, 700], [0.94159996509552, 0.3823999762535095, 750], [0.9423999786376953, 0.3845999836921692, 768]], "xlm-roberta-base": [[0.8847999572753906, 0.03500000014901161, 100], [0.9079999923706055, 0.01979999989271164, 150], [0.9120000004768372, 0.03179999813437462, 200], [0.925599992275238, 0.04779999703168869, 250], [0.9231999516487122, 0.043800000101327896, 300], [0.9359999895095825, 0.06340000033378601, 350], [0.9440000057220459, 0.08320000022649765, 400], [0.946399986743927, 0.0965999960899353, 450], [0.9503999948501587, 0.11739999800920486, 500], [0.9511999487876892, 0.08980000019073486, 550], [0.9447999596595764, 0.0867999941110611, 600], [0.9423999786376953, 0.09380000084638596, 650], [0.9440000057220459, 0.10080000013113022, 700], [0.9383999705314636, 0.09059999883174896, 750], [0.9391999840736389, 0.08699999749660492, 768]], "ernie-m-base_pytorch": [[0.9231999516487122, 0.10779999941587448, 100], [0.9151999950408936, 0.11019999533891678, 150], [0.91839998960495, 0.19579999148845673, 200], [0.9383999705314636, 0.2635999917984009, 250], [0.9303999543190002, 0.1979999989271164, 300], [0.9423999786376953, 0.24939998984336853, 350], [0.9455999732017517, 0.280599981546402, 400], [0.9472000002861023, 0.3188000023365021, 450], [0.9391999840736389, 0.28839999437332153, 500], [0.9495999813079834, 0.20179998874664307, 550], [0.9479999542236328, 0.1021999940276146, 600], [0.9479999542236328, 0.1273999959230423, 650], [0.9544000029563904, 0.13819999992847443, 700], [0.9575999975204468, 0.14839999377727509, 750], [0.9559999704360962, 0.1436000019311905, 768]]}}