{"ro-en": {"bert-base-multilingual-uncased": [[0.872782826423645, 0.015142246149480343, 100], [0.9186544418334961, 0.02814316377043724, 150], [0.9266054630279541, 0.026460692286491394, 200], [0.9351681470870972, 0.034720100462436676, 250], [0.9412843585014343, 0.0464974008500576, 300], [0.9425076246261597, 0.06011012941598892, 350], [0.9388378858566284, 0.08718262612819672, 400], [0.9418960213661194, 0.08901805430650711, 450], [0.943730890750885, 0.12511472404003143, 500], [0.9474005699157715, 0.13337412476539612, 550], [0.9455657005310059, 0.14148057997226715, 600], [0.9486238360404968, 0.13750383257865906, 650], [0.9467889666557312, 0.1209850162267685, 700], [0.9492354393005371, 0.11899664252996445, 750], [0.9504587054252625, 0.12190272659063339, 768]], "mt5-base": [[0.8831803798675537, 0.09406546503305435, 100], [0.9100916981697083, 0.1622820496559143, 150], [0.9253822565078735, 0.19669625163078308, 200], [0.9302752017974854, 0.2431936413049698, 250], [0.9339449405670166, 0.20434384047985077, 300], [0.9363914132118225, 0.20220251381397247, 350], [0.9314984679222107, 0.25022944808006287, 400], [0.9290519952774048, 0.27057206630706787, 450], [0.9302752017974854, 0.29458552598953247, 500], [0.9327216744422913, 0.31202203035354614, 550], [0.9302752017974854, 0.33205875754356384, 600], [0.9296635985374451, 0.34811869263648987, 650], [0.9370030164718628, 0.36157849431037903, 700], [0.9382262825965881, 0.37886205315589905, 750], [0.9382262825965881, 0.3802386224269867, 768]], "xlm-roberta-base": [[0.8556574583053589, 0.03303762897849083, 100], [0.8733944892883301, 0.01927194930613041, 150], [0.8856269121170044, 0.031202204525470734, 200], [0.9021406769752502, 0.049556441605091095, 250], [0.8880733847618103, 0.039920467883348465, 300], [0.9058103561401367, 0.05536861717700958, 350], [0.9174311757087708, 0.07249923795461655, 400], [0.918042778968811, 0.09100642800331116, 450], [0.9235473871231079, 0.10752524435520172, 500], [0.9247705936431885, 0.07907617092132568, 550], [0.921100914478302, 0.0744876116514206, 600], [0.9259938597679138, 0.08060569316148758, 650], [0.9302752017974854, 0.08840624243021011, 700], [0.9149847030639648, 0.08657082170248032, 750], [0.9125382304191589, 0.08259406685829163, 768]], "ernie-m-base_pytorch": [[0.8856269121170044, 0.0917711853981018, 100], [0.8978593349456787, 0.10048945248126984, 150], [0.9009174108505249, 0.16763536632061005, 200], [0.9149847030639648, 0.2364637553691864, 250], [0.9113149642944336, 0.17130622267723083, 300], [0.9143730401992798, 0.21382686495780945, 350], [0.9253822565078735, 0.24961763620376587, 400], [0.9266054630279541, 0.29198533296585083, 450], [0.9284403324127197, 0.2707250118255615, 500], [0.9278287291526794, 0.1890486478805542, 550], [0.9302752017974854, 0.09528908133506775, 600], [0.9314984679222107, 0.1194554939866066, 650], [0.9376146793365479, 0.13230346143245697, 700], [0.940672755241394, 0.1401040107011795, 750], [0.9418960213661194, 0.13551545143127441, 768]]}}