{"ro-en": {"bert-base-multilingual-uncased": [[0.8544342517852783, 0.015142245218157768, 100], [0.8996942043304443, 0.02814316377043724, 150], [0.9119266271591187, 0.026460690423846245, 200], [0.9259938597679138, 0.03472009673714638, 250], [0.932110071182251, 0.0464974008500576, 300], [0.9382262825965881, 0.060110125690698624, 350], [0.940672755241394, 0.08718262612819672, 400], [0.9418960213661194, 0.08901804685592651, 450], [0.9425076246261597, 0.12511470913887024, 500], [0.9425076246261597, 0.13337412476539612, 550], [0.9400611519813538, 0.14148057997226715, 600], [0.9480122327804565, 0.13750381767749786, 650], [0.9474006295204163, 0.12083205580711365, 700], [0.9492354989051819, 0.11899663507938385, 750], [0.9486238360404968, 0.1219027191400528, 768]], "mt5-base": [[0.8446483016014099, 0.09406546503305435, 100], [0.88746178150177, 0.1622820496559143, 150], [0.9033639430999756, 0.1966962367296219, 200], [0.9125382304191589, 0.2431936413049698, 250], [0.9045871496200562, 0.20434384047985077, 300], [0.9155963063240051, 0.20220251381397247, 350], [0.9174311757087708, 0.2502294182777405, 400], [0.9155963063240051, 0.2705720365047455, 450], [0.9180428385734558, 0.2945854961872101, 500], [0.9113149642944336, 0.31202203035354614, 550], [0.9186544418334961, 0.33205872774124146, 600], [0.9186544418334961, 0.3482716381549835, 650], [0.9217125177383423, 0.36157846450805664, 700], [0.9217125177383423, 0.37886202335357666, 750], [0.9229357838630676, 0.3802385926246643, 768]], "xlm-roberta-base": [[0.8177369832992554, 0.03303762525320053, 100], [0.8458715677261353, 0.01927194930613041, 150], [0.8691131472587585, 0.031202202662825584, 200], [0.8929663896560669, 0.049556437879800797, 250], [0.8972477316856384, 0.039920464158058167, 300], [0.9051987528800964, 0.055368613451719284, 350], [0.9155963063240051, 0.0726521909236908, 400], [0.9229357838630676, 0.09100642055273056, 450], [0.9168195724487305, 0.10752523690462112, 500], [0.9198776483535767, 0.07907617092132568, 550], [0.9229357838630676, 0.0744876116514206, 600], [0.9266055226325989, 0.08045274019241333, 650], [0.9314984679222107, 0.08840624243021011, 700], [0.9357798099517822, 0.08672376722097397, 750], [0.9357798099517822, 0.08259406685829163, 768]], "ernie-m-base_pytorch": [[0.8715596199035645, 0.0917711853981018, 100], [0.8929663896560669, 0.10048944503068924, 150], [0.8954128623008728, 0.16763536632061005, 200], [0.9137614965438843, 0.2364637553691864, 250], [0.9162079691886902, 0.17130620777606964, 300], [0.9247706532478333, 0.21382686495780945, 350], [0.9247706532478333, 0.24961762130260468, 400], [0.9308868646621704, 0.29198530316352844, 450], [0.9296635985374451, 0.27072498202323914, 500], [0.9308868646621704, 0.189048632979393, 550], [0.9333333373069763, 0.09528908133506775, 600], [0.9376146793365479, 0.1194554939866066, 650], [0.9388379454612732, 0.13230346143245697, 700], [0.9376146793365479, 0.1401040107011795, 750], [0.9400611519813538, 0.13551545143127441, 768]]}}