{"ro-en": {"bert-base-multilingual-uncased": [[0.8831999897956848, 0.014399999752640724, 100], [0.9167999625205994, 0.028199998661875725, 150], [0.9351999759674072, 0.026599999517202377, 200], [0.9391999840736389, 0.033399999141693115, 250], [0.9487999677658081, 0.047199998050928116, 300], [0.9495999813079834, 0.06619999557733536, 350], [0.9487999677658081, 0.08959999680519104, 400], [0.9519999623298645, 0.09399999678134918, 450], [0.9527999758720398, 0.1273999959230423, 500], [0.9559999704360962, 0.1340000033378601, 550], [0.9551999568939209, 0.14059999585151672, 600], [0.9567999839782715, 0.13519999384880066, 650], [0.9559999704360962, 0.11899999529123306, 700], [0.9631999731063843, 0.11620000004768372, 750], [0.9607999920845032, 0.12079999595880508, 768]], "mt5-base": [[0.8664000034332275, 0.09919999539852142, 100], [0.9079999923706055, 0.16979999840259552, 150], [0.9215999841690063, 0.21559999883174896, 200], [0.9271999597549438, 0.25459998846054077, 250], [0.920799970626831, 0.20919999480247498, 300], [0.925599992275238, 0.20719999074935913, 350], [0.9296000003814697, 0.2563999891281128, 400], [0.9264000058174133, 0.27699998021125793, 450], [0.9279999732971191, 0.3041999936103821, 500], [0.9311999678611755, 0.3163999915122986, 550], [0.9303999543190002, 0.3375999927520752, 600], [0.9375999569892883, 0.352400004863739, 650], [0.9351999759674072, 0.3659999966621399, 700], [0.9319999814033508, 0.3823999762535095, 750], [0.9319999814033508, 0.3845999836921692, 768]], "xlm-roberta-base": [[0.8479999899864197, 0.03500000014901161, 100], [0.8655999898910522, 0.01979999989271164, 150], [0.8847999572753906, 0.03179999813437462, 200], [0.9103999733924866, 0.04779999703168869, 250], [0.9143999814987183, 0.043800000101327896, 300], [0.9375999569892883, 0.06340000033378601, 350], [0.9455999732017517, 0.08320000022649765, 400], [0.9503999948501587, 0.0965999960899353, 450], [0.9447999596595764, 0.11739999800920486, 500], [0.9431999921798706, 0.08980000019073486, 550], [0.9455999732017517, 0.0867999941110611, 600], [0.9479999542236328, 0.09380000084638596, 650], [0.9503999948501587, 0.10080000013113022, 700], [0.9527999758720398, 0.09059999883174896, 750], [0.9551999568939209, 0.08699999749660492, 768]], "ernie-m-base_pytorch": [[0.9055999517440796, 0.10779999941587448, 100], [0.9271999597549438, 0.11019999533891678, 150], [0.920799970626831, 0.19579999148845673, 200], [0.9351999759674072, 0.2635999917984009, 250], [0.9447999596595764, 0.1979999989271164, 300], [0.9495999813079834, 0.24939998984336853, 350], [0.9544000029563904, 0.280599981546402, 400], [0.9544000029563904, 0.3188000023365021, 450], [0.9495999813079834, 0.28839999437332153, 500], [0.9487999677658081, 0.20179998874664307, 550], [0.9503999948501587, 0.1021999940276146, 600], [0.9519999623298645, 0.1273999959230423, 650], [0.9575999975204468, 0.13819999992847443, 700], [0.9559999704360962, 0.14839999377727509, 750], [0.9559999704360962, 0.1436000019311905, 768]]}}