{"ro-en": {"bert-base-multilingual-uncased": [[0.14000000059604645, 0.014399999752640724, 100], [0.31119999289512634, 0.028199998661875725, 150], [0.3319999873638153, 0.026599999517202377, 200], [0.4472000002861023, 0.033399999141693115, 250], [0.5823999643325806, 0.047199998050928116, 300], [0.4919999837875366, 0.06619999557733536, 350], [0.5496000051498413, 0.08959999680519104, 400], [0.6471999883651733, 0.09399999678134918, 450], [0.6487999558448792, 0.1273999959230423, 500], [0.7719999551773071, 0.1340000033378601, 550], [0.7999999523162842, 0.14059999585151672, 600], [0.671999990940094, 0.13519999384880066, 650], [0.7991999983787537, 0.11899999529123306, 700], [0.764799952507019, 0.11620000004768372, 750], [0.7735999822616577, 0.12079999595880508, 768]], "mt5-base": [[0.19359999895095825, 0.09919999539852142, 100], [0.3831999897956848, 0.16979999840259552, 150], [0.5288000106811523, 0.21559999883174896, 200], [0.5848000049591064, 0.25459998846054077, 250], [0.764799952507019, 0.20919999480247498, 300], [0.7375999689102173, 0.20719999074935913, 350], [0.7519999742507935, 0.2563999891281128, 400], [0.7687999606132507, 0.27699998021125793, 450], [0.8055999875068665, 0.3041999936103821, 500], [0.7975999712944031, 0.3163999915122986, 550], [0.8208000063896179, 0.3375999927520752, 600], [0.7999999523162842, 0.352400004863739, 650], [0.8407999873161316, 0.3659999966621399, 700], [0.8759999871253967, 0.3823999762535095, 750], [0.8711999654769897, 0.3845999836921692, 768]], "xlm-roberta-base": [[0.14319999516010284, 0.03500000014901161, 100], [0.10559999942779541, 0.01979999989271164, 150], [0.024000000208616257, 0.03179999813437462, 200], [0.02719999849796295, 0.04779999703168869, 250], [0.052799999713897705, 0.043800000101327896, 300], [0.08879999816417694, 0.06340000033378601, 350], [0.10239999741315842, 0.08320000022649765, 400], [0.14319999516010284, 0.0965999960899353, 450], [0.36079999804496765, 0.11739999800920486, 500], [0.3840000033378601, 0.08980000019073486, 550], [0.15519998967647552, 0.0867999941110611, 600], [0.25279998779296875, 0.09380000084638596, 650], [0.2703999876976013, 0.10080000013113022, 700], [0.3879999816417694, 0.09059999883174896, 750], [0.18079999089241028, 0.08699999749660492, 768]], "ernie-m-base_pytorch": [[0.13599999248981476, 0.10779999941587448, 100], [0.11679999530315399, 0.11019999533891678, 150], [0.07199999690055847, 0.19579999148845673, 200], [0.1695999950170517, 0.2635999917984009, 250], [0.13040000200271606, 0.1979999989271164, 300], [0.15919999778270721, 0.24939998984336853, 350], [0.25360000133514404, 0.280599981546402, 400], [0.3407999873161316, 0.3188000023365021, 450], [0.31039997935295105, 0.28839999437332153, 500], [0.30640000104904175, 0.20179998874664307, 550], [0.30399999022483826, 0.1021999940276146, 600], [0.3879999816417694, 0.1273999959230423, 650], [0.4423999786376953, 0.13819999992847443, 700], [0.47439998388290405, 0.14839999377727509, 750], [0.4296000003814697, 0.1436000019311905, 768]]}}