{"ro-en": {"bert-base-multilingual-uncased": [[0.11743119359016418, 0.015142245218157768, 100], [0.09480122476816177, 0.02814316377043724, 150], [0.18165136873722076, 0.026460690423846245, 200], [0.39266055822372437, 0.03472009673714638, 250], [0.41834861040115356, 0.0464974008500576, 300], [0.36330273747444153, 0.060110125690698624, 350], [0.37737002968788147, 0.08718262612819672, 400], [0.5388379096984863, 0.08901804685592651, 450], [0.6366972327232361, 0.12511470913887024, 500], [0.6691131591796875, 0.13337412476539612, 550], [0.7015290260314941, 0.14148057997226715, 600], [0.7192660570144653, 0.13750381767749786, 650], [0.7198776602745056, 0.12083205580711365, 700], [0.7737002968788147, 0.11899663507938385, 750], [0.8079510927200317, 0.1219027191400528, 768]], "mt5-base": [[0.19755351543426514, 0.09406546503305435, 100], [0.3180428147315979, 0.1622820496559143, 150], [0.4226299822330475, 0.1966962367296219, 200], [0.49969419836997986, 0.2431936413049698, 250], [0.6856269240379333, 0.20434384047985077, 300], [0.6409785747528076, 0.20220251381397247, 350], [0.7516819834709167, 0.2502294182777405, 400], [0.6183485984802246, 0.2705720365047455, 450], [0.6159021258354187, 0.2945854961872101, 500], [0.7235473990440369, 0.31202203035354614, 550], [0.777370035648346, 0.33205872774124146, 600], [0.740672767162323, 0.3482716381549835, 650], [0.8116207718849182, 0.36157846450805664, 700], [0.8293578028678894, 0.37886202335357666, 750], [0.831192672252655, 0.3802385926246643, 768]], "xlm-roberta-base": [[0.14862385392189026, 0.03303762525320053, 100], [0.06788990646600723, 0.01927194930613041, 150], [0.015902141109108925, 0.031202202662825584, 200], [0.02568807266652584, 0.049556437879800797, 250], [0.0330275222659111, 0.039920464158058167, 300], [0.078899085521698, 0.055368613451719284, 350], [0.07706422358751297, 0.0726521909236908, 400], [0.09847094863653183, 0.09100642055273056, 450], [0.15718653798103333, 0.10752523690462112, 500], [0.17675840854644775, 0.07907617092132568, 550], [0.09113150089979172, 0.0744876116514206, 600], [0.13822630047798157, 0.08045274019241333, 650], [0.1474006175994873, 0.08840624243021011, 700], [0.1730886846780777, 0.08672376722097397, 750], [0.28868502378463745, 0.08259406685829163, 768]], "ernie-m-base_pytorch": [[0.13333334028720856, 0.0917711853981018, 100], [0.11620794981718063, 0.10048944503068924, 150], [0.09969419240951538, 0.16763536632061005, 200], [0.17431192100048065, 0.2364637553691864, 250], [0.1981651335954666, 0.17130620777606964, 300], [0.21957185864448547, 0.21382686495780945, 350], [0.26788991689682007, 0.24961762130260468, 400], [0.3033639192581177, 0.29198530316352844, 450], [0.44648319482803345, 0.27072498202323914, 500], [0.4146789014339447, 0.189048632979393, 550], [0.35779815912246704, 0.09528908133506775, 600], [0.4733944833278656, 0.1194554939866066, 650], [0.4556574821472168, 0.13230346143245697, 700], [0.5614678859710693, 0.1401040107011795, 750], [0.582874596118927, 0.13551545143127441, 768]]}}