{"fr-de": {"bert-base-multilingual-uncased": [[0.9508942281020805, 0.07286532383496111, 100], [0.9685549510489152, 0.15438447666633537, 150], [0.9775649603739189, 0.16891033423845705, 200], [0.9849369255089385, 0.20101566026031534, 250], [0.9858291345080337, 0.21302560879326995, 300], [0.9883893370416178, 0.19182549215831965, 350], [0.9883752457404982, 0.22916099294990833, 400], [0.989818261249454, 0.23633612741996923, 450], [0.988541855697819, 0.25700352313328034, 500], [0.9904078105115203, 0.27354600500417847, 550], [0.9896116319969532, 0.2747292650656101, 600], [0.9890659803344288, 0.2908382091193919, 650], [0.9910539205952051, 0.2852868808740028, 700], [0.9922264992907196, 0.2958903570133668, 750], [0.9909726469588855, 0.2997232945818213, 768]], "mt5-base": [[0.8836495260528472, 0.15545522529600722, 100], [0.920024115144018, 0.2330385071187177, 150], [0.9336147641248488, 0.28432847303787023, 200], [0.9438515723792645, 0.3296134188388355, 250], [0.9431817490846455, 0.32517432216636355, 300], [0.9482895637499278, 0.36487794090061226, 350], [0.9502504438364412, 0.4139520471855443, 400], [0.950859758832284, 0.38304154211036673, 450], [0.9502587338246088, 0.4183945382915245, 500], [0.9509370275886141, 0.43352606006502536, 550], [0.9520985847388733, 0.45886258698887916, 600], [0.9540085253004181, 0.474292264209684, 650], [0.9533445893676765, 0.5069363004326903, 700], [0.955574668899363, 0.5229277765404858, 750], [0.9562821727906823, 0.5237105642211008, 768]], "xlm-roberta-base": [[0.8842057776642571, 0.01727844058285697, 100], [0.9310839121700434, 0.01888016655852863, 150], [0.9344499915019897, 0.0309622601745294, 200], [0.9482035326771122, 0.036532851829096144, 250], [0.9539667078641172, 0.045710471198284655, 300], [0.9570505434856756, 0.037712081040707876, 350], [0.9620140434685304, 0.04112695857273605, 400], [0.9662603916577265, 0.04560010670319181, 450], [0.9645880116095997, 0.06852287930621286, 500], [0.9673199850536072, 0.06692869906635084, 550], [0.961753125241906, 0.05603268814277406, 600], [0.9635724094250945, 0.05754389022170643, 650], [0.9647340875842287, 0.05373407514505162, 700], [0.9537471253417759, 0.029937543790244846, 750], [0.9540715112150878, 0.030111152350286264, 768]], "ernie-m-base_pytorch": [[0.9525934503418116, 0.3862773379050303, 100], [0.9635417108942896, 0.18937602429706182, 150], [0.9688102524004993, 0.18345147969700668, 200], [0.9749965206393559, 0.24664137658333582, 250], [0.9779064541334629, 0.25827805906923623, 300], [0.9770026582727143, 0.3341358460428304, 350], [0.9780053653383457, 0.3867472073230928, 400], [0.9806750399527847, 0.4397647522133959, 450], [0.9819019809677547, 0.5044057641320496, 500], [0.983843796116223, 0.44111477582459124, 550], [0.9811416410206745, 0.47406706134742044, 600], [0.9814144539634999, 0.5017304329914882, 650], [0.9828996375698674, 0.5178594385190944, 700], [0.9826815029550442, 0.5277469634916019, 750], [0.9838819303072853, 0.5374890745557641, 768]]}}