{"fr-de": {"bert-base-multilingual-uncased": [[0.9617430440823543, 0.07232735821933406, 100], [0.9819466666666667, 0.15739021758749921, 150], [0.9850666666666666, 0.17577206150516417, 200], [0.98592, 0.20183877255365584, 250], [0.9886, 0.21504717536896623, 300], [0.9888533333333333, 0.19526887180590205, 350], [0.9894666666666664, 0.23456662194877295, 400], [0.9886, 0.2412532565907954, 450], [0.9914666666666666, 0.25976831281150053, 500], [0.9902, 0.2768927730338024, 550], [0.9903333333333334, 0.27592393943334276, 600], [0.9912666666666666, 0.29000073054052905, 650], [0.9920666666666667, 0.2860941307007422, 700], [0.9928666666666666, 0.2961557688935962, 750], [0.993, 0.3004151570948657, 768]], "mt5-base": [[0.9047434098653193, 0.16759512281868666, 100], [0.9403393670442212, 0.2458411139030366, 150], [0.9506674056245183, 0.3004549694971885, 200], [0.9628468928457165, 0.34248346204316676, 250], [0.9602236135031835, 0.3355225255250398, 300], [0.9627819864657662, 0.3735939166272209, 350], [0.9649315425390476, 0.4257612095577083, 400], [0.9639763810224862, 0.39503592446026803, 450], [0.9647670334866078, 0.43117405264726266, 500], [0.9651892652645006, 0.44524105894210825, 550], [0.9640221507701042, 0.4726345844785471, 600], [0.9661291988474905, 0.4867408458028846, 650], [0.9646000813977904, 0.517919723879494, 700], [0.963860835883071, 0.5349120569906294, 750], [0.9649865538868435, 0.5343326567175463, 768]], "xlm-roberta-base": [[0.900924998623962, 0.021514556155813436, 100], [0.9448662326354373, 0.02181261912363163, 150], [0.9554301829357977, 0.033823487657302635, 200], [0.9655707156763889, 0.04018006524299438, 250], [0.9660247282712635, 0.056099037762787726, 300], [0.9688355745384406, 0.04819813932312868, 350], [0.9732457980016205, 0.05328803649910316, 400], [0.9744549720338141, 0.05803956751887045, 450], [0.9726446217229834, 0.0785107653048379, 500], [0.9748839988913489, 0.07826183037103714, 550], [0.9710772670317408, 0.06510246129098159, 600], [0.9765144594449741, 0.06701431265473362, 650], [0.9770644543030654, 0.06156427618437085, 700], [0.9674440346355768, 0.03484661850449605, 750], [0.9668263680826749, 0.03512922439582802, 768]], "ernie-m-base_pytorch": [[0.9703145441122186, 0.3970842069583123, 100], [0.9792991679309296, 0.19908692786496732, 150], [0.9832620937220101, 0.19467063071313545, 200], [0.9889357097301621, 0.2576099642401325, 250], [0.989696176702112, 0.2781427848647611, 300], [0.9906030569152509, 0.3596361300094277, 350], [0.9920038255651403, 0.4083395838038558, 400], [0.9910729030605712, 0.45819111834429793, 450], [0.9920335396744564, 0.5240039192516338, 500], [0.9930984867359551, 0.4592306156978383, 550], [0.9930077836970331, 0.49293083617597105, 600], [0.9926070869429079, 0.520130859366594, 650], [0.9924736928104574, 0.5352389162549531, 700], [0.9932743222998797, 0.5415084064188808, 750], [0.993274720252167, 0.549325639942746, 768]]}}