{"fr-de": {"bert-base-multilingual-uncased": [[0.9491458480969007, 0.07232735821933406, 100], [0.9737752380952381, 0.15739021758749921, 150], [0.9848266666666666, 0.17577206150516417, 200], [0.9860933333333334, 0.20183877255365584, 250], [0.9880533333333335, 0.21504717536896623, 300], [0.99036, 0.19526887180590205, 350], [0.9900933333333333, 0.23456662194877295, 400], [0.9910933333333334, 0.2412532565907954, 450], [0.9911866666666665, 0.25976831281150053, 500], [0.9918933333333333, 0.2768927730338024, 550], [0.9916266666666669, 0.27592393943334276, 600], [0.9922533333333334, 0.29000073054052905, 650], [0.9926933333333332, 0.2860941307007422, 700], [0.9927333333333334, 0.2961557688935962, 750], [0.9931333333333334, 0.3004151570948657, 768]], "mt5-base": [[0.8717074798648173, 0.16759512281868666, 100], [0.9185194148183362, 0.2458411139030366, 150], [0.9352734055003029, 0.3004549694971885, 200], [0.9402641969012627, 0.34248346204316676, 250], [0.9399206780978878, 0.3355225255250398, 300], [0.9480751876437101, 0.3735939166272209, 350], [0.9495148957183169, 0.4257612095577083, 400], [0.9493241689228514, 0.39503592446026803, 450], [0.9479398362328811, 0.43117405264726266, 500], [0.9465610090118877, 0.44524105894210825, 550], [0.9482943587154338, 0.4726345844785471, 600], [0.9478866910399539, 0.4867408458028846, 650], [0.9516005306758573, 0.517919723879494, 700], [0.955855918360546, 0.5349120569906294, 750], [0.9570934651250441, 0.5343326567175463, 768]], "xlm-roberta-base": [[0.8846211889085722, 0.021514556155813436, 100], [0.919712181115704, 0.02181261912363163, 150], [0.9411672420896084, 0.033823487657302635, 200], [0.9576744172151166, 0.04018006524299438, 250], [0.9605310304914078, 0.056099037762787726, 300], [0.9705568062308101, 0.04819813932312868, 350], [0.9743284865323505, 0.05328803649910316, 400], [0.9765319355943817, 0.05803956751887045, 450], [0.9744436566172213, 0.0785107653048379, 500], [0.9760933469100559, 0.07826183037103714, 550], [0.9772854268795591, 0.06510246129098159, 600], [0.9784768708624708, 0.06701431265473362, 650], [0.9807574660146647, 0.06156427618437085, 700], [0.9788442899620065, 0.03484661850449605, 750], [0.9809515668389582, 0.03512922439582802, 768]], "ernie-m-base_pytorch": [[0.9634223335523868, 0.3970842069583123, 100], [0.9766379157739533, 0.19908692786496732, 150], [0.9783121087316813, 0.19467063071313545, 200], [0.9860028721221792, 0.2576099642401325, 250], [0.9876035294117647, 0.2781427848647611, 300], [0.9892039892875754, 0.3596361300094277, 350], [0.9896049035303588, 0.4083395838038558, 400], [0.9894732084792697, 0.45819111834429793, 450], [0.9898311848205326, 0.5240039192516338, 500], [0.9907649810607887, 0.4592306156978383, 550], [0.9896998302199672, 0.49293083617597105, 600], [0.9899672264589535, 0.520130859366594, 650], [0.9907673735062293, 0.5352389162549531, 700], [0.9912352507527376, 0.5415084064188808, 750], [0.9912350313950313, 0.549325639942746, 768]]}}