{"fr-de": {"bert-base-multilingual-uncased": [[0.9460933628327063, 0.07286530973079482, 100], [0.9692787636920904, 0.15438442806341768, 150], [0.980059900113691, 0.16891029979190553, 200], [0.9837726087847513, 0.20101532258226376, 250], [0.9867363873496177, 0.2130255917632955, 300], [0.987330508227756, 0.191822848782504, 350], [0.9889456822484348, 0.229132901372986, 400], [0.9901091427211234, 0.2363362437693825, 450], [0.9896059778651524, 0.25700350995695054, 500], [0.9894916893854606, 0.2735451916119398, 550], [0.9902143073178462, 0.2747289424272306, 600], [0.9907381341376568, 0.2908465295451005, 650], [0.9904004385205704, 0.2852852605932943, 700], [0.9897834154221942, 0.29589200313180597, 750], [0.9897687986639774, 0.29973247971746486, 768]], "mt5-base": [[0.8375380423733151, 0.15545512732495806, 100], [0.8904855637806892, 0.23303848825933032, 150], [0.9127979925919919, 0.28432847796253413, 200], [0.9250969831493739, 0.3296137631684234, 250], [0.9229121021245187, 0.32517542119184406, 300], [0.931357321626197, 0.3648819735223305, 350], [0.9331850491471965, 0.41395126305099705, 400], [0.932094454062139, 0.38304091276323454, 450], [0.9323147051627569, 0.4183958892975451, 500], [0.9362376263960908, 0.4336020341170614, 550], [0.9346098673354699, 0.45886256292589195, 600], [0.9396258173390111, 0.47429110674993563, 650], [0.9426741821907749, 0.5069211472143987, 700], [0.9434403346639539, 0.5229339018614285, 750], [0.94363978283624, 0.5236968882873704, 768]], "xlm-roberta-base": [[0.8727705709357171, 0.017278430893433245, 100], [0.9023771036702284, 0.018880168546224693, 150], [0.9291125583959934, 0.030962248869916064, 200], [0.9470248950417344, 0.03653269700599572, 250], [0.9480442356943956, 0.045707803949162226, 300], [0.9606835446226409, 0.037712770280598995, 350], [0.9658256206844771, 0.041126480178565294, 400], [0.9693528242535903, 0.045602649260827265, 450], [0.9644387545755997, 0.06852275354027768, 500], [0.9650810935774436, 0.06692837362270831, 550], [0.9646144182510326, 0.05603400225721019, 600], [0.9683439697612103, 0.05754422533790858, 650], [0.9703818012499029, 0.05373424296151318, 700], [0.9704431331670791, 0.02993642893405741, 750], [0.9708124492570918, 0.030112098734719657, 768]], "ernie-m-base_pytorch": [[0.9448522308736904, 0.3862773710323687, 100], [0.9596873650011296, 0.189375876200539, 150], [0.9591474017075483, 0.18345143334307532, 200], [0.9679254806685449, 0.24664169856748783, 250], [0.973782438491127, 0.25830384246129034, 300], [0.9767590948363399, 0.3341352171798282, 350], [0.9779698916815549, 0.3867475729625909, 400], [0.9795859030605644, 0.4397652592683179, 450], [0.9803486389302779, 0.504495581749056, 500], [0.9798502547578988, 0.44110992797442, 550], [0.9800947200436367, 0.47406467091952564, 600], [0.9816870839754135, 0.5017302192933523, 650], [0.9824556044702564, 0.5178634852872406, 700], [0.9829334237095436, 0.5277487938723356, 750], [0.9825415019251273, 0.5374911056630183, 768]]}}