{"fr-de": {"bert-base-multilingual-uncased": [[0.4392987777457509, 0.07232735821933406, 100], [0.5103189033139142, 0.15739021758749921, 150], [0.736685091825962, 0.17577206150516417, 200], [0.7649886360985837, 0.20183877255365584, 250], [0.9283704460761948, 0.21504717536896623, 300], [0.8613642681967298, 0.19526887180590205, 350], [0.912077886828941, 0.23456662194877295, 400], [0.9316590620924562, 0.2412532565907954, 450], [0.9226607470261379, 0.25976831281150053, 500], [0.9256869167636833, 0.2768927730338024, 550], [0.9503250370497232, 0.27592393943334276, 600], [0.933776133738649, 0.29000073054052905, 650], [0.943086455623849, 0.2860941307007422, 700], [0.9287968488108393, 0.2961557688935962, 750], [0.9448924986110693, 0.3004151570948657, 768]], "mt5-base": [[0.3210423264829378, 0.16759512281868666, 100], [0.4819052667349624, 0.2458411139030366, 150], [0.7269508035918969, 0.3004549694971885, 200], [0.6944110981607462, 0.34248346204316676, 250], [0.6262710643971153, 0.3355225255250398, 300], [0.7342024276522808, 0.3735939166272209, 350], [0.7631835114764728, 0.4257612095577083, 400], [0.8381077920984309, 0.39503592446026803, 450], [0.8531527226594959, 0.43117405264726266, 500], [0.8650996451296727, 0.44524105894210825, 550], [0.89019252326681, 0.4726345844785471, 600], [0.9044415447595211, 0.4867408458028846, 650], [0.8592222338413907, 0.517919723879494, 700], [0.8936748030766043, 0.5349120569906294, 750], [0.8757575269965667, 0.5343326567175463, 768]], "xlm-roberta-base": [[0.17071901478488083, 0.021514556155813436, 100], [0.23708839467868692, 0.02181261912363163, 150], [0.2247620657464468, 0.033823487657302635, 200], [0.19735175035104188, 0.04018006524299438, 250], [0.3486077951770404, 0.056099037762787726, 300], [0.4196104534939749, 0.04819813932312868, 350], [0.4150364907803696, 0.05328803649910316, 400], [0.5204643263105435, 0.05803956751887045, 450], [0.5521963647778592, 0.0785107653048379, 500], [0.5623363243419174, 0.07826183037103714, 550], [0.43080187969237077, 0.06510246129098159, 600], [0.47133760328811203, 0.06701431265473362, 650], [0.644680771383697, 0.06156427618437085, 700], [0.5633266315707072, 0.03484661850449605, 750], [0.26877834816786184, 0.03512922439582802, 768]], "ernie-m-base_pytorch": [[0.656374521112598, 0.3970842069583123, 100], [0.6892935158827089, 0.19908692786496732, 150], [0.5325428686363085, 0.19467063071313545, 200], [0.6421123950433731, 0.2576099642401325, 250], [0.7176411100647705, 0.2781427848647611, 300], [0.7376703018188102, 0.3596361300094277, 350], [0.8078024474764895, 0.4083395838038558, 400], [0.8264982159994985, 0.45819111834429793, 450], [0.8738434863907838, 0.5240039192516338, 500], [0.8256197198268573, 0.4592306156978383, 550], [0.7897951610019075, 0.49293083617597105, 600], [0.8782370613360321, 0.520130859366594, 650], [0.8768280177834218, 0.5352389162549531, 700], [0.904386607487717, 0.5415084064188808, 750], [0.8991909071048061, 0.549325639942746, 768]]}}