{"fr-de": {"bert-base-multilingual-uncased": [[0.413089623572496, 0.07286530973079482, 100], [0.48889313345835145, 0.15438442806341768, 150], [0.7730615351940505, 0.16891029979190553, 200], [0.7740645556086061, 0.20101532258226376, 250], [0.8811886714419411, 0.2130255917632955, 300], [0.883005751219149, 0.191822848782504, 350], [0.8811772295061748, 0.229132901372986, 400], [0.8966725299113564, 0.2363362437693825, 450], [0.9142140016767781, 0.25700350995695054, 500], [0.9118698026398259, 0.2735451916119398, 550], [0.9338640559930913, 0.2747289424272306, 600], [0.9382657415544878, 0.2908465295451005, 650], [0.9494007499083433, 0.2852852605932943, 700], [0.9275524932803066, 0.29589200313180597, 750], [0.9355875365051454, 0.29973247971746486, 768]], "mt5-base": [[0.300906945499729, 0.15545512732495806, 100], [0.3716565615845098, 0.23303848825933032, 150], [0.6278459173247479, 0.28432847796253413, 200], [0.6158949481696676, 0.3296137631684234, 250], [0.6411937264683841, 0.32517542119184406, 300], [0.681738001346812, 0.3648819735223305, 350], [0.7648980651569808, 0.41395126305099705, 400], [0.7997207825948432, 0.38304091276323454, 450], [0.8445335778489312, 0.4183958892975451, 500], [0.8656584791434832, 0.4336020341170614, 550], [0.8531935302667321, 0.45886256292589195, 600], [0.8718072008855353, 0.47429110674993563, 650], [0.8763841098358107, 0.5069211472143987, 700], [0.8792658542905951, 0.5229339018614285, 750], [0.8708508455026436, 0.5236968882873704, 768]], "xlm-roberta-base": [[0.11247117123917318, 0.017278430893433245, 100], [0.2385463543873378, 0.018880168546224693, 150], [0.12841679983353763, 0.030962248869916064, 200], [0.15698412539292095, 0.03653269700599572, 250], [0.20299842479481975, 0.045707803949162226, 300], [0.3882415666591775, 0.037712770280598995, 350], [0.36596353668288367, 0.041126480178565294, 400], [0.4843774855089798, 0.045602649260827265, 450], [0.45505938133244606, 0.06852275354027768, 500], [0.40045225844495735, 0.06692837362270831, 550], [0.3622412624730004, 0.05603400225721019, 600], [0.3662621005406017, 0.05754422533790858, 650], [0.5280547162373384, 0.05373424296151318, 700], [0.48408983046143456, 0.02993642893405741, 750], [0.44923924073582067, 0.030112098734719657, 768]], "ernie-m-base_pytorch": [[0.5815922490699428, 0.3862773710323687, 100], [0.6215264265560078, 0.189375876200539, 150], [0.4845542553518538, 0.18345143334307532, 200], [0.6355674403808739, 0.24664169856748783, 250], [0.5987596354210912, 0.25830384246129034, 300], [0.695657645023579, 0.3341352171798282, 350], [0.746887516905204, 0.3867475729625909, 400], [0.7974938965628368, 0.4397652592683179, 450], [0.8178754868408904, 0.504495581749056, 500], [0.7951050146490184, 0.44110992797442, 550], [0.8101398931717503, 0.47406467091952564, 600], [0.7990166894847405, 0.5017302192933523, 650], [0.8552530627006757, 0.5178634852872406, 700], [0.8722990260035314, 0.5277487938723356, 750], [0.8733760268389045, 0.5374911056630183, 768]]}}