{"en-de": {"bert-base-multilingual-uncased": [[0.917030328558352, 0.1082238998320146, 100], [0.9507709385057633, 0.16400951604796132, 150], [0.9622307270797776, 0.18406080833761063, 200], [0.9692981114507184, 0.2481712902635955, 250], [0.9700260207092656, 0.24776540169703448, 300], [0.9764644920149507, 0.29240212240380004, 350], [0.9780287711414843, 0.3220724264808295, 400], [0.9797430164726441, 0.30950397076547886, 450], [0.9798932090675209, 0.2858669565103447, 500], [0.980599242755206, 0.31769019466114456, 550], [0.9820809669433522, 0.3328821642966247, 600], [0.9845591025162961, 0.30661436128164027, 650], [0.9835655304860813, 0.2993571051377648, 700], [0.9851121118093596, 0.3358809575423856, 750], [0.9845587751122257, 0.34222895412367593, 768]], "mt5-base": [[0.9021897971257798, 0.18955792204385358, 100], [0.9337863459834601, 0.2511973499397233, 150], [0.9475680550637579, 0.3009561143772697, 200], [0.9577296150347689, 0.3849980812847269, 250], [0.9505822388175947, 0.37534544199972397, 300], [0.9552692830072115, 0.4047804506098923, 350], [0.9546128851019298, 0.46941901111394563, 400], [0.9568596840665929, 0.4398990903722004, 450], [0.9584653074025175, 0.4672611562415834, 500], [0.9579271580377285, 0.4992983991141403, 550], [0.9570588697804835, 0.5318063820846156, 600], [0.9557495720602136, 0.5442982393152844, 650], [0.957471686078319, 0.5730622778902922, 700], [0.9598874975500186, 0.5994719944111784, 750], [0.9591608365274026, 0.5847011822791102, 768]], "xlm-roberta-base": [[0.8981205051522512, 0.04411027498897427, 100], [0.9362059158269923, 0.024018212454180066, 150], [0.9383686745212365, 0.027888767903389636, 200], [0.9533365248249078, 0.04742144579809592, 250], [0.9568179921782833, 0.08049433133701363, 300], [0.9623703650477944, 0.08315005603857598, 350], [0.969124975937127, 0.09255869647869085, 400], [0.9720860590421897, 0.10993038854284419, 450], [0.9718142388368907, 0.200442628264661, 500], [0.9717447233905466, 0.21320989953060307, 550], [0.9703791684990933, 0.21382876926326586, 600], [0.9733783101288789, 0.24327943195663093, 650], [0.9748763778998132, 0.23526028908342023, 700], [0.9632590524506476, 0.06051981113898016, 750], [0.9638545469030145, 0.05852476731639193, 768]], "ernie-m-base_pytorch": [[0.9570919733858657, 0.36358646316870524, 100], [0.9658447591902112, 0.3021022997531751, 150], [0.9674136279825558, 0.3988323954237311, 200], [0.9724579911164662, 0.4721547330569866, 250], [0.9741408955739166, 0.558528577804255, 300], [0.9778273520256427, 0.5951859184290907, 350], [0.9774704938845181, 0.6198780370140452, 400], [0.9824964938107619, 0.6571760776670141, 450], [0.9831992595181853, 0.6778675343301102, 500], [0.9831122944599452, 0.6806745136067142, 550], [0.983219814054754, 0.6811140952744639, 600], [0.9841256206226204, 0.7031429131812692, 650], [0.9849651767209797, 0.7149706449223898, 700], [0.985038068909898, 0.6313456463344036, 750], [0.9854011231948472, 0.6390520399480653, 768]]}}