{"en-de": {"bert-base-multilingual-uncased": [[0.9326251017795194, 0.12412848038050156, 100], [0.9641328542568542, 0.17317704185800514, 150], [0.9716331601731603, 0.19613345137721352, 200], [0.9779993939393938, 0.26511249148306176, 250], [0.9797614492753625, 0.27241472647404064, 300], [0.9832439826839827, 0.3117452788743827, 350], [0.985631111111111, 0.3375260082674095, 400], [0.9856066666666667, 0.3283833818580199, 450], [0.9860466666666667, 0.29733541759143894, 500], [0.9869600000000001, 0.32671451535078855, 550], [0.9874933333333332, 0.34339780379887314, 600], [0.9888933333333331, 0.3165607878644327, 650], [0.9872533333333334, 0.31212418850014867, 700], [0.9858266666666666, 0.3473608955990593, 750], [0.98536, 0.3542599444773624, 768]], "mt5-base": [[0.9253489549914248, 0.2011041502845512, 100], [0.9466550180165278, 0.2642109835196152, 150], [0.9609882279238376, 0.3144952817083324, 200], [0.9668235842293907, 0.40248816535683557, 250], [0.9641233771252903, 0.3918003041705465, 300], [0.9684512146676852, 0.4201354669861939, 350], [0.9661096392496392, 0.4883489803802174, 400], [0.9663013245577952, 0.46029942905805904, 450], [0.9662193650793651, 0.4902497240701383, 500], [0.9682221544347127, 0.5196789129645772, 550], [0.9675413549418354, 0.5495459418599691, 600], [0.9676643956043955, 0.5652841822020589, 650], [0.9661158574758574, 0.5950528865771167, 700], [0.9690835101010101, 0.6219914294924883, 750], [0.9688122388722388, 0.6081230862956792, 768]], "xlm-roberta-base": [[0.9081512861560426, 0.05137562808347738, 100], [0.9532646487196847, 0.028205177252418834, 150], [0.9587781490077003, 0.03193441050076822, 200], [0.9698895016883649, 0.0525619049159294, 250], [0.9689132593094412, 0.09124742691684423, 300], [0.973614497151398, 0.09697888359041607, 350], [0.9765804648143905, 0.10686883942749585, 400], [0.9782269023844932, 0.12211103205390089, 450], [0.9779734997362942, 0.22046461117331165, 500], [0.9775526214526213, 0.23170787522989095, 550], [0.9775261282720675, 0.23216335989706707, 600], [0.9808184117032391, 0.26298180055878534, 650], [0.9803617460317459, 0.2566330558973042, 700], [0.9731302165670586, 0.06634015137393605, 750], [0.9750010601995706, 0.0641283974115352, 768]], "ernie-m-base_pytorch": [[0.9777756299913771, 0.3822661379485512, 100], [0.9835169421970337, 0.3225037748488708, 150], [0.9813056103068908, 0.41832478691604447, 200], [0.9851278471550202, 0.48714633838575555, 250], [0.9870813805500016, 0.5704862789260259, 300], [0.9893908053524934, 0.6086529868433971, 350], [0.9887096051007817, 0.6325846625473835, 400], [0.9893523582530172, 0.6730864129186168, 450], [0.9891171600476588, 0.6888598770414283, 500], [0.9892755503663003, 0.6922305412752517, 550], [0.9894406538446016, 0.6940638472444111, 600], [0.9922570752263724, 0.7169305797812211, 650], [0.9909630914183856, 0.7278467779201812, 700], [0.9910753216490812, 0.6432059763862447, 750], [0.9922523150661081, 0.6523708651106559, 768]]}}