{"en-de": {"bert-base-multilingual-uncased": [[0.9076637135960318, 0.10822389729645664, 100], [0.9456776552451522, 0.1640098495643775, 150], [0.9631388387351691, 0.18406141096049025, 200], [0.9684949152953741, 0.24817164466212427, 250], [0.9731680097118252, 0.24776428858878025, 300], [0.9780201483871208, 0.29239984424276116, 350], [0.9815714543696195, 0.3220752068903905, 400], [0.9826391702079778, 0.3095015507376381, 450], [0.9839938578121807, 0.2858669561502817, 500], [0.9842383050181216, 0.3176901688021351, 550], [0.982653231919287, 0.3328834372038097, 600], [0.9834613844361552, 0.30662716405180657, 650], [0.9838310622556116, 0.2993551510178123, 700], [0.984485561713324, 0.3358809563759608, 750], [0.9847613820090885, 0.34223225458707773, 768]], "mt5-base": [[0.8755469866881241, 0.18955739321753584, 100], [0.9104739084795128, 0.251196759333264, 150], [0.931449920152053, 0.3009562488444196, 200], [0.9399088535005637, 0.38499800975072157, 250], [0.9394715131536768, 0.3753490320355148, 300], [0.9413056849270873, 0.4047928572789852, 350], [0.944996673737736, 0.46941522313043793, 400], [0.9448354926633468, 0.43989851469090646, 450], [0.9463324640254192, 0.46726213965525254, 500], [0.9434279871529228, 0.4992996051696911, 550], [0.9459968770744224, 0.5317942110382419, 600], [0.9469017322419877, 0.5442985262903661, 650], [0.950854427067636, 0.57313929668311, 700], [0.9527006069433667, 0.5994388118342381, 750], [0.9535808246526039, 0.5847010777815875, 768]], "xlm-roberta-base": [[0.8765544038313636, 0.04411031385776337, 100], [0.9036056165976738, 0.02401821311297483, 150], [0.9239716212804172, 0.027888755548835416, 200], [0.9414171801538783, 0.047424475556032984, 250], [0.9512877926508982, 0.08049416228432525, 300], [0.961012625619784, 0.08314910571337915, 350], [0.9659930305928507, 0.09255836719209826, 400], [0.9700331786984032, 0.10993013885951627, 450], [0.9655832119221126, 0.20044264955093222, 500], [0.9668372476700275, 0.21320978402754737, 550], [0.9700290215829112, 0.21382207131667413, 600], [0.9711932126404492, 0.24328915297318066, 650], [0.9738774543198303, 0.23526462422008795, 700], [0.9758193788582981, 0.060440902436865215, 750], [0.9756225015590696, 0.05854821677538536, 768]], "ernie-m-base_pytorch": [[0.9469380761307613, 0.3635864631882633, 100], [0.961098564744882, 0.30210231109203184, 150], [0.9626075849127084, 0.39883175515206937, 200], [0.9681572140687286, 0.4721550245839433, 250], [0.9704008584327136, 0.5585362001511542, 300], [0.9765671355778213, 0.5951850514250744, 350], [0.9783313185108256, 0.6198778975710403, 400], [0.9823087058195061, 0.6571724359533694, 450], [0.9794988799398706, 0.6778420436045197, 500], [0.9791297333954201, 0.6806742328646944, 550], [0.9808382389662431, 0.6810350341053274, 600], [0.9818829617673418, 0.7030741417072616, 650], [0.9827864459437812, 0.7148550737902395, 700], [0.9837186342165752, 0.6313736632965476, 750], [0.9836599946933661, 0.6390527081976313, 768]]}}