{"en-de": {"bert-base-multilingual-uncased": [[0.922451082391783, 0.12412848038050156, 100], [0.9587960180186194, 0.17317704185800514, 150], [0.9704737301587302, 0.19613345137721352, 200], [0.9755233211233212, 0.26511249148306176, 250], [0.9788239084048919, 0.27241472647404064, 300], [0.9855601269841269, 0.3117452788743827, 350], [0.9854472325741892, 0.3375260082674095, 400], [0.9856840941434044, 0.3283833818580199, 450], [0.9869076190476191, 0.29733541759143894, 500], [0.9850936263736263, 0.32671451535078855, 550], [0.9848266666666669, 0.34339780379887314, 600], [0.9852954385964912, 0.3165607878644327, 650], [0.9866076190476191, 0.31212418850014867, 700], [0.9854385714285714, 0.3473608955990593, 750], [0.9858356302521007, 0.3542599444773624, 768]], "mt5-base": [[0.8862558451247867, 0.2011041502845512, 100], [0.9185157475334926, 0.2642109835196152, 150], [0.9363232851497367, 0.3144952817083324, 200], [0.9488215184815184, 0.40248816535683557, 250], [0.9466880338725736, 0.3918003041705465, 300], [0.9517716434574233, 0.4201354669861939, 350], [0.9534730300240731, 0.4883489803802174, 400], [0.9523862217893726, 0.46029942905805904, 450], [0.9512871581124231, 0.4902497240701383, 500], [0.9485190241210596, 0.5196789129645772, 550], [0.9496957826544014, 0.5495459418599691, 600], [0.9498247726834569, 0.5652841822020589, 650], [0.9511362905982907, 0.5950528865771167, 700], [0.953281052631579, 0.6219914294924883, 750], [0.9535170386981774, 0.6081230862956792, 768]], "xlm-roberta-base": [[0.8883434499763071, 0.05137562808347738, 100], [0.9225399504941831, 0.028205177252418834, 150], [0.9355513107130339, 0.03193441050076822, 200], [0.9563419196842584, 0.0525619049159294, 250], [0.9626337108493576, 0.09124742691684423, 300], [0.9693125938820584, 0.09697888359041607, 350], [0.9719180937836672, 0.10686883942749585, 400], [0.9726028012189089, 0.12211103205390089, 450], [0.9689472090043637, 0.22046461117331165, 500], [0.9707879011110252, 0.23170787522989095, 550], [0.9713822869449912, 0.23216335989706707, 600], [0.9731479179628177, 0.26298180055878534, 650], [0.975079926586196, 0.2566330558973042, 700], [0.9757652248567945, 0.06634015137393605, 750], [0.9766841403270271, 0.0641283974115352, 768]], "ernie-m-base_pytorch": [[0.9657517926128452, 0.3822661379485512, 100], [0.9696666929325355, 0.3225037748488708, 150], [0.9749812931531547, 0.41832478691604447, 200], [0.9797026901761005, 0.48714633838575555, 250], [0.983376196903904, 0.5704862789260259, 300], [0.9851390849595587, 0.6086529868433971, 350], [0.9878709243697478, 0.6325846625473835, 400], [0.9886743445625412, 0.6730864129186168, 450], [0.9855245102961957, 0.6888598770414283, 500], [0.987030633114327, 0.6922305412752517, 550], [0.9861269856035436, 0.6940638472444111, 600], [0.988421137849079, 0.7169305797812211, 650], [0.9891845468509984, 0.7278467779201812, 700], [0.9886436601307188, 0.6432059763862447, 750], [0.9893083721833722, 0.6523708651106559, 768]]}}