{"en-de": {"bert-base-multilingual-uncased": [[0.358247704129771, 0.1082238998320146, 100], [0.6070784611446348, 0.16400951604796132, 150], [0.689077323227287, 0.18406080833761063, 200], [0.5890145458511099, 0.2481712902635955, 250], [0.6370770529233174, 0.24776540169703448, 300], [0.7016881544033979, 0.29240212240380004, 350], [0.7486120942379975, 0.3220724264808295, 400], [0.7402084386383834, 0.30950397076547886, 450], [0.8449690875867398, 0.2858669565103447, 500], [0.8184456812691268, 0.31769019466114456, 550], [0.8231315527716165, 0.3328821642966247, 600], [0.8692926357196071, 0.30661436128164027, 650], [0.805530363694043, 0.2993571051377648, 700], [0.8826908961101687, 0.3358809575423856, 750], [0.852843380659938, 0.34222895412367593, 768]], "mt5-base": [[0.5047962764939506, 0.18955792204385358, 100], [0.6381395797708748, 0.2511973499397233, 150], [0.723130682145516, 0.3009561143772697, 200], [0.7458053242609208, 0.3849980812847269, 250], [0.7886813122554165, 0.37534544199972397, 300], [0.7604457540052045, 0.4047804506098923, 350], [0.7910811734148026, 0.46941901111394563, 400], [0.8702501850692839, 0.4398990903722004, 450], [0.8801308991841574, 0.4672611562415834, 500], [0.9001192758668846, 0.4992983991141403, 550], [0.8719639545202995, 0.5318063820846156, 600], [0.8936460992633405, 0.5442982393152844, 650], [0.858053099188413, 0.5730622778902922, 700], [0.8919989054739941, 0.5994719944111784, 750], [0.8854356718050052, 0.5847011822791102, 768]], "xlm-roberta-base": [[0.18534107027527255, 0.04411027498897427, 100], [0.23321040155065487, 0.024018212454180066, 150], [0.4152771007470352, 0.027888767903389636, 200], [0.47997581515697957, 0.04742144579809592, 250], [0.6079163455152214, 0.08049433133701363, 300], [0.6666536018927649, 0.08315005603857598, 350], [0.7073471501305916, 0.09255869647869085, 400], [0.738475725277944, 0.10993038854284419, 450], [0.6637708556043916, 0.200442628264661, 500], [0.5783771881825207, 0.21320989953060307, 550], [0.5772577801322671, 0.21382876926326586, 600], [0.5585521338625117, 0.24327943195663093, 650], [0.6489178364732651, 0.23526028908342023, 700], [0.6132736240109785, 0.06051981113898016, 750], [0.6488974060054581, 0.05852476731639193, 768]], "ernie-m-base_pytorch": [[0.5374853623475644, 0.36358646316870524, 100], [0.6127766363251531, 0.3021022997531751, 150], [0.3584424572964036, 0.3988323954237311, 200], [0.4608282370997221, 0.4721547330569866, 250], [0.5192533666954228, 0.558528577804255, 300], [0.5900503663376404, 0.5951859184290907, 350], [0.7332024137137718, 0.6198780370140452, 400], [0.7745437776818624, 0.6571760776670141, 450], [0.805422433839269, 0.6778675343301102, 500], [0.8736504252211913, 0.6806745136067142, 550], [0.8834653035766225, 0.6811140952744639, 600], [0.8940778469194557, 0.7031429131812692, 650], [0.9213573175826686, 0.7149706449223898, 700], [0.9051322431633266, 0.6313456463344036, 750], [0.8676614618230367, 0.6390520399480653, 768]]}}