{"en-de": {"bert-base-multilingual-uncased": [[0.3726029765535506, 0.12412848038050156, 100], [0.644645109391321, 0.17317704185800514, 150], [0.7639981917350241, 0.19613345137721352, 200], [0.7320531021330008, 0.26511249148306176, 250], [0.7210060693228386, 0.27241472647404064, 300], [0.7706668280221695, 0.3117452788743827, 350], [0.8300495216184323, 0.3375260082674095, 400], [0.8358610497354179, 0.3283833818580199, 450], [0.8701241842695501, 0.29733541759143894, 500], [0.8713010926900276, 0.32671451535078855, 550], [0.8742700102746139, 0.34339780379887314, 600], [0.904936281595107, 0.3165607878644327, 650], [0.8669036009904705, 0.31212418850014867, 700], [0.8816403170572932, 0.3473608955990593, 750], [0.900180323629928, 0.3542599444773624, 768]], "mt5-base": [[0.5190204373996972, 0.2011041502845512, 100], [0.7067283458659275, 0.2642109835196152, 150], [0.8056300724767703, 0.3144952817083324, 200], [0.8262521150989071, 0.40248816535683557, 250], [0.7990470561769897, 0.3918003041705465, 300], [0.8390151584991767, 0.4201354669861939, 350], [0.8403817274660058, 0.4883489803802174, 400], [0.8490629163572002, 0.46029942905805904, 450], [0.8850255394450361, 0.4902497240701383, 500], [0.880971627147451, 0.5196789129645772, 550], [0.8698400722796276, 0.5495459418599691, 600], [0.823770483862796, 0.5652841822020589, 650], [0.8641552689077038, 0.5950528865771167, 700], [0.866348858018065, 0.6219914294924883, 750], [0.8718930971244842, 0.6081230862956792, 768]], "xlm-roberta-base": [[0.2478853848593252, 0.05137562808347738, 100], [0.28078729111773104, 0.028205177252418834, 150], [0.3229847215421258, 0.03193441050076822, 200], [0.41723212682331223, 0.0525619049159294, 250], [0.6028479119066094, 0.09124742691684423, 300], [0.6396728535591947, 0.09697888359041607, 350], [0.602506976337369, 0.10686883942749585, 400], [0.6586139803212236, 0.12211103205390089, 450], [0.7089715594249544, 0.22046461117331165, 500], [0.7189684850156497, 0.23170787522989095, 550], [0.640426290035944, 0.23216335989706707, 600], [0.6432337262933485, 0.26298180055878534, 650], [0.7667507571622194, 0.2566330558973042, 700], [0.6258044098748725, 0.06634015137393605, 750], [0.6711906637048894, 0.0641283974115352, 768]], "ernie-m-base_pytorch": [[0.5798606232596365, 0.3822661379485512, 100], [0.647460286454722, 0.3225037748488708, 150], [0.3333432845899882, 0.41832478691604447, 200], [0.554270697507441, 0.48714633838575555, 250], [0.588496315506759, 0.5704862789260259, 300], [0.6864705735006663, 0.6086529868433971, 350], [0.8592269797645656, 0.6325846625473835, 400], [0.8638090714223355, 0.6730864129186168, 450], [0.8731406248573544, 0.6888598770414283, 500], [0.9114430625405101, 0.6922305412752517, 550], [0.8901490654456043, 0.6940638472444111, 600], [0.8974020506913785, 0.7169305797812211, 650], [0.9197573963056358, 0.7278467779201812, 700], [0.9139317669391256, 0.6432059763862447, 750], [0.9127686377308779, 0.6523708651106559, 768]]}}