{"ro-de": {"bert-base-multilingual-uncased": [[0.8336391448974609, 0.022636892274022102, 100], [0.8892965912818909, 0.02844906784594059, 150], [0.9198776483535767, 0.026613645255565643, 200], [0.9314984679222107, 0.024472316727042198, 250], [0.9327216744422913, 0.03823799639940262, 300], [0.9376146793365479, 0.054145000874996185, 350], [0.9376146793365479, 0.0744876116514206, 400], [0.9431192278862, 0.06668706238269806, 450], [0.9418960213661194, 0.08397063612937927, 500], [0.9431192278862, 0.096053846180439, 550], [0.9412843585014343, 0.11517284065485, 600], [0.9412843585014343, 0.11777302622795105, 650], [0.9443424940109253, 0.10523096472024918, 700], [0.9461773633956909, 0.10890180617570877, 750], [0.9449540972709656, 0.10339553654193878, 768]], "mt5-base": [[0.7963302731513977, 0.09865402430295944, 100], [0.8550458550453186, 0.1188436895608902, 150], [0.8776758313179016, 0.12557357549667358, 200], [0.8935779333114624, 0.1668706089258194, 250], [0.8905198574066162, 0.21856838464736938, 300], [0.8948011994361877, 0.2389109879732132, 350], [0.8978593349456787, 0.2740899324417114, 400], [0.898470938205719, 0.2974916100502014, 450], [0.9033638834953308, 0.30406853556632996, 500], [0.9076452255249023, 0.32318753004074097, 550], [0.909480094909668, 0.3060569167137146, 600], [0.9119265675544739, 0.3595901131629944, 650], [0.9070336222648621, 0.3799327313899994, 700], [0.9107033610343933, 0.3869684934616089, 750], [0.9064220190048218, 0.39522790908813477, 768]], "xlm-roberta-base": [[0.7229357361793518, 0.012236158363521099, 100], [0.7877675890922546, 0.0019883757922798395, 150], [0.7914372682571411, 0.004741511307656765, 200], [0.8385320901870728, 0.007800551131367683, 250], [0.8232415914535522, 0.01407158188521862, 300], [0.841590166091919, 0.014836342073976994, 350], [0.8685014843940735, 0.015295198187232018, 400], [0.8801223039627075, 0.019883757457137108, 450], [0.8782874345779419, 0.0480269230902195, 500], [0.8856269121170044, 0.03426124155521393, 550], [0.8733944892883301, 0.03196696192026138, 600], [0.8813455700874329, 0.03456714749336243, 650], [0.8831803798675537, 0.03716732934117317, 700], [0.8636085391044617, 0.010247782804071903, 750], [0.8587155938148499, 0.009941878728568554, 768]], "ernie-m-base_pytorch": [[0.8067278265953064, 0.06576935201883316, 100], [0.8354740142822266, 0.06271031498908997, 150], [0.8238531947135925, 0.07815846055746078, 200], [0.8587155938148499, 0.11746712028980255, 250], [0.856269121170044, 0.06974609941244125, 300], [0.8654434084892273, 0.09895993024110794, 350], [0.8813455700874329, 0.1200673058629036, 400], [0.8960244655609131, 0.1446925699710846, 450], [0.8948011994361877, 0.10523096472024918, 500], [0.8935779333114624, 0.08595900982618332, 550], [0.8966360688209534, 0.03716732934117317, 600], [0.9131498336791992, 0.04573264345526695, 650], [0.9131498336791992, 0.048638731241226196, 700], [0.9155963063240051, 0.040379323065280914, 750], [0.9162079095840454, 0.040379323065280914, 768]]}}