{"ro-de": {"bert-base-multilingual-uncased": [[0.8375999927520752, 0.025599999353289604, 100], [0.9088000059127808, 0.032999999821186066, 150], [0.9239999651908875, 0.02539999969303608, 200], [0.9383999705314636, 0.02199999988079071, 250], [0.9335999488830566, 0.03619999811053276, 300], [0.9431999921798706, 0.057999998331069946, 350], [0.9407999515533447, 0.07959999889135361, 400], [0.946399986743927, 0.07999999821186066, 450], [0.9495999813079834, 0.09679999947547913, 500], [0.9527999758720398, 0.10480000078678131, 550], [0.9487999677658081, 0.11919999867677689, 600], [0.9495999813079834, 0.12159999459981918, 650], [0.9567999839782715, 0.10859999805688858, 700], [0.9559999704360962, 0.11299999803304672, 750], [0.9511999487876892, 0.10700000077486038, 768]], "mt5-base": [[0.8159999847412109, 0.10599999874830246, 100], [0.8727999925613403, 0.12999999523162842, 150], [0.8912000060081482, 0.13499999046325684, 200], [0.9047999978065491, 0.1762000024318695, 250], [0.8999999761581421, 0.2303999960422516, 300], [0.9023999571800232, 0.2465999871492386, 350], [0.9151999950408936, 0.2857999801635742, 400], [0.9088000059127808, 0.3093999922275543, 450], [0.9143999814987183, 0.31619998812675476, 500], [0.913599967956543, 0.33820000290870667, 550], [0.9143999814987183, 0.31619998812675476, 600], [0.9215999841690063, 0.37219998240470886, 650], [0.920799970626831, 0.39399999380111694, 700], [0.9215999841690063, 0.3999999761581421, 750], [0.925599992275238, 0.4087999761104584, 768]], "xlm-roberta-base": [[0.7623999714851379, 0.014800000004470348, 100], [0.823199987411499, 0.0015999999595806003, 150], [0.8327999711036682, 0.004600000102072954, 200], [0.8695999979972839, 0.007400000002235174, 250], [0.8671999573707581, 0.016200000420212746, 300], [0.8895999789237976, 0.01640000008046627, 350], [0.8951999545097351, 0.01640000008046627, 400], [0.9031999707221985, 0.023799998685717583, 450], [0.9063999652862549, 0.053599998354911804, 500], [0.9088000059127808, 0.04019999876618385, 550], [0.8999999761581421, 0.034199997782707214, 600], [0.9088000059127808, 0.03680000081658363, 650], [0.9063999652862549, 0.04039999842643738, 700], [0.9047999978065491, 0.009800000116229057, 750], [0.9023999571800232, 0.009599999524652958, 768]], "ernie-m-base_pytorch": [[0.8399999737739563, 0.07660000026226044, 100], [0.8535999655723572, 0.06619999557733536, 150], [0.8535999655723572, 0.08419999480247498, 200], [0.8855999708175659, 0.125, 250], [0.8807999491691589, 0.07739999890327454, 300], [0.9007999897003174, 0.11659999936819077, 350], [0.9143999814987183, 0.147599995136261, 400], [0.9095999598503113, 0.17499999701976776, 450], [0.9088000059127808, 0.11679999530315399, 500], [0.9095999598503113, 0.10199999809265137, 550], [0.913599967956543, 0.05299999937415123, 600], [0.9239999651908875, 0.0559999980032444, 650], [0.925599992275238, 0.05959999933838844, 700], [0.9223999977111816, 0.04899999871850014, 750], [0.925599992275238, 0.04839999973773956, 768]]}}