{"ro-de": {"bert-base-multilingual-uncased": [[0.7932721972465515, 0.022636892274022102, 100], [0.8672782778739929, 0.02844906784594059, 150], [0.9064220190048218, 0.026613643392920494, 200], [0.9229357838630676, 0.02447231486439705, 250], [0.9333333373069763, 0.03823799267411232, 300], [0.9345566034317017, 0.05414499714970589, 350], [0.9339449405670166, 0.0744876116514206, 400], [0.9388379454612732, 0.06668706238269806, 450], [0.9357798099517822, 0.08397063612937927, 500], [0.9376146793365479, 0.09590088576078415, 550], [0.940672755241394, 0.11517283320426941, 600], [0.9412844181060791, 0.11777301877737045, 650], [0.9425076246261597, 0.10523095726966858, 700], [0.9449541568756104, 0.10890180617570877, 750], [0.9461773633956909, 0.10339553654193878, 768]], "mt5-base": [[0.7339449524879456, 0.09865402430295944, 100], [0.8030580878257751, 0.1188436821103096, 150], [0.8214067220687866, 0.12557357549667358, 200], [0.8428134322166443, 0.1668706089258194, 250], [0.8415902256965637, 0.21872131526470184, 300], [0.8599388599395752, 0.2389109879732132, 350], [0.8654434084892273, 0.2740899324417114, 400], [0.8642202019691467, 0.29749158024787903, 450], [0.8593271970748901, 0.30406853556632996, 500], [0.8636085391044617, 0.3233404755592346, 550], [0.8770642280578613, 0.30590394139289856, 600], [0.8813455700874329, 0.359590083360672, 650], [0.884403645992279, 0.379932701587677, 700], [0.8899082541465759, 0.3869684934616089, 750], [0.8929663896560669, 0.39522790908813477, 768]], "xlm-roberta-base": [[0.6941896080970764, 0.012236157432198524, 100], [0.7370030283927917, 0.001988375559449196, 150], [0.7712538242340088, 0.004741511307656765, 200], [0.8232415914535522, 0.007800550665706396, 250], [0.8360856175422668, 0.01407158188521862, 300], [0.8513761758804321, 0.014836341142654419, 350], [0.8709480166435242, 0.015295197255909443, 400], [0.8819571733474731, 0.01988375559449196, 450], [0.8801223039627075, 0.0480269193649292, 500], [0.8868501782417297, 0.03426124155521393, 550], [0.8880733847618103, 0.03196696192026138, 600], [0.8990825414657593, 0.03456714749336243, 650], [0.9009174108505249, 0.03716732934117317, 700], [0.9070336222648621, 0.010247781872749329, 750], [0.9058104157447815, 0.00994187779724598, 768]], "ernie-m-base_pytorch": [[0.7840978503227234, 0.06576935201883316, 100], [0.8287461996078491, 0.06271030753850937, 150], [0.8477064371109009, 0.07815846055746078, 200], [0.8715596199035645, 0.11746711283922195, 250], [0.8819571733474731, 0.06974609941244125, 300], [0.8978593349456787, 0.09895993024110794, 350], [0.8929663896560669, 0.120067298412323, 400], [0.9033639430999756, 0.14484551548957825, 450], [0.8972477316856384, 0.10523095726966858, 500], [0.9076452851295471, 0.08595900982618332, 550], [0.909480094909668, 0.03716732934117317, 600], [0.9137614965438843, 0.045732639729976654, 650], [0.9162079691886902, 0.0486387275159359, 700], [0.9155963063240051, 0.040379319339990616, 750], [0.9162079691886902, 0.040379319339990616, 768]]}}