{"ro-de": {"bert-base-multilingual-uncased": [[0.8167999982833862, 0.025599999353289604, 100], [0.8855999708175659, 0.032999999821186066, 150], [0.9095999598503113, 0.02539999969303608, 200], [0.9287999868392944, 0.02199999988079071, 250], [0.9375999569892883, 0.03619999811053276, 300], [0.9399999976158142, 0.057999998331069946, 350], [0.9503999948501587, 0.07959999889135361, 400], [0.94159996509552, 0.07999999821186066, 450], [0.9447999596595764, 0.09679999947547913, 500], [0.9535999894142151, 0.10480000078678131, 550], [0.9527999758720398, 0.11919999867677689, 600], [0.9559999704360962, 0.12159999459981918, 650], [0.9567999839782715, 0.10859999805688858, 700], [0.9583999514579773, 0.11299999803304672, 750], [0.9575999975204468, 0.10700000077486038, 768]], "mt5-base": [[0.7479999661445618, 0.10599999874830246, 100], [0.8143999576568604, 0.12999999523162842, 150], [0.8423999547958374, 0.13499999046325684, 200], [0.8639999628067017, 0.1762000024318695, 250], [0.8503999710083008, 0.2303999960422516, 300], [0.8679999709129333, 0.2465999871492386, 350], [0.8743999600410461, 0.2857999801635742, 400], [0.8592000007629395, 0.3093999922275543, 450], [0.8687999844551086, 0.31619998812675476, 500], [0.8751999735832214, 0.33820000290870667, 550], [0.8791999816894531, 0.31619998812675476, 600], [0.8855999708175659, 0.37219998240470886, 650], [0.8847999572753906, 0.39399999380111694, 700], [0.892799973487854, 0.3999999761581421, 750], [0.8983999490737915, 0.4087999761104584, 768]], "xlm-roberta-base": [[0.7328000068664551, 0.014800000004470348, 100], [0.7551999688148499, 0.0015999999595806003, 150], [0.7975999712944031, 0.004600000102072954, 200], [0.8471999764442444, 0.007400000002235174, 250], [0.8551999926567078, 0.016200000420212746, 300], [0.8791999816894531, 0.01640000008046627, 350], [0.8959999680519104, 0.01640000008046627, 400], [0.9023999571800232, 0.023799998685717583, 450], [0.8903999924659729, 0.053599998354911804, 500], [0.9007999897003174, 0.04019999876618385, 550], [0.9016000032424927, 0.034199997782707214, 600], [0.9088000059127808, 0.03680000081658363, 650], [0.9167999625205994, 0.04039999842643738, 700], [0.9199999570846558, 0.009800000116229057, 750], [0.920799970626831, 0.009599999524652958, 768]], "ernie-m-base_pytorch": [[0.8151999711990356, 0.07660000026226044, 100], [0.8471999764442444, 0.06619999557733536, 150], [0.8639999628067017, 0.08419999480247498, 200], [0.8863999843597412, 0.125, 250], [0.8935999870300293, 0.07739999890327454, 300], [0.9023999571800232, 0.11659999936819077, 350], [0.9023999571800232, 0.147599995136261, 400], [0.9127999544143677, 0.17499999701976776, 450], [0.913599967956543, 0.11679999530315399, 500], [0.91839998960495, 0.10199999809265137, 550], [0.9175999760627747, 0.05299999937415123, 600], [0.9264000058174133, 0.0559999980032444, 650], [0.9271999597549438, 0.05959999933838844, 700], [0.9287999868392944, 0.04899999871850014, 750], [0.9287999868392944, 0.04839999973773956, 768]]}}