{"ro-de": {"bert-base-multilingual-uncased": [[0.18239998817443848, 0.025599999353289604, 100], [0.35760000348091125, 0.032999999821186066, 150], [0.3799999952316284, 0.02539999969303608, 200], [0.40799999237060547, 0.02199999988079071, 250], [0.5583999752998352, 0.03619999811053276, 300], [0.536799967288971, 0.057999998331069946, 350], [0.5839999914169312, 0.07959999889135361, 400], [0.495199978351593, 0.07999999821186066, 450], [0.5031999945640564, 0.09679999947547913, 500], [0.6615999937057495, 0.10480000078678131, 550], [0.5303999781608582, 0.11919999867677689, 600], [0.5807999968528748, 0.12159999459981918, 650], [0.5992000102996826, 0.10859999805688858, 700], [0.6416000127792358, 0.11299999803304672, 750], [0.6656000018119812, 0.10700000077486038, 768]], "mt5-base": [[0.12639999389648438, 0.10599999874830246, 100], [0.30959999561309814, 0.12999999523162842, 150], [0.46959999203681946, 0.13499999046325684, 200], [0.5799999833106995, 0.1762000024318695, 250], [0.6207999587059021, 0.2303999960422516, 300], [0.651199996471405, 0.2465999871492386, 350], [0.6959999799728394, 0.2857999801635742, 400], [0.7319999933242798, 0.3093999922275543, 450], [0.7335999608039856, 0.31619998812675476, 500], [0.753600001335144, 0.33820000290870667, 550], [0.7287999987602234, 0.31619998812675476, 600], [0.764799952507019, 0.37219998240470886, 650], [0.7663999795913696, 0.39399999380111694, 700], [0.7319999933242798, 0.3999999761581421, 750], [0.7576000094413757, 0.4087999761104584, 768]], "xlm-roberta-base": [[0.10480000078678131, 0.014800000004470348, 100], [0.11759999394416809, 0.0015999999595806003, 150], [0.02319999970495701, 0.004600000102072954, 200], [0.06719999760389328, 0.007400000002235174, 250], [0.17839999496936798, 0.016200000420212746, 300], [0.12319999933242798, 0.01640000008046627, 350], [0.07999999821186066, 0.01640000008046627, 400], [0.12159999459981918, 0.023799998685717583, 450], [0.4311999976634979, 0.053599998354911804, 500], [0.19039998948574066, 0.04019999876618385, 550], [0.15439999103546143, 0.034199997782707214, 600], [0.3384000062942505, 0.03680000081658363, 650], [0.3463999927043915, 0.04039999842643738, 700], [0.12960000336170197, 0.009800000116229057, 750], [0.2624000012874603, 0.009599999524652958, 768]], "ernie-m-base_pytorch": [[0.04959999769926071, 0.07660000026226044, 100], [0.03759999945759773, 0.06619999557733536, 150], [0.03680000081658363, 0.08419999480247498, 200], [0.05119999870657921, 0.125, 250], [0.09759999811649323, 0.07739999890327454, 300], [0.10639999806880951, 0.11659999936819077, 350], [0.15359999239444733, 0.147599995136261, 400], [0.1631999909877777, 0.17499999701976776, 450], [0.17679999768733978, 0.11679999530315399, 500], [0.17999999225139618, 0.10199999809265137, 550], [0.20319999754428864, 0.05299999937415123, 600], [0.1711999922990799, 0.0559999980032444, 650], [0.2263999879360199, 0.05959999933838844, 700], [0.20239999890327454, 0.04899999871850014, 750], [0.17759999632835388, 0.04839999973773956, 768]]}}