{"ro-de": {"bert-base-multilingual-uncased": [[0.1529051959514618, 0.022636892274022102, 100], [0.24525994062423706, 0.02844906784594059, 150], [0.3865443468093872, 0.026613643392920494, 200], [0.41039755940437317, 0.02447231486439705, 250], [0.5412843823432922, 0.03823799267411232, 300], [0.552293598651886, 0.05414499714970589, 350], [0.5963302850723267, 0.0744876116514206, 400], [0.5951070189476013, 0.06668706238269806, 450], [0.6483180522918701, 0.08397063612937927, 500], [0.594495415687561, 0.09590088576078415, 550], [0.7284403443336487, 0.11517283320426941, 600], [0.6715596318244934, 0.11777301877737045, 650], [0.6489296555519104, 0.10523095726966858, 700], [0.6782874464988708, 0.10890180617570877, 750], [0.6880733966827393, 0.10339553654193878, 768]], "mt5-base": [[0.1370030641555786, 0.09865402430295944, 100], [0.24097859859466553, 0.1188436821103096, 150], [0.460550457239151, 0.12557357549667358, 200], [0.5688073635101318, 0.1668706089258194, 250], [0.571865439414978, 0.21872131526470184, 300], [0.5981651544570923, 0.2389109879732132, 350], [0.6501529216766357, 0.2740899324417114, 400], [0.7082569003105164, 0.29749158024787903, 450], [0.6788991093635559, 0.30406853556632996, 500], [0.6911314725875854, 0.3233404755592346, 550], [0.6685015559196472, 0.30590394139289856, 600], [0.6966360807418823, 0.359590083360672, 650], [0.7204893231391907, 0.379932701587677, 700], [0.7253822684288025, 0.3869684934616089, 750], [0.7645260095596313, 0.39522790908813477, 768]], "xlm-roberta-base": [[0.06055045872926712, 0.012236157432198524, 100], [0.05198776721954346, 0.001988375559449196, 150], [0.008562691509723663, 0.004741511307656765, 200], [0.02568807266652584, 0.007800550665706396, 250], [0.06911315023899078, 0.01407158188521862, 300], [0.08318042755126953, 0.014836341142654419, 350], [0.03975535184144974, 0.015295197255909443, 400], [0.041590213775634766, 0.01988375559449196, 450], [0.44709479808807373, 0.0480269193649292, 500], [0.06055045872926712, 0.03426124155521393, 550], [0.14801223576068878, 0.03196696192026138, 600], [0.27828747034072876, 0.03456714749336243, 650], [0.292966365814209, 0.03716732934117317, 700], [0.20672783255577087, 0.010247781872749329, 750], [0.2293577939271927, 0.00994187779724598, 768]], "ernie-m-base_pytorch": [[0.05565749108791351, 0.06576935201883316, 100], [0.0483180433511734, 0.06271030753850937, 150], [0.03608562797307968, 0.07815846055746078, 200], [0.05565749108791351, 0.11746711283922195, 250], [0.056880734860897064, 0.06974609941244125, 300], [0.09113150089979172, 0.09895993024110794, 350], [0.10764525830745697, 0.120067298412323, 400], [0.15963302552700043, 0.14484551548957825, 450], [0.15963302552700043, 0.10523095726966858, 500], [0.16941896080970764, 0.08595900982618332, 550], [0.14067278802394867, 0.03716732934117317, 600], [0.15351681411266327, 0.045732639729976654, 650], [0.23241589963436127, 0.0486387275159359, 700], [0.1883791983127594, 0.040379319339990616, 750], [0.2342507690191269, 0.040379319339990616, 768]]}}