{"en-ro": {"bert-base-multilingual-uncased": [[0.8709480166435242, 0.022483941167593002, 100], [0.9125382304191589, 0.020036708563566208, 150], [0.9235473871231079, 0.020801469683647156, 200], [0.9278287291526794, 0.02340165339410305, 250], [0.9333333373069763, 0.020648516714572906, 300], [0.9394495487213135, 0.017589477822184563, 350], [0.9394495487213135, 0.017589477822184563, 400], [0.943730890750885, 0.018048333004117012, 450], [0.9467889666557312, 0.01911899819970131, 500], [0.9480122327804565, 0.01911899819970131, 550], [0.9492354393005371, 0.020342612639069557, 600], [0.9504587054252625, 0.020648516714572906, 650], [0.951681911945343, 0.02340165339410305, 700], [0.954740047454834, 0.020648516714572906, 750], [0.954740047454834, 0.0232487004250288, 768]], "mt5-base": [[0.8599388003349304, 0.040838178247213364, 100], [0.8948011994361877, 0.06515754014253616, 150], [0.909480094909668, 0.10033649951219559, 200], [0.9168195724487305, 0.15096360445022583, 250], [0.9076452255249023, 0.20159070193767548, 300], [0.9174311757087708, 0.19822576642036438, 350], [0.9198776483535767, 0.2583358883857727, 400], [0.918042778968811, 0.22285103797912598, 450], [0.9155963063240051, 0.2330988198518753, 500], [0.9186544418334961, 0.2691954970359802, 550], [0.9174311757087708, 0.2860201895236969, 600], [0.9168195724487305, 0.262312650680542, 650], [0.918042778968811, 0.27760782837867737, 700], [0.918042778968811, 0.2933619022369385, 750], [0.9174311757087708, 0.30192720890045166, 768]], "xlm-roberta-base": [[0.8446483016014099, 0.026307741180062294, 100], [0.8905198574066162, 0.020954420790076256, 150], [0.8813455700874329, 0.008259407244622707, 200], [0.8960244655609131, 0.012389110401272774, 250], [0.8996941447257996, 0.011012542992830276, 300], [0.9058103561401367, 0.014530437998473644, 350], [0.9137614369392395, 0.016824718564748764, 400], [0.9235473871231079, 0.017742428928613663, 450], [0.9241589903831482, 0.049556441605091095, 500], [0.9162079095840454, 0.01881309412419796, 550], [0.9192660450935364, 0.021566228941082954, 600], [0.9186544418334961, 0.0237075574696064, 650], [0.9223241209983826, 0.022178037092089653, 700], [0.9088684916496277, 0.02799021266400814, 750], [0.9125382304191589, 0.026766596361994743, 768]], "ernie-m-base_pytorch": [[0.8795107007026672, 0.05139186605811119, 100], [0.9009174108505249, 0.029213828966021538, 150], [0.9003058075904846, 0.029978588223457336, 200], [0.9113149642944336, 0.0483328253030777, 250], [0.9119265675544739, 0.044356074184179306, 300], [0.9168195724487305, 0.05582747235894203, 350], [0.9217125177383423, 0.07311104983091354, 400], [0.9247705936431885, 0.07769960910081863, 450], [0.932110071182251, 0.1179259791970253, 500], [0.9327216744422913, 0.07035791128873825, 550], [0.9339449405670166, 0.0695931538939476, 600], [0.9333333373069763, 0.08137045055627823, 650], [0.9370030164718628, 0.08886510133743286, 700], [0.9357798099517822, 0.09957174211740494, 750], [0.9302752017974854, 0.09070052206516266, 768]]}}