{"en-ro": {"bert-base-multilingual-uncased": [[0.8887999653816223, 0.02279999852180481, 100], [0.9223999977111816, 0.02019999921321869, 150], [0.9447999596595764, 0.02019999921321869, 200], [0.9495999813079834, 0.02319999970495701, 250], [0.9511999487876892, 0.021399999037384987, 300], [0.9527999758720398, 0.019999999552965164, 350], [0.9583999514579773, 0.017999999225139618, 400], [0.9607999920845032, 0.019999999552965164, 450], [0.9583999514579773, 0.020399998873472214, 500], [0.9663999676704407, 0.02019999921321869, 550], [0.9687999486923218, 0.02199999988079071, 600], [0.9679999947547913, 0.02159999869763851, 650], [0.9655999541282654, 0.02459999918937683, 700], [0.9663999676704407, 0.02239999920129776, 750], [0.9648000001907349, 0.024399999529123306, 768]], "mt5-base": [[0.8751999735832214, 0.044599998742341995, 100], [0.9023999571800232, 0.07119999825954437, 150], [0.9231999516487122, 0.10659999400377274, 200], [0.9311999678611755, 0.16499999165534973, 250], [0.9343999624252319, 0.21699999272823334, 300], [0.9359999895095825, 0.20799998939037323, 350], [0.9391999840736389, 0.27059999108314514, 400], [0.9351999759674072, 0.23600000143051147, 450], [0.9351999759674072, 0.2441999912261963, 500], [0.9383999705314636, 0.28039997816085815, 550], [0.9383999705314636, 0.3003999888896942, 600], [0.9383999705314636, 0.27799999713897705, 650], [0.9431999921798706, 0.29179999232292175, 700], [0.9423999786376953, 0.31299999356269836, 750], [0.9431999921798706, 0.3229999840259552, 768]], "xlm-roberta-base": [[0.876800000667572, 0.03280000016093254, 100], [0.9071999788284302, 0.026599999517202377, 150], [0.9215999841690063, 0.009200000204145908, 200], [0.9303999543190002, 0.015199999324977398, 250], [0.9296000003814697, 0.011799999512732029, 300], [0.9375999569892883, 0.01640000008046627, 350], [0.9407999515533447, 0.018400000408291817, 400], [0.9431999921798706, 0.019199999049305916, 450], [0.9375999569892883, 0.05339999869465828, 500], [0.9351999759674072, 0.022199999541044235, 550], [0.9391999840736389, 0.029199998825788498, 600], [0.9407999515533447, 0.03240000084042549, 650], [0.9447999596595764, 0.03099999949336052, 700], [0.9383999705314636, 0.038599997758865356, 750], [0.9423999786376953, 0.036399997770786285, 768]], "ernie-m-base_pytorch": [[0.9192000031471252, 0.05219999700784683, 100], [0.9343999624252319, 0.03319999948143959, 150], [0.9303999543190002, 0.03240000084042549, 200], [0.9455999732017517, 0.04800000041723251, 250], [0.9487999677658081, 0.04360000044107437, 300], [0.9511999487876892, 0.0559999980032444, 350], [0.9551999568939209, 0.07319999486207962, 400], [0.9575999975204468, 0.07840000092983246, 450], [0.9567999839782715, 0.11339999735355377, 500], [0.9519999623298645, 0.06859999895095825, 550], [0.9591999650001526, 0.06780000030994415, 600], [0.9599999785423279, 0.07999999821186066, 650], [0.9591999650001526, 0.08639999479055405, 700], [0.9559999704360962, 0.09719999879598618, 750], [0.9567999839782715, 0.08839999884366989, 768]]}}