{"en-ro": {"bert-base-multilingual-uncased": [[0.8550458550453186, 0.022483939304947853, 100], [0.8978593349456787, 0.020036708563566208, 150], [0.9058104157447815, 0.020801467821002007, 200], [0.9149847030639648, 0.0234016515314579, 250], [0.9198776483535767, 0.020648516714572906, 300], [0.9302752017974854, 0.017589477822184563, 350], [0.932721734046936, 0.017589477822184563, 400], [0.9376146793365479, 0.018048333004117012, 450], [0.9394495487213135, 0.01911899633705616, 500], [0.9363914132118225, 0.01911899633705616, 550], [0.9339449405670166, 0.020342612639069557, 600], [0.9418960213661194, 0.020648516714572906, 650], [0.9400611519813538, 0.0234016515314579, 700], [0.9443424940109253, 0.020648516714572906, 750], [0.943730890750885, 0.0232487004250288, 768]], "mt5-base": [[0.845259964466095, 0.040838178247213364, 100], [0.878899097442627, 0.06515754014253616, 150], [0.9033639430999756, 0.10033649206161499, 200], [0.9070336222648621, 0.15096360445022583, 250], [0.8966360688209534, 0.20159070193767548, 300], [0.9027522802352905, 0.19822575151920319, 350], [0.9137614965438843, 0.2583358883857727, 400], [0.9070336222648621, 0.22285102307796478, 450], [0.9088684916496277, 0.23294585943222046, 500], [0.9082568883895874, 0.26919546723365784, 550], [0.9088684916496277, 0.2860201895236969, 600], [0.9149847030639648, 0.2623126208782196, 650], [0.9143730998039246, 0.27760782837867737, 700], [0.9162079691886902, 0.2933618724346161, 750], [0.9168195724487305, 0.30192720890045166, 768]], "xlm-roberta-base": [[0.8159021139144897, 0.026307739317417145, 100], [0.8397553563117981, 0.020954420790076256, 150], [0.8623853325843811, 0.008259406313300133, 200], [0.8911315202713013, 0.012389109469950199, 250], [0.8862385153770447, 0.011012542061507702, 300], [0.9003058075904846, 0.01453043706715107, 350], [0.9039755463600159, 0.016824716702103615, 400], [0.9082568883895874, 0.017742428928613663, 450], [0.9082568883895874, 0.049556437879800797, 500], [0.9076452851295471, 0.01881309226155281, 550], [0.9137614965438843, 0.021566228941082954, 600], [0.9168195724487305, 0.02370755560696125, 650], [0.9186544418334961, 0.022178035229444504, 700], [0.9180428385734558, 0.02799021080136299, 750], [0.9149847030639648, 0.026766594499349594, 768]], "ernie-m-base_pytorch": [[0.8727828860282898, 0.05139186233282089, 100], [0.8972477316856384, 0.02921382710337639, 150], [0.8954128623008728, 0.029978586360812187, 200], [0.9107033610343933, 0.0483328253030777, 250], [0.910091757774353, 0.04435607045888901, 300], [0.9131498336791992, 0.05582746863365173, 350], [0.9174311757087708, 0.07311104238033295, 400], [0.9223241806030273, 0.07769960165023804, 450], [0.924159049987793, 0.1179259717464447, 500], [0.9259938597679138, 0.07035791128873825, 550], [0.9223241806030273, 0.069593146443367, 600], [0.9266055226325989, 0.08121749758720398, 650], [0.9345566034317017, 0.08886509388685226, 700], [0.9370030760765076, 0.09957173466682434, 750], [0.9339449405670166, 0.09070052206516266, 768]]}}