{"en-ro": {"bert-base-multilingual-uncased": [[0.2247999906539917, 0.02279999852180481, 100], [0.3384000062942505, 0.02019999921321869, 150], [0.3351999819278717, 0.02019999921321869, 200], [0.5112000107765198, 0.02319999970495701, 250], [0.5327999591827393, 0.021399999037384987, 300], [0.5631999969482422, 0.019999999552965164, 350], [0.5776000022888184, 0.017999999225139618, 400], [0.590399980545044, 0.019999999552965164, 450], [0.6399999856948853, 0.020399998873472214, 500], [0.6535999774932861, 0.02019999921321869, 550], [0.6159999966621399, 0.02199999988079071, 600], [0.6935999989509583, 0.02159999869763851, 650], [0.7119999527931213, 0.02459999918937683, 700], [0.6679999828338623, 0.02239999920129776, 750], [0.6807999610900879, 0.024399999529123306, 768]], "mt5-base": [[0.25759997963905334, 0.044599998742341995, 100], [0.3351999819278717, 0.07119999825954437, 150], [0.35519999265670776, 0.10659999400377274, 200], [0.376800000667572, 0.16499999165534973, 250], [0.5511999726295471, 0.21699999272823334, 300], [0.5543999671936035, 0.20799998939037323, 350], [0.5591999888420105, 0.27059999108314514, 400], [0.5288000106811523, 0.23600000143051147, 450], [0.5871999859809875, 0.2441999912261963, 500], [0.6487999558448792, 0.28039997816085815, 550], [0.6015999913215637, 0.3003999888896942, 600], [0.6159999966621399, 0.27799999713897705, 650], [0.6200000047683716, 0.29179999232292175, 700], [0.6943999528884888, 0.31299999356269836, 750], [0.7015999555587769, 0.3229999840259552, 768]], "xlm-roberta-base": [[0.19039998948574066, 0.03280000016093254, 100], [0.13679999113082886, 0.026599999517202377, 150], [0.15839999914169312, 0.009200000204145908, 200], [0.24959999322891235, 0.015199999324977398, 250], [0.36800000071525574, 0.011799999512732029, 300], [0.4903999865055084, 0.01640000008046627, 350], [0.569599986076355, 0.018400000408291817, 400], [0.6096000075340271, 0.019199999049305916, 450], [0.5303999781608582, 0.05339999869465828, 500], [0.5687999725341797, 0.022199999541044235, 550], [0.2856000065803528, 0.029199998825788498, 600], [0.4415999948978424, 0.03240000084042549, 650], [0.36319997906684875, 0.03099999949336052, 700], [0.2247999906539917, 0.038599997758865356, 750], [0.30239999294281006, 0.036399997770786285, 768]], "ernie-m-base_pytorch": [[0.30959999561309814, 0.05219999700784683, 100], [0.21040000021457672, 0.03319999948143959, 150], [0.31919997930526733, 0.03240000084042549, 200], [0.5151999592781067, 0.04800000041723251, 250], [0.4567999839782715, 0.04360000044107437, 300], [0.5432000160217285, 0.0559999980032444, 350], [0.6087999939918518, 0.07319999486207962, 400], [0.5871999859809875, 0.07840000092983246, 450], [0.5, 0.11339999735355377, 500], [0.487199991941452, 0.06859999895095825, 550], [0.24159999191761017, 0.06780000030994415, 600], [0.26479998230934143, 0.07999999821186066, 650], [0.3303999900817871, 0.08639999479055405, 700], [0.2639999985694885, 0.09719999879598618, 750], [0.2800000011920929, 0.08839999884366989, 768]]}}