{"en-ro": {"bert-base-multilingual-uncased": [[0.23608562350273132, 0.022483939304947853, 100], [0.2574923634529114, 0.020036708563566208, 150], [0.23486238718032837, 0.020801467821002007, 200], [0.42140671610832214, 0.0234016515314579, 250], [0.49480122327804565, 0.020648516714572906, 300], [0.46116209030151367, 0.017589477822184563, 350], [0.5131498575210571, 0.017589477822184563, 400], [0.5840978622436523, 0.018048333004117012, 450], [0.6366972327232361, 0.01911899633705616, 500], [0.631192684173584, 0.01911899633705616, 550], [0.6709480285644531, 0.020342612639069557, 600], [0.6868501305580139, 0.020648516714572906, 650], [0.6892966628074646, 0.0234016515314579, 700], [0.6629969477653503, 0.020648516714572906, 750], [0.7058103680610657, 0.0232487004250288, 768]], "mt5-base": [[0.23608562350273132, 0.040838178247213364, 100], [0.2568807303905487, 0.06515754014253616, 150], [0.31437307596206665, 0.10033649206161499, 200], [0.4477064311504364, 0.15096360445022583, 250], [0.5877676010131836, 0.20159070193767548, 300], [0.5773700475692749, 0.19822575151920319, 350], [0.5816513895988464, 0.2583358883857727, 400], [0.5412843823432922, 0.22285102307796478, 450], [0.5253822803497314, 0.23294585943222046, 500], [0.6018348336219788, 0.26919546723365784, 550], [0.6299694180488586, 0.2860201895236969, 600], [0.6220183372497559, 0.2623126208782196, 650], [0.6862385272979736, 0.27760782837867737, 700], [0.7174311876296997, 0.2933618724346161, 750], [0.7314984798431396, 0.30192720890045166, 768]], "xlm-roberta-base": [[0.10519877821207047, 0.026307739317417145, 100], [0.12415902316570282, 0.020954420790076256, 150], [0.17125381529331207, 0.008259406313300133, 200], [0.28379204869270325, 0.012389109469950199, 250], [0.3131498396396637, 0.011012542061507702, 300], [0.371865451335907, 0.01453043706715107, 350], [0.48990824818611145, 0.016824716702103615, 400], [0.5082568526268005, 0.017742428928613663, 450], [0.4813455641269684, 0.049556437879800797, 500], [0.4354740083217621, 0.01881309226155281, 550], [0.29908257722854614, 0.021566228941082954, 600], [0.28073394298553467, 0.02370755560696125, 650], [0.3798165023326874, 0.022178035229444504, 700], [0.28073394298553467, 0.02799021080136299, 750], [0.302752286195755, 0.026766594499349594, 768]], "ernie-m-base_pytorch": [[0.28868502378463745, 0.05139186233282089, 100], [0.20917430520057678, 0.02921382710337639, 150], [0.3235473930835724, 0.029978586360812187, 200], [0.437920480966568, 0.0483328253030777, 250], [0.39327216148376465, 0.04435607045888901, 300], [0.5149847269058228, 0.05582746863365173, 350], [0.5920489430427551, 0.07311104238033295, 400], [0.5822629928588867, 0.07769960165023804, 450], [0.4911314845085144, 0.1179259717464447, 500], [0.5278287529945374, 0.07035791128873825, 550], [0.19755351543426514, 0.069593146443367, 600], [0.27339449524879456, 0.08121749758720398, 650], [0.30397552251815796, 0.08886509388685226, 700], [0.28562691807746887, 0.09957173466682434, 750], [0.2776758372783661, 0.09070052206516266, 768]]}}