{"en-fr": {"bert-base-multilingual-uncased": [[0.9643501875901876, 0.17548662160046619, 100], [0.9757519047619049, 0.19703315367050478, 150], [0.9837660606060606, 0.2677113886735539, 200], [0.9851142857142857, 0.27040649172231473, 250], [0.9884266666666667, 0.26198337361580404, 300], [0.9883333333333332, 0.2619013074872313, 350], [0.9898933333333334, 0.2785042328641201, 400], [0.9902666666666667, 0.28021072630874494, 450], [0.9929333333333334, 0.2877092797186538, 500], [0.9910266666666666, 0.2926140441043763, 550], [0.9910666666666667, 0.327276108928305, 600], [0.9924, 0.2828088378941874, 650], [0.993, 0.28942066642173947, 700], [0.9924933333333334, 0.27860344331534576, 750], [0.9912933333333335, 0.2889445125910522, 768]], "mt5-base": [[0.902991635271064, 0.12436257353877893, 100], [0.9348978756407836, 0.15776615556353757, 150], [0.9481911486546886, 0.2557665950450532, 200], [0.9575219110218668, 0.32504726035152876, 250], [0.9564438507123945, 0.31239421805461143, 300], [0.9615783761869199, 0.35277519566929494, 350], [0.9617688492505884, 0.3774488633396947, 400], [0.9630949592157328, 0.38741550659603147, 450], [0.9619121010356408, 0.4130864321523622, 500], [0.9641495309434635, 0.4525989128990955, 550], [0.9640682611021937, 0.4769822296412269, 600], [0.9638686069076604, 0.45415429029274484, 650], [0.9633663852003177, 0.4592826720440612, 700], [0.9649419428236818, 0.4768874861948391, 750], [0.9651965459982852, 0.4814132348859258, 768]], "xlm-roberta-base": [[0.9338259131453689, 0.07190089172024476, 100], [0.9559272211379124, 0.13704181157504497, 150], [0.9525158278447768, 0.04316556394545895, 200], [0.9661399871539196, 0.05673412185268805, 250], [0.9651295304285844, 0.06209696471551095, 300], [0.9745727055466381, 0.06657045436212994, 350], [0.9778888476984863, 0.0626433391784994, 400], [0.9794206430868168, 0.06586777382430199, 450], [0.9782273092369477, 0.1071086939296185, 500], [0.9769381028877415, 0.07083376170266938, 550], [0.9798739753879079, 0.08030541710387809, 600], [0.9812673087212413, 0.08696337206225536, 650], [0.9824473092369479, 0.09696472275947088, 700], [0.9753339759036144, 0.07894048741472538, 750], [0.9761038171734558, 0.07914580032464907, 768]], "ernie-m-base_pytorch": [[0.9698755143651532, 0.39801425792632555, 100], [0.9775273087212412, 0.5182866244765192, 150], [0.9801652397557238, 0.5097905480631171, 200], [0.9841667026606352, 0.6130946462955933, 250], [0.9873006980769838, 0.5917540202731402, 300], [0.9891408719396321, 0.6051401240371882, 350], [0.9894766110468226, 0.6540409003348338, 400], [0.9888859133724042, 0.6936013802671341, 450], [0.98867890292414, 0.6581924514268829, 500], [0.9884802114321682, 0.6279841773050495, 550], [0.9895575053153792, 0.6112240461898124, 600], [0.9906222641919027, 0.6536329807667611, 650], [0.9909073092369477, 0.671794286075207, 700], [0.9916923092369477, 0.6554398592658502, 750], [0.9908523092369478, 0.6606487045164969, 768]]}}