{"en-fr": {"bert-base-multilingual-uncased": [[0.956193383917232, 0.1576170721083469, 100], [0.9704356698615509, 0.1786303373265405, 150], [0.9782910743690562, 0.24825105481766185, 200], [0.980035310673711, 0.2534633107476541, 250], [0.9823585796469665, 0.24706260476611558, 300], [0.9844381633129283, 0.25166584680913096, 350], [0.9858555409931555, 0.26738807022781985, 400], [0.9871655198776758, 0.26942155956466246, 450], [0.988544592148786, 0.27735495132640603, 500], [0.9889008814534987, 0.28347758365126124, 550], [0.9904825008494733, 0.3182553996427909, 600], [0.990840605653763, 0.27357692443424064, 650], [0.9915557759594458, 0.2802037627301574, 700], [0.9919130139313626, 0.27121000849951477, 750], [0.991782619775739, 0.28031735308832173, 768]], "mt5-base": [[0.8829934671305698, 0.1159815664872096, 100], [0.916561292475356, 0.14814462926882335, 150], [0.93640788012773, 0.24365297817200224, 200], [0.9445446412441975, 0.30990916993483886, 250], [0.9390000514886256, 0.296342633362353, 300], [0.9426231954035696, 0.33287128775529556, 350], [0.9457111942291392, 0.3561651401909542, 400], [0.9507370409941153, 0.36420964198816924, 450], [0.9510265866485013, 0.3910721185520005, 500], [0.9500786670465594, 0.42913259732138864, 550], [0.9505876389135528, 0.4553094098762468, 600], [0.9538053364979817, 0.431753572648555, 650], [0.9520484283521926, 0.438831632163532, 700], [0.9531291030935248, 0.45778170005427843, 750], [0.9545741793301156, 0.46424645674016307, 768]], "xlm-roberta-base": [[0.9113039514572439, 0.06195768462877699, 100], [0.9402506558731908, 0.11860328783334181, 150], [0.9410662330574697, 0.03352419777349779, 200], [0.9494453834147134, 0.04668981525773132, 250], [0.956794127353781, 0.05166955485979795, 300], [0.9660887229916094, 0.05858374941211988, 350], [0.9703498938387987, 0.0558290300542388, 400], [0.9730726248084355, 0.058473438533113785, 450], [0.9728295686214692, 0.10178074768544967, 500], [0.97267252552356, 0.06711380453660686, 550], [0.9698985890673181, 0.0749202916658233, 600], [0.9706691812441031, 0.08040276443868323, 650], [0.973794602238023, 0.0886646120910916, 700], [0.9600625181490424, 0.07513382933692973, 750], [0.9594016269285924, 0.0751607479729602, 768]], "ernie-m-base_pytorch": [[0.9599386716885286, 0.37638615029671585, 100], [0.9651833254778138, 0.4994253788158038, 150], [0.9671238878459044, 0.49561675309686387, 200], [0.9750054078954644, 0.5993276038685968, 250], [0.975795898038742, 0.5786163411508048, 300], [0.9802241090557186, 0.5938338807061373, 350], [0.983349896743907, 0.6420136540872626, 400], [0.9839366226904877, 0.6814026062220596, 450], [0.9840191569796674, 0.6446176375499377, 500], [0.983912790432983, 0.6136876577719664, 550], [0.9833732737459757, 0.5971533032671917, 600], [0.9835590457404441, 0.6400928088674523, 650], [0.9835577824733956, 0.6595228448046567, 700], [0.9835169892425091, 0.6432771849934029, 750], [0.983306802448296, 0.6492459511412312, 768]]}}