{"en-fr": {"bert-base-multilingual-uncased": [[0.9444608999682449, 0.1576184974417828, 100], [0.9638404595632233, 0.17863035995955723, 150], [0.9730649179705028, 0.24825105002532202, 200], [0.9771539592093418, 0.2534632487164045, 250], [0.9817258544112377, 0.24706259341955844, 300], [0.9837303278047513, 0.2516709433804077, 350], [0.9855284548754598, 0.2673892586685687, 400], [0.9859075947640062, 0.26942141119062907, 450], [0.9872595901290027, 0.2773548536080594, 500], [0.9886863391450548, 0.2834793107182237, 550], [0.9897065514850677, 0.31825535538779337, 600], [0.9912936014948888, 0.2735703043209501, 650], [0.9890348923574933, 0.28019857146033256, 700], [0.9892641186970009, 0.2712101791858738, 750], [0.989835729420187, 0.2803171451767784, 768]], "mt5-base": [[0.8674218496577628, 0.11598158542170914, 100], [0.8991168523612004, 0.14814463042593717, 150], [0.9165736449909282, 0.24365297007277154, 200], [0.92816036000136, 0.30990919974266506, 250], [0.9298811706589161, 0.2963426632150703, 300], [0.9388936960363555, 0.33287066769378, 350], [0.9414904601913664, 0.3561654487646767, 400], [0.9382356629820789, 0.3642144951072565, 450], [0.9426574612629206, 0.39106995658783017, 500], [0.9408052526928786, 0.4291331675382386, 550], [0.9388979989575945, 0.45531013805412446, 600], [0.9428808161775821, 0.43174036946165545, 650], [0.9460429503483004, 0.43883144471218977, 700], [0.947395997806627, 0.4577833692008666, 750], [0.9470294223132446, 0.46424649849373095, 768]], "xlm-roberta-base": [[0.8868111311048997, 0.06195776392284613, 100], [0.9001412074569971, 0.11862842582965215, 150], [0.9164231867355004, 0.03352406273963094, 200], [0.9392218711658359, 0.04668976312145731, 250], [0.9468189830093409, 0.05166955329027761, 300], [0.9560503170384361, 0.05858142930657036, 350], [0.9652633994670972, 0.05582877915151028, 400], [0.9692478137049201, 0.05847360320884193, 450], [0.9652168088484958, 0.10178126619960252, 500], [0.9650774714381196, 0.06711370472356283, 550], [0.9670336251258363, 0.07492258558736546, 600], [0.9701899085405004, 0.08048047662747562, 650], [0.9730367021677013, 0.08859393025123365, 700], [0.9698588288866536, 0.075186579202696, 750], [0.9710569710751118, 0.07516774123568269, 768]], "ernie-m-base_pytorch": [[0.9453445641481705, 0.3763104142210803, 100], [0.9549619915606213, 0.4994254350646487, 150], [0.9557379947518079, 0.49562950035443, 200], [0.9671630690697218, 0.5993276038985825, 250], [0.9721318375011417, 0.5786163244596657, 300], [0.9756503419997355, 0.5938340982338037, 350], [0.980741642282316, 0.6420085868248586, 400], [0.9811117733882166, 0.6814536410074821, 450], [0.9788988977074482, 0.6446252916858087, 500], [0.979492447033124, 0.613666307174006, 550], [0.9760057524446645, 0.5971867341814358, 600], [0.978304427923973, 0.640087078970952, 650], [0.9787443995205226, 0.659498120829966, 700], [0.9798192789886938, 0.6432776466522641, 750], [0.9795403325773171, 0.6492398721903012, 768]]}}