{"en-fr": {"bert-base-multilingual-uncased": [[0.9518146206319489, 0.17548662160046619, 100], [0.9704358241162079, 0.19703315367050478, 150], [0.9761329958929961, 0.2677113886735539, 200], [0.9815200000000001, 0.27040649172231473, 250], [0.9822319465329993, 0.26198337361580404, 300], [0.9841955555555556, 0.2619013074872313, 350], [0.986087619047619, 0.2785042328641201, 400], [0.9884612987012986, 0.28021072630874494, 450], [0.9882612987012988, 0.2877092797186538, 500], [0.9892742857142856, 0.2926140441043763, 550], [0.9894076190476191, 0.327276108928305, 600], [0.9899555555555557, 0.2828088378941874, 650], [0.989073725490196, 0.28942066642173947, 700], [0.9891377777777778, 0.27860344331534576, 750], [0.9891377777777778, 0.2889445125910522, 768]], "mt5-base": [[0.8875762542479635, 0.12436257353877893, 100], [0.9154827091812365, 0.15776615556353757, 150], [0.9349944752506192, 0.2557665950450532, 200], [0.9452282428271397, 0.32504726035152876, 250], [0.9451784324635805, 0.31239421805461143, 300], [0.9550463494416493, 0.35277519566929494, 350], [0.9572715542890361, 0.3774488633396947, 400], [0.9513202046842046, 0.38741550659603147, 450], [0.9557689651165996, 0.4130864321523622, 500], [0.9578352973464611, 0.4525989128990955, 550], [0.9527901467783629, 0.4769822296412269, 600], [0.9516584043668749, 0.45415429029274484, 650], [0.9544210385692738, 0.4592826720440612, 700], [0.9559348060175025, 0.4768874861948391, 750], [0.9578005754607904, 0.4814132348859258, 768]], "xlm-roberta-base": [[0.9077531588852633, 0.07190089172024476, 100], [0.9180148374492035, 0.13704181157504497, 150], [0.9304491223508381, 0.04316556394545895, 200], [0.9552466627446238, 0.05673412185268805, 250], [0.9582384846452026, 0.06209696471551095, 300], [0.9682867889770456, 0.06657045436212994, 350], [0.9725820836501331, 0.0626433391784994, 400], [0.9771311970077899, 0.06586777382430199, 450], [0.9737899989499441, 0.1071086939296185, 500], [0.9754948844335853, 0.07083376170266938, 550], [0.9753598580357024, 0.08030541710387809, 600], [0.977223104730044, 0.08696337206225536, 650], [0.9789751794028231, 0.09696472275947088, 700], [0.9811093225299161, 0.07894048741472538, 750], [0.9814990147783251, 0.07914580032464907, 768]], "ernie-m-base_pytorch": [[0.9566589553360174, 0.39801425792632555, 100], [0.9702413258593259, 0.5182866244765192, 150], [0.9714110089454238, 0.5097905480631171, 200], [0.9747590642463485, 0.6130946462955933, 250], [0.9813521564837642, 0.5917540202731402, 300], [0.9847014652014652, 0.6051401240371882, 350], [0.9880504053173965, 0.6540409003348338, 400], [0.9872306740160526, 0.6936013802671341, 450], [0.9878007003513875, 0.6581924514268829, 500], [0.9866168045486851, 0.6279841773050495, 550], [0.9858699265023777, 0.6112240461898124, 600], [0.9870099788071449, 0.6536329807667611, 650], [0.9887160538560538, 0.671794286075207, 700], [0.9875172715572715, 0.6554398592658502, 750], [0.9876512727944473, 0.6606487045164969, 768]]}}