{"en-fr": {"bert-base-multilingual-uncased": [[0.3075182677625803, 0.17548662160046619, 100], [0.4784057031924427, 0.19703315367050478, 150], [0.44150243812424744, 0.2677113886735539, 200], [0.6917727597356328, 0.27040649172231473, 250], [0.7899057262702905, 0.26198337361580404, 300], [0.7221430182865636, 0.2619013074872313, 350], [0.8819537703057434, 0.2785042328641201, 400], [0.9070633923958153, 0.28021072630874494, 450], [0.9309263985469868, 0.2877092797186538, 500], [0.9133368776357874, 0.2926140441043763, 550], [0.9408487813336093, 0.327276108928305, 600], [0.9323964153035084, 0.2828088378941874, 650], [0.9506151934666645, 0.28942066642173947, 700], [0.9474223721596602, 0.27860344331534576, 750], [0.9143387473263154, 0.2889445125910522, 768]], "mt5-base": [[0.4577969904292775, 0.12436257353877893, 100], [0.5443141579608751, 0.15776615556353757, 150], [0.6998983350515322, 0.2557665950450532, 200], [0.7387108101292775, 0.32504726035152876, 250], [0.826803131143288, 0.31239421805461143, 300], [0.8242684071074625, 0.35277519566929494, 350], [0.791235536345282, 0.3774488633396947, 400], [0.8210613140986268, 0.38741550659603147, 450], [0.8559610332995425, 0.4130864321523622, 500], [0.8822075826148473, 0.4525989128990955, 550], [0.8692177342000456, 0.4769822296412269, 600], [0.8720411763881122, 0.45415429029274484, 650], [0.8678452674909342, 0.4592826720440612, 700], [0.8852939622558433, 0.4768874861948391, 750], [0.8886839878949262, 0.4814132348859258, 768]], "xlm-roberta-base": [[0.3081752750304368, 0.07190089172024476, 100], [0.2297756495406442, 0.13704181157504497, 150], [0.36568615818753736, 0.04316556394545895, 200], [0.5288828043866429, 0.05673412185268805, 250], [0.49094910881067527, 0.06209696471551095, 300], [0.5616942100335628, 0.06657045436212994, 350], [0.4925789877175399, 0.0626433391784994, 400], [0.5970696740124253, 0.06586777382430199, 450], [0.6044742676613005, 0.1071086939296185, 500], [0.46441973318654445, 0.07083376170266938, 550], [0.49748609957359113, 0.08030541710387809, 600], [0.6096499646519468, 0.08696337206225536, 650], [0.653730182303899, 0.09696472275947088, 700], [0.6760054061553857, 0.07894048741472538, 750], [0.6383706029640208, 0.07914580032464907, 768]], "ernie-m-base_pytorch": [[0.5973299748393749, 0.39801425792632555, 100], [0.584475200485866, 0.5182866244765192, 150], [0.7516751952059849, 0.5097905480631171, 200], [0.7492040640116464, 0.6130946462955933, 250], [0.7056744839493047, 0.5917540202731402, 300], [0.7813850088793032, 0.6051401240371882, 350], [0.7900424637287327, 0.6540409003348338, 400], [0.8598502713778531, 0.6936013802671341, 450], [0.8547562995400533, 0.6581924514268829, 500], [0.7989813162261826, 0.6279841773050495, 550], [0.829835557046794, 0.6112240461898124, 600], [0.8399610910332531, 0.6536329807667611, 650], [0.8707985228789262, 0.671794286075207, 700], [0.8850705291664744, 0.6554398592658502, 750], [0.8917910992732124, 0.6606487045164969, 768]]}}