{"en-fr": {"bert-base-multilingual-uncased": [[0.3454039023783613, 0.1576170721083469, 100], [0.4021103987778515, 0.1786303373265405, 150], [0.547949732262428, 0.24825105481766185, 200], [0.723471637866078, 0.2534633107476541, 250], [0.8260397275893567, 0.24706260476611558, 300], [0.8506887384834313, 0.25166584680913096, 350], [0.8687116281102637, 0.26738807022781985, 400], [0.8337200560769306, 0.26942155956466246, 450], [0.9058596344147214, 0.27735495132640603, 500], [0.8907496553393722, 0.28347758365126124, 550], [0.9267957044845596, 0.3182553996427909, 600], [0.9347165456517856, 0.27357692443424064, 650], [0.9306022487151567, 0.2802037627301574, 700], [0.9366828918349922, 0.27121000849951477, 750], [0.9212443831583143, 0.28031735308832173, 768]], "mt5-base": [[0.3621131462640466, 0.1159815664872096, 100], [0.44752414044764466, 0.14814462926882335, 150], [0.6957497594954889, 0.24365297817200224, 200], [0.680625370548604, 0.30990916993483886, 250], [0.7563652613431352, 0.296342633362353, 300], [0.7378837264487484, 0.33287128775529556, 350], [0.7656392295176478, 0.3561651401909542, 400], [0.7911485957433848, 0.36420964198816924, 450], [0.8090053010775606, 0.3910721185520005, 500], [0.8462221316552504, 0.42913259732138864, 550], [0.8533165708422688, 0.4553094098762468, 600], [0.8247474702779152, 0.431753572648555, 650], [0.8554796588498804, 0.438831632163532, 700], [0.8346950942932916, 0.45778170005427843, 750], [0.8488691204738256, 0.46424645674016307, 768]], "xlm-roberta-base": [[0.24705218174057572, 0.06195768462877699, 100], [0.2970685701479064, 0.11860328783334181, 150], [0.26993079816282195, 0.03352419777349779, 200], [0.35818941800738463, 0.04668981525773132, 250], [0.47879719779610713, 0.05166955485979795, 300], [0.5144791715873205, 0.05858374941211988, 350], [0.4090375500481591, 0.0558290300542388, 400], [0.5905233329274101, 0.058473438533113785, 450], [0.6023610269087407, 0.10178074768544967, 500], [0.40312211536467757, 0.06711380453660686, 550], [0.4993158648152307, 0.0749202916658233, 600], [0.5226134074078779, 0.08040276443868323, 650], [0.6838851344479293, 0.0886646120910916, 700], [0.6815312361613155, 0.07513382933692973, 750], [0.6944724811829386, 0.0751607479729602, 768]], "ernie-m-base_pytorch": [[0.6096768579417584, 0.37638615029671585, 100], [0.6477863842648396, 0.4994253788158038, 150], [0.7185649925054944, 0.49561675309686387, 200], [0.7404169132794404, 0.5993276038685968, 250], [0.6316087831407114, 0.5786163411508048, 300], [0.733803775348784, 0.5938338807061373, 350], [0.7411503424521984, 0.6420136540872626, 400], [0.8205358341367597, 0.6814026062220596, 450], [0.8201261124523764, 0.6446176375499377, 500], [0.7309217718465232, 0.6136876577719664, 550], [0.7164951965765535, 0.5971533032671917, 600], [0.7839775259112105, 0.6400928088674523, 650], [0.845276922730274, 0.6595228448046567, 700], [0.8670753653883684, 0.6432771849934029, 750], [0.8658171403544884, 0.6492459511412312, 768]]}}