{"fr-nl": {"bert-base-multilingual-uncased": [[0.886850118637085, 0.027531355619430542, 100], [0.9223241209983826, 0.04756806418299675, 150], [0.9370030164718628, 0.040685225278139114, 200], [0.9486238360404968, 0.04389721900224686, 250], [0.9584097862243652, 0.05720404163002968, 300], [0.9626911282539368, 0.03732028231024742, 350], [0.9688073396682739, 0.03594371676445007, 400], [0.9681956768035889, 0.03624961897730827, 450], [0.9737002849578857, 0.029978588223457336, 500], [0.9737002849578857, 0.03380238637328148, 550], [0.9730886816978455, 0.04221474751830101, 600], [0.9761467576026917, 0.044356074184179306, 650], [0.9767583608627319, 0.04313245788216591, 700], [0.974311888217926, 0.04206179454922676, 750], [0.9749235510826111, 0.03747323527932167, 768]], "mt5-base": [[0.8678898811340332, 0.27454879879951477, 100], [0.9033638834953308, 0.3926277458667755, 150], [0.9137614369392395, 0.4744570553302765, 200], [0.9217125177383423, 0.5195778608322144, 250], [0.9247705936431885, 0.5180483460426331, 300], [0.9327216744422913, 0.5428265929222107, 350], [0.9333333373069763, 0.5572040677070618, 400], [0.9339449405670166, 0.542673647403717, 450], [0.9339449405670166, 0.5614867210388184, 500], [0.9382262825965881, 0.5824411511421204, 550], [0.9400611519813538, 0.5822882056236267, 600], [0.9400611519813538, 0.587947428226471, 650], [0.9370030164718628, 0.6105843186378479, 700], [0.9370030164718628, 0.622514545917511, 750], [0.9388378858566284, 0.6287856101989746, 768]], "xlm-roberta-base": [[0.8299694061279297, 0.007494647055864334, 100], [0.8892965912818909, 0.006729886867105961, 150], [0.8923547267913818, 0.007953503169119358, 200], [0.918042778968811, 0.00703579094260931, 250], [0.9223241209983826, 0.009941878728568554, 300], [0.9266054630279541, 0.010094830766320229, 350], [0.9388378858566284, 0.0116243502125144, 400], [0.9412843585014343, 0.00978892669081688, 450], [0.9327216744422913, 0.010094830766320229, 500], [0.932110071182251, 0.007494647055864334, 550], [0.9388378858566284, 0.008259407244622707, 600], [0.9400611519813538, 0.0065769352950155735, 650], [0.9449540972709656, 0.0058121751062572, 700], [0.9278287291526794, 0.007188742980360985, 750], [0.9296635985374451, 0.0073416950181126595, 768]], "ernie-m-base_pytorch": [[0.9259938597679138, 0.2713368237018585, 100], [0.9412843585014343, 0.2675130069255829, 150], [0.9394495487213135, 0.3133985996246338, 200], [0.9498470425605774, 0.38589784502983093, 250], [0.9565749168395996, 0.3894157409667969, 300], [0.9590213894844055, 0.4590089023113251, 350], [0.9602445960044861, 0.5289079546928406, 400], [0.963302731513977, 0.5590394735336304, 450], [0.9651376008987427, 0.5509330034255981, 500], [0.9651376008987427, 0.4984705150127411, 550], [0.9651376008987427, 0.4495258629322052, 600], [0.9669724702835083, 0.4319363832473755, 650], [0.9700305461883545, 0.44233712553977966, 700], [0.9700305461883545, 0.4528908133506775, 750], [0.9694189429283142, 0.4583970904350281, 768]]}}