{"fr-nl": {"bert-base-multilingual-uncased": [[0.9023999571800232, 0.044599998742341995, 100], [0.9431999921798706, 0.050200000405311584, 150], [0.9567999839782715, 0.04439999908208847, 200], [0.9639999866485596, 0.04399999976158142, 250], [0.972000002861023, 0.05719999969005585, 300], [0.9711999893188477, 0.03519999980926514, 350], [0.9735999703407288, 0.03480000048875809, 400], [0.9775999784469604, 0.036399997770786285, 450], [0.9815999865531921, 0.02759999968111515, 500], [0.9824000000953674, 0.03139999881386757, 550], [0.983199954032898, 0.03920000046491623, 600], [0.9807999730110168, 0.0414000004529953, 650], [0.983199954032898, 0.04079999774694443, 700], [0.9824000000953674, 0.03959999978542328, 750], [0.9824000000953674, 0.03460000082850456, 768]], "mt5-base": [[0.8592000007629395, 0.29159998893737793, 100], [0.9007999897003174, 0.4187999963760376, 150], [0.9223999977111816, 0.49639999866485596, 200], [0.9383999705314636, 0.5410000085830688, 250], [0.9343999624252319, 0.5343999862670898, 300], [0.9375999569892883, 0.5604000091552734, 350], [0.94159996509552, 0.571399986743927, 400], [0.94159996509552, 0.5604000091552734, 450], [0.94159996509552, 0.5783999562263489, 500], [0.94159996509552, 0.6001999974250793, 550], [0.9391999840736389, 0.5959999561309814, 600], [0.9391999840736389, 0.6015999913215637, 650], [0.9399999976158142, 0.6229999661445618, 700], [0.9455999732017517, 0.6322000026702881, 750], [0.9455999732017517, 0.6380000114440918, 768]], "xlm-roberta-base": [[0.8471999764442444, 0.010799999348819256, 100], [0.8895999789237976, 0.007199999876320362, 150], [0.8999999761581421, 0.009399999864399433, 200], [0.9247999787330627, 0.009999999776482582, 250], [0.9431999921798706, 0.010599999688565731, 300], [0.9544000029563904, 0.012000000104308128, 350], [0.962399959564209, 0.012399999424815178, 400], [0.9679999947547913, 0.011399999260902405, 450], [0.9648000001907349, 0.010400000028312206, 500], [0.967199981212616, 0.007400000002235174, 550], [0.9655999541282654, 0.008200000040233135, 600], [0.9687999486923218, 0.006799999624490738, 650], [0.9695999622344971, 0.00559999980032444, 700], [0.9703999757766724, 0.006399999838322401, 750], [0.9711999893188477, 0.006399999838322401, 768]], "ernie-m-base_pytorch": [[0.9351999759674072, 0.2897999882698059, 100], [0.9472000002861023, 0.2913999855518341, 150], [0.9575999975204468, 0.335999995470047, 200], [0.9695999622344971, 0.4075999855995178, 250], [0.9695999622344971, 0.40699997544288635, 300], [0.9759999513626099, 0.48159998655319214, 350], [0.9791999459266663, 0.5497999787330627, 400], [0.9824000000953674, 0.5776000022888184, 450], [0.9807999730110168, 0.5697999596595764, 500], [0.9799999594688416, 0.515999972820282, 550], [0.9775999784469604, 0.4649999737739563, 600], [0.9791999459266663, 0.4456000030040741, 650], [0.9791999459266663, 0.45339998602867126, 700], [0.9791999459266663, 0.46539998054504395, 750], [0.9799999594688416, 0.4715999960899353, 768]]}}