{"fr-nl": {"bert-base-multilingual-uncased": [[0.8599388599395752, 0.027531355619430542, 100], [0.9107033610343933, 0.04756806418299675, 150], [0.9333333373069763, 0.040685225278139114, 200], [0.9449541568756104, 0.04389721527695656, 250], [0.9516819715499878, 0.05720403790473938, 300], [0.9602446556091309, 0.03732028231024742, 350], [0.9651376008987427, 0.035943713039159775, 400], [0.9694189429283142, 0.03624961897730827, 450], [0.9657492637634277, 0.029978586360812187, 500], [0.9694189429283142, 0.03380238637328148, 550], [0.9743119478225708, 0.04221474379301071, 600], [0.9737002849578857, 0.04435607045888901, 650], [0.9724770784378052, 0.04313245788216591, 700], [0.9737002849578857, 0.04206179082393646, 750], [0.9730886816978455, 0.03747323155403137, 768]], "mt5-base": [[0.8238531947135925, 0.27454879879951477, 100], [0.8721712827682495, 0.3926277160644531, 150], [0.8978593349456787, 0.4744570255279541, 200], [0.9076452851295471, 0.5195778608322144, 250], [0.9021406769752502, 0.5180483460426331, 300], [0.9107033610343933, 0.5428265333175659, 350], [0.9113149642944336, 0.5572040677070618, 400], [0.9113149642944336, 0.5426735877990723, 450], [0.9143730998039246, 0.5614867210388184, 500], [0.9174311757087708, 0.5824410915374756, 550], [0.9131498336791992, 0.5822881460189819, 600], [0.9168195724487305, 0.5879473686218262, 650], [0.9204893112182617, 0.6105842590332031, 700], [0.9186544418334961, 0.622514545917511, 750], [0.9192660450935364, 0.6286326050758362, 768]], "xlm-roberta-base": [[0.8256880640983582, 0.007494646590203047, 100], [0.8581039905548096, 0.006729886867105961, 150], [0.8721712827682495, 0.007953502237796783, 200], [0.9064220190048218, 0.00703579094260931, 250], [0.9308868646621704, 0.00994187779724598, 300], [0.9339449405670166, 0.010094829834997654, 350], [0.9418960213661194, 0.0116243502125144, 400], [0.9492354989051819, 0.00978892669081688, 450], [0.9486238360404968, 0.010094829834997654, 500], [0.9498471021652222, 0.007494646590203047, 550], [0.9498471021652222, 0.008259406313300133, 600], [0.9535168409347534, 0.006576934829354286, 650], [0.9565749168395996, 0.0058121751062572, 700], [0.955351710319519, 0.0071887425146996975, 750], [0.9559633135795593, 0.007341694552451372, 768]], "ernie-m-base_pytorch": [[0.9113149642944336, 0.27133679389953613, 100], [0.9235473871231079, 0.2675130069255829, 150], [0.932110071182251, 0.3133985996246338, 200], [0.9474006295204163, 0.38589781522750854, 250], [0.955351710319519, 0.3894157111644745, 300], [0.9614678621292114, 0.4590088725090027, 350], [0.9651376008987427, 0.5290609002113342, 400], [0.9675840735435486, 0.5590394735336304, 450], [0.9657492637634277, 0.5509330034255981, 500], [0.963302731513977, 0.4984704852104187, 550], [0.9620795249938965, 0.4495258629322052, 600], [0.9651376008987427, 0.4319363832473755, 650], [0.9675840735435486, 0.4423370957374573, 700], [0.9681957364082336, 0.4528907835483551, 750], [0.9694189429283142, 0.45855000615119934, 768]]}}