{"fr-nl": {"bert-base-multilingual-uncased": [[0.1779816448688507, 0.027531355619430542, 100], [0.3975535035133362, 0.04756806418299675, 150], [0.404281347990036, 0.040685225278139114, 200], [0.483180433511734, 0.04389721527695656, 250], [0.4685015380382538, 0.05720403790473938, 300], [0.631192684173584, 0.03732028231024742, 350], [0.6470947861671448, 0.035943713039159775, 400], [0.6764525771141052, 0.03624961897730827, 450], [0.7174311876296997, 0.029978586360812187, 500], [0.7235473990440369, 0.03380238637328148, 550], [0.796941876411438, 0.04221474379301071, 600], [0.8042813539505005, 0.04435607045888901, 650], [0.7834862470626831, 0.04313245788216591, 700], [0.8324158787727356, 0.04206179082393646, 750], [0.78899085521698, 0.03747323155403137, 768]], "mt5-base": [[0.5082568526268005, 0.27454879879951477, 100], [0.5198776721954346, 0.3926277160644531, 150], [0.6868501305580139, 0.4744570255279541, 200], [0.6428134441375732, 0.5195778608322144, 250], [0.6366972327232361, 0.5180483460426331, 300], [0.7125382423400879, 0.5428265333175659, 350], [0.7932721972465515, 0.5572040677070618, 400], [0.7651376128196716, 0.5426735877990723, 450], [0.8128440380096436, 0.5614867210388184, 500], [0.7688073515892029, 0.5824410915374756, 550], [0.7963302731513977, 0.5822881460189819, 600], [0.7914373278617859, 0.5879473686218262, 650], [0.7883791923522949, 0.6105842590332031, 700], [0.8403669595718384, 0.622514545917511, 750], [0.8470947742462158, 0.6286326050758362, 768]], "xlm-roberta-base": [[0.12048929929733276, 0.007494646590203047, 100], [0.08929663896560669, 0.006729886867105961, 150], [0.11253822594881058, 0.007953502237796783, 200], [0.1247706413269043, 0.00703579094260931, 250], [0.12110091745853424, 0.00994187779724598, 300], [0.162691131234169, 0.010094829834997654, 350], [0.14067278802394867, 0.0116243502125144, 400], [0.11804281175136566, 0.00978892669081688, 450], [0.30458715558052063, 0.010094829834997654, 500], [0.17247706651687622, 0.007494646590203047, 550], [0.24587155878543854, 0.008259406313300133, 600], [0.19204893708229065, 0.006576934829354286, 650], [0.16697247326374054, 0.0058121751062572, 700], [0.3896024525165558, 0.0071887425146996975, 750], [0.3461773693561554, 0.007341694552451372, 768]], "ernie-m-base_pytorch": [[0.6140672564506531, 0.27133679389953613, 100], [0.7235473990440369, 0.2675130069255829, 150], [0.5908256769180298, 0.3133985996246338, 200], [0.7051987648010254, 0.38589781522750854, 250], [0.8042813539505005, 0.3894157111644745, 300], [0.8293578028678894, 0.4590088725090027, 350], [0.8519877791404724, 0.5290609002113342, 400], [0.878899097442627, 0.5590394735336304, 450], [0.8544342517852783, 0.5509330034255981, 500], [0.8434250950813293, 0.4984704852104187, 550], [0.8434250950813293, 0.4495258629322052, 600], [0.8752293586730957, 0.4319363832473755, 650], [0.8905198574066162, 0.4423370957374573, 700], [0.8868501782417297, 0.4528907835483551, 750], [0.8960244655609131, 0.45855000615119934, 768]]}}