{"fr-nl": {"bert-base-multilingual-uncased": [[0.18959999084472656, 0.044599998742341995, 100], [0.3367999792098999, 0.050200000405311584, 150], [0.46559998393058777, 0.04439999908208847, 200], [0.5888000130653381, 0.04399999976158142, 250], [0.618399977684021, 0.05719999969005585, 300], [0.7432000041007996, 0.03519999980926514, 350], [0.6800000071525574, 0.03480000048875809, 400], [0.7928000092506409, 0.036399997770786285, 450], [0.8199999928474426, 0.02759999968111515, 500], [0.843999981880188, 0.03139999881386757, 550], [0.8095999956130981, 0.03920000046491623, 600], [0.8095999956130981, 0.0414000004529953, 650], [0.8263999819755554, 0.04079999774694443, 700], [0.8567999601364136, 0.03959999978542328, 750], [0.7983999848365784, 0.03460000082850456, 768]], "mt5-base": [[0.5320000052452087, 0.29159998893737793, 100], [0.5583999752998352, 0.4187999963760376, 150], [0.7247999906539917, 0.49639999866485596, 200], [0.6647999882698059, 0.5410000085830688, 250], [0.6751999855041504, 0.5343999862670898, 300], [0.7631999850273132, 0.5604000091552734, 350], [0.7871999740600586, 0.571399986743927, 400], [0.8240000009536743, 0.5604000091552734, 450], [0.8303999900817871, 0.5783999562263489, 500], [0.8327999711036682, 0.6001999974250793, 550], [0.8407999873161316, 0.5959999561309814, 600], [0.8912000060081482, 0.6015999913215637, 650], [0.8799999952316284, 0.6229999661445618, 700], [0.8912000060081482, 0.6322000026702881, 750], [0.8967999815940857, 0.6380000114440918, 768]], "xlm-roberta-base": [[0.14800000190734863, 0.010799999348819256, 100], [0.1631999909877777, 0.007199999876320362, 150], [0.2935999929904938, 0.009399999864399433, 200], [0.18959999084472656, 0.009999999776482582, 250], [0.15039999783039093, 0.010599999688565731, 300], [0.26479998230934143, 0.012000000104308128, 350], [0.3351999819278717, 0.012399999424815178, 400], [0.24399998784065247, 0.011399999260902405, 450], [0.5135999917984009, 0.010400000028312206, 500], [0.25279998779296875, 0.007400000002235174, 550], [0.2272000014781952, 0.008200000040233135, 600], [0.25040000677108765, 0.006799999624490738, 650], [0.376800000667572, 0.00559999980032444, 700], [0.15359999239444733, 0.006399999838322401, 750], [0.15439999103546143, 0.006399999838322401, 768]], "ernie-m-base_pytorch": [[0.6487999558448792, 0.2897999882698059, 100], [0.7167999744415283, 0.2913999855518341, 150], [0.6207999587059021, 0.335999995470047, 200], [0.7639999985694885, 0.4075999855995178, 250], [0.7735999822616577, 0.40699997544288635, 300], [0.8463999629020691, 0.48159998655319214, 350], [0.876800000667572, 0.5497999787330627, 400], [0.892799973487854, 0.5776000022888184, 450], [0.8831999897956848, 0.5697999596595764, 500], [0.8575999736785889, 0.515999972820282, 550], [0.85999995470047, 0.4649999737739563, 600], [0.876800000667572, 0.4456000030040741, 650], [0.8799999952316284, 0.45339998602867126, 700], [0.8815999627113342, 0.46539998054504395, 750], [0.9007999897003174, 0.4715999960899353, 768]]}}