{"nl-fr": {"bert-base-multilingual-uncased": [[0.9459620541549957, 0.059621673350345294, 100], [0.9737749816849817, 0.08933083073328771, 150], [0.9792657431457433, 0.11951295485676101, 200], [0.9826626262626261, 0.1225513405860514, 250], [0.9839165656565657, 0.13159298246498105, 300], [0.9835346778711485, 0.14577263562405576, 350], [0.9870813445378149, 0.14052844586298052, 400], [0.9841066666666666, 0.17579275816577092, 450], [0.9864177777777777, 0.2027422450725983, 500], [0.9858533333333332, 0.18229174863771344, 550], [0.9866698412698411, 0.20231969760614754, 600], [0.9861498412698411, 0.20154013146164523, 650], [0.9865209523809523, 0.22651920546039328, 700], [0.9862999999999998, 0.26307804668062246, 750], [0.9864066666666665, 0.26171009384859323, 768]], "mt5-base": [[0.9265069007969452, 0.3948696451238953, 100], [0.9527651809415786, 0.4230535576733185, 150], [0.9599697630509283, 0.5036725171550814, 200], [0.9627141645020211, 0.502384366788691, 250], [0.962612348229337, 0.4404389110405095, 300], [0.9664939336803474, 0.48258010902944354, 350], [0.9661631489298675, 0.4925131251466984, 400], [0.9673968012424672, 0.4540935631616601, 450], [0.9690938958513136, 0.4884079571833877, 500], [0.9686142179463421, 0.5045166723467346, 550], [0.9682404716852787, 0.5330833404700942, 600], [0.9676103751651697, 0.5732475796267312, 650], [0.9675211140079433, 0.5597615965428363, 700], [0.9704103540903541, 0.5965275407030305, 750], [0.9694787968860579, 0.6047884858779299, 768]], "xlm-roberta-base": [[0.9167091924692268, 0.07840548754806975, 100], [0.9492949402891864, 0.04950477300690944, 150], [0.957399712373499, 0.040536806452476294, 200], [0.9666229062339385, 0.05005889408919166, 250], [0.9715141755836134, 0.06788346559430779, 300], [0.9773834396732116, 0.08589206845722451, 350], [0.9755870183138872, 0.08223285434215705, 400], [0.9776713748748039, 0.09187668733496078, 450], [0.9760267817089354, 0.1325193022161852, 500], [0.9772325162633361, 0.08188425941896468, 550], [0.9762909071529396, 0.11918633908783505, 600], [0.9794904898521197, 0.1302888347551207, 650], [0.9808403274165385, 0.14012905182589952, 700], [0.9720048452480406, 0.10945877675577258, 750], [0.9705683937549687, 0.11528728843092867, 768]], "ernie-m-base_pytorch": [[0.9663192288520899, 0.396140410317771, 100], [0.9755747713956125, 0.4664672094314666, 150], [0.9807896895794058, 0.40446117881860566, 200], [0.9836703798284054, 0.5016835891086531, 250], [0.9836305366582831, 0.5728692833910338, 300], [0.9862711396193495, 0.622456700476119, 350], [0.9860105086424814, 0.6742227281668602, 400], [0.987617454483762, 0.7103336287161071, 450], [0.9886937145589944, 0.7263619276871653, 500], [0.9885528881241711, 0.6762392490467992, 550], [0.9887379921364152, 0.6930787884301504, 600], [0.9891097145616666, 0.7026495011662416, 650], [0.9897963018555983, 0.7271056589011774, 700], [0.9897432050995858, 0.7338510297545953, 750], [0.9896772656050372, 0.7431489560893537, 768]]}}