{"nl-fr": {"bert-base-multilingual-uncased": [[0.9266545104799938, 0.05149729065031133, 100], [0.9587754092072, 0.07601380626925316, 150], [0.9678801948645983, 0.09994767512288326, 200], [0.9712679147964918, 0.10162978622447744, 250], [0.9710503471202528, 0.11457689574713978, 300], [0.9751028600449335, 0.13606494850680886, 350], [0.975910795668703, 0.13098477553317905, 400], [0.9777819246463207, 0.1668717041937771, 450], [0.9786732414714064, 0.1898530049180462, 500], [0.9798504712748121, 0.1738271742883567, 550], [0.9783172064247377, 0.19240576891138875, 600], [0.978623039243881, 0.19128736782229883, 650], [0.9794243596345766, 0.2175221195256551, 700], [0.9791852557907603, 0.2528219823553125, 750], [0.9789911957034633, 0.247706470404778, 768]], "mt5-base": [[0.9117441544478451, 0.3707789049732049, 100], [0.9330677937031157, 0.40443802236726245, 150], [0.9451090737064225, 0.48806256029609574, 200], [0.9498155485798074, 0.4854881299312684, 250], [0.9471254772468237, 0.427614083016419, 300], [0.9503516990019613, 0.46946686726504244, 350], [0.9534046794262407, 0.4811982353439811, 400], [0.9530544296420616, 0.4444958449172948, 450], [0.9565522577380757, 0.47873079779725636, 500], [0.9552077865973462, 0.49433182676062454, 550], [0.9557712991184255, 0.5227026150952104, 600], [0.9571267334983574, 0.5645059596883276, 650], [0.956837008749457, 0.5467791839234546, 700], [0.9596255775233122, 0.5825006899661456, 750], [0.9586059176208909, 0.5921119864493049, 768]], "xlm-roberta-base": [[0.8921214988732433, 0.07217501016928345, 100], [0.9304552671384093, 0.04385857324774267, 150], [0.9356663834550295, 0.03595374826235171, 200], [0.9498348057092988, 0.04501029357923497, 250], [0.9559249123830803, 0.0581558258266483, 300], [0.9626256907371575, 0.07658369005514182, 350], [0.9650005616371711, 0.07133176341938192, 400], [0.9679991370773867, 0.0797034575946132, 450], [0.9668005828024099, 0.11905432619386369, 500], [0.9648924320652993, 0.07210831242982241, 550], [0.962084124193212, 0.1002124635984372, 600], [0.963350047113301, 0.11403831109297223, 650], [0.9641682096016825, 0.11981555390923179, 700], [0.9539424770435699, 0.09658812291511298, 750], [0.9570506490872527, 0.10159029755141272, 768]], "ernie-m-base_pytorch": [[0.950058997670853, 0.3789400199649722, 100], [0.960890326879175, 0.4468608858265498, 150], [0.9637926541601253, 0.3874868404374891, 200], [0.9704452013159007, 0.48415337344683174, 250], [0.9744536187288028, 0.5523013430000526, 300], [0.978532306423417, 0.6024568363994394, 350], [0.9806331601622309, 0.652787460945911, 400], [0.9807858150962254, 0.691383939005039, 450], [0.9826739318708463, 0.7059216358241721, 500], [0.9829348335260358, 0.6539009524147772, 550], [0.9807171449052667, 0.671500432513107, 600], [0.9806166849494145, 0.6817068299192814, 650], [0.9815427342140611, 0.7021596344797273, 700], [0.9821189050807533, 0.7118575414292498, 750], [0.9824260016717145, 0.7207291946158785, 768]]}}