{"nl-fr": {"bert-base-multilingual-uncased": [[0.9330990985786486, 0.059621673350345294, 100], [0.961691278721279, 0.08933083073328771, 150], [0.969803326264379, 0.11951295485676101, 200], [0.9755666955266955, 0.1225513405860514, 250], [0.9778917718882425, 0.13159298246498105, 300], [0.9797909523809525, 0.14577263562405576, 350], [0.9815998412698412, 0.14052844586298052, 400], [0.9820498412698411, 0.17579275816577092, 450], [0.9848758241758243, 0.2027422450725983, 500], [0.9851809523809523, 0.18229174863771344, 550], [0.9860352380952381, 0.20231969760614754, 600], [0.9840901098901098, 0.20154013146164523, 650], [0.9853158241758241, 0.22651920546039328, 700], [0.985968205128205, 0.26307804668062246, 750], [0.9865682051282051, 0.26171009384859323, 768]], "mt5-base": [[0.9052375189961273, 0.3948696451238953, 100], [0.9361603022391846, 0.4230535576733185, 150], [0.9456630735369008, 0.5036725171550814, 200], [0.9520427339726619, 0.502384366788691, 250], [0.9548000344410873, 0.4404389110405095, 300], [0.9561476842712844, 0.48258010902944354, 350], [0.958566327011958, 0.4925131251466984, 400], [0.9606384927617186, 0.4540935631616601, 450], [0.9614267996913828, 0.4884079571833877, 500], [0.9647669337928022, 0.5045166723467346, 550], [0.9610553340883166, 0.5330833404700942, 600], [0.9598713969455179, 0.5732475796267312, 650], [0.9612369035764777, 0.5597615965428363, 700], [0.9627807409101073, 0.5965275407030305, 750], [0.9636282968338854, 0.6047884858779299, 768]], "xlm-roberta-base": [[0.8948453637297394, 0.07840548754806975, 100], [0.9226157565893762, 0.04950477300690944, 150], [0.9354166109215138, 0.040536806452476294, 200], [0.9495181459488358, 0.05005889408919166, 250], [0.9570225375118051, 0.06788346559430779, 300], [0.9669106451906451, 0.08589206845722451, 350], [0.970634117631777, 0.08223285434215705, 400], [0.9733936308136306, 0.09187668733496078, 450], [0.9715121555552981, 0.1325193022161852, 500], [0.9730792268141877, 0.08188425941896468, 550], [0.97587266308434, 0.11918633908783505, 600], [0.977403751763931, 0.1302888347551207, 650], [0.9778314854914261, 0.14012905182589952, 700], [0.9779348538254199, 0.10945877675577258, 750], [0.9781454754162417, 0.11528728843092867, 768]], "ernie-m-base_pytorch": [[0.9546829128609188, 0.396140410317771, 100], [0.9650638979525001, 0.4664672094314666, 150], [0.9699674918765444, 0.40446117881860566, 200], [0.9795153493724601, 0.5016835891086531, 250], [0.9810804920953018, 0.5728692833910338, 300], [0.9844017505470459, 0.622456700476119, 350], [0.985822397169394, 0.6742227281668602, 400], [0.9887544816586922, 0.7103336287161071, 450], [0.9863558761715422, 0.7263619276871653, 500], [0.9872455788655788, 0.6762392490467992, 550], [0.9851097381050323, 0.6930787884301504, 600], [0.9857478019730779, 0.7026495011662416, 650], [0.9853439123487787, 0.7271056589011774, 700], [0.9867600041498079, 0.7338510297545953, 750], [0.9863724390243902, 0.7431489560893537, 768]]}}