{"nl-fr": {"bert-base-multilingual-uncased": [[0.9097040379031632, 0.051497271844678505, 100], [0.9409065605310812, 0.07601484237444536, 150], [0.9576154163478795, 0.0999475765140243, 200], [0.9638086735283223, 0.10162971088417397, 250], [0.9662546376342462, 0.11457685002049042, 300], [0.9702578474772215, 0.13606406657584333, 350], [0.9730794038227073, 0.13098459386407624, 400], [0.9739025352901649, 0.16687194551261872, 450], [0.9742533832031657, 0.18985300322805776, 500], [0.9752957446902399, 0.17382703111756714, 550], [0.9743853669837685, 0.1924310944830384, 600], [0.9753892633294822, 0.19128697472207298, 650], [0.9753268912915585, 0.21752184602886085, 700], [0.9744004455349055, 0.2528226975922787, 750], [0.9755883924443063, 0.2477064531736527, 768]], "mt5-base": [[0.8918736044601172, 0.37077894147701573, 100], [0.9186724283891341, 0.40443772203016026, 150], [0.9337156363721459, 0.48806204552973975, 200], [0.9405122959531579, 0.4854117525554208, 250], [0.9366252694282711, 0.4276141040178537, 300], [0.9407546814428617, 0.4694772675541597, 350], [0.9438909425327228, 0.4811981611506673, 400], [0.94308519536351, 0.4444955662887564, 450], [0.9449373806340734, 0.4787298583492746, 500], [0.9463617959976575, 0.49433179967055374, 550], [0.9431729690790217, 0.522694711780625, 600], [0.9444019073856094, 0.5645057390714896, 650], [0.947538664079412, 0.5468438215835333, 700], [0.9494939979465805, 0.5824240232909442, 750], [0.9503227002972932, 0.5921872780716946, 768]], "xlm-roberta-base": [[0.8759522216077944, 0.07217524982394552, 100], [0.8951715337133269, 0.04385864601033311, 150], [0.9062685689773451, 0.035953765718807644, 200], [0.930683819450716, 0.04501041443577176, 250], [0.9440570339735336, 0.058155898074138776, 300], [0.9521540195894653, 0.07656068313334287, 350], [0.9574486318350569, 0.07125396169544397, 400], [0.9621735405499118, 0.07962704270854663, 450], [0.960636651177025, 0.11905441409571864, 500], [0.9617366660479442, 0.07210829284298578, 550], [0.9616750575333336, 0.10021402660599879, 600], [0.9645321478195977, 0.11403101716750745, 650], [0.9653585363104957, 0.11981427571817818, 700], [0.9661236264744403, 0.09658639798419177, 750], [0.9661782760995521, 0.10156153454096797, 768]], "ernie-m-base_pytorch": [[0.9393660890186482, 0.378940005370932, 100], [0.9554822448228624, 0.44686092177302433, 150], [0.9588641680047644, 0.38748683188556904, 200], [0.9652879469392229, 0.4841533719411457, 250], [0.9720932870907522, 0.552302524755121, 300], [0.9763447983114791, 0.602458510584381, 350], [0.9781021160570575, 0.6527872770746366, 400], [0.9802643669218504, 0.6913841581733927, 450], [0.9806578604535107, 0.7059216418364354, 500], [0.9784954741594347, 0.6539009520825345, 550], [0.9760410822243792, 0.6715451269297921, 600], [0.9776973595429814, 0.681707893558443, 650], [0.9787773611707189, 0.7022373937647948, 700], [0.9794441148251468, 0.7117797808214004, 750], [0.9780249550802337, 0.7206900523081061, 768]]}}