{"nl-fr": {"bert-base-multilingual-uncased": [[0.3178620935502742, 0.051497271844678505, 100], [0.4918764672316159, 0.07601484237444536, 150], [0.4801827590549229, 0.0999475765140243, 200], [0.5839821015558146, 0.10162971088417397, 250], [0.6691042206218262, 0.11457685002049042, 300], [0.7679552969871832, 0.13606406657584333, 350], [0.8053340122902608, 0.13098459386407624, 400], [0.8282735204517495, 0.16687194551261872, 450], [0.8359817402889221, 0.18985300322805776, 500], [0.8470749954239475, 0.17382703111756714, 550], [0.8790241295819489, 0.1924310944830384, 600], [0.8906434340971829, 0.19128697472207298, 650], [0.8974929628353641, 0.21752184602886085, 700], [0.8916201119425862, 0.2528226975922787, 750], [0.9059955187957166, 0.2477064531736527, 768]], "mt5-base": [[0.5388684243613183, 0.37077894147701573, 100], [0.6580133112167803, 0.40443772203016026, 150], [0.7681919761761974, 0.48806204552973975, 200], [0.8153512818713984, 0.4854117525554208, 250], [0.7579492279160439, 0.4276141040178537, 300], [0.8034073360769611, 0.4694772675541597, 350], [0.8508923713789496, 0.4811981611506673, 400], [0.8596519581246218, 0.4444955662887564, 450], [0.8764759770526792, 0.4787298583492746, 500], [0.8969756872363372, 0.49433179967055374, 550], [0.8954116475771149, 0.522694711780625, 600], [0.8804069186524489, 0.5645057390714896, 650], [0.9016176345981213, 0.5468438215835333, 700], [0.887181645158366, 0.5824240232909442, 750], [0.9062029138364736, 0.5921872780716946, 768]], "xlm-roberta-base": [[0.06763541789967781, 0.07217524982394552, 100], [0.15290223131333422, 0.04385864601033311, 150], [0.18174807997604767, 0.035953765718807644, 200], [0.24555704594665595, 0.04501041443577176, 250], [0.3414772428375819, 0.058155898074138776, 300], [0.44458266623103704, 0.07656068313334287, 350], [0.5402118583233648, 0.07125396169544397, 400], [0.5615696229005518, 0.07962704270854663, 450], [0.763847972967754, 0.11905441409571864, 500], [0.7262271063226203, 0.07210829284298578, 550], [0.46070968168944965, 0.10021402660599879, 600], [0.4207734630118544, 0.11403101716750745, 650], [0.49104389557115113, 0.11981427571817818, 700], [0.5813345249358333, 0.09658639798419177, 750], [0.5791338306007386, 0.10156153454096797, 768]], "ernie-m-base_pytorch": [[0.6597817130758082, 0.378940005370932, 100], [0.5926932126029905, 0.44686092177302433, 150], [0.7256901378658704, 0.38748683188556904, 200], [0.7825127538589243, 0.4841533719411457, 250], [0.8637392569058757, 0.552302524755121, 300], [0.8528315048232994, 0.602458510584381, 350], [0.8814838537866675, 0.6527872770746366, 400], [0.8984547435590566, 0.6913841581733927, 450], [0.8677708096191041, 0.7059216418364354, 500], [0.8438332985547443, 0.6539009520825345, 550], [0.8060945405722656, 0.6715451269297921, 600], [0.799141936463934, 0.681707893558443, 650], [0.8222760046063098, 0.7022373937647948, 700], [0.8176965911063981, 0.7117797808214004, 750], [0.8172687327431014, 0.7206900523081061, 768]]}}