{"nl-fr": {"bert-base-multilingual-uncased": [[0.35778538653136327, 0.059621673350345294, 100], [0.46304038140170267, 0.08933083073328771, 150], [0.6235560901427167, 0.11951295485676101, 200], [0.7727015746947794, 0.1225513405860514, 250], [0.8109111329643296, 0.13159298246498105, 300], [0.7865933650507022, 0.14577263562405576, 350], [0.8926693944178696, 0.14052844586298052, 400], [0.8592642199970207, 0.17579275816577092, 450], [0.845989958479212, 0.2027422450725983, 500], [0.8860742367912102, 0.18229174863771344, 550], [0.889056938204445, 0.20231969760614754, 600], [0.9088108243640658, 0.20154013146164523, 650], [0.9032195232717275, 0.22651920546039328, 700], [0.9263241239685501, 0.26307804668062246, 750], [0.9260159200809343, 0.26171009384859323, 768]], "mt5-base": [[0.6579617600119304, 0.3948696451238953, 100], [0.7039116842909867, 0.4230535576733185, 150], [0.8264098922283787, 0.5036725171550814, 200], [0.8464604923627123, 0.502384366788691, 250], [0.8553734958607252, 0.4404389110405095, 300], [0.8674939077442368, 0.48258010902944354, 350], [0.8782769081896764, 0.4925131251466984, 400], [0.8967173208937255, 0.4540935631616601, 450], [0.9150589895254774, 0.4884079571833877, 500], [0.9299745978709049, 0.5045166723467346, 550], [0.9261348726159222, 0.5330833404700942, 600], [0.9262617122086229, 0.5732475796267312, 650], [0.9227428271714425, 0.5597615965428363, 700], [0.9365359611668748, 0.5965275407030305, 750], [0.9328214642664385, 0.6047884858779299, 768]], "xlm-roberta-base": [[0.07087182485397289, 0.07840548754806975, 100], [0.17847272213386406, 0.04950477300690944, 150], [0.1981887396765632, 0.040536806452476294, 200], [0.3273916498735125, 0.05005889408919166, 250], [0.3456967475002004, 0.06788346559430779, 300], [0.4517847096064905, 0.08589206845722451, 350], [0.6423936207534187, 0.08223285434215705, 400], [0.5794753720515718, 0.09187668733496078, 450], [0.7235956326480646, 0.1325193022161852, 500], [0.6626988757787057, 0.08188425941896468, 550], [0.38299776759472415, 0.11918633908783505, 600], [0.5514369800832472, 0.1302888347551207, 650], [0.45885221752647914, 0.14012905182589952, 700], [0.5584711358351605, 0.10945877675577258, 750], [0.5806571292955683, 0.11528728843092867, 768]], "ernie-m-base_pytorch": [[0.7003115961111581, 0.396140410317771, 100], [0.6359398885945616, 0.4664672094314666, 150], [0.7551009198161875, 0.40446117881860566, 200], [0.8704895413863123, 0.5016835891086531, 250], [0.8144065781472596, 0.5728692833910338, 300], [0.8835938058725092, 0.622456700476119, 350], [0.8960482886607326, 0.6742227281668602, 400], [0.8763374033278915, 0.7103336287161071, 450], [0.8539676619257998, 0.7263619276871653, 500], [0.8315059020871971, 0.6762392490467992, 550], [0.8166905129165162, 0.6930787884301504, 600], [0.7994016757240141, 0.7026495011662416, 650], [0.8416151488865933, 0.7271056589011774, 700], [0.847369818308928, 0.7338510297545953, 750], [0.8299274380578736, 0.7431489560893537, 768]]}}