{"de-ro": {"bert-base-multilingual-uncased": [[0.8073394298553467, 0.013918629847466946, 100], [0.8880733847618103, 0.005047415383160114, 150], [0.9082568883895874, 0.0058121751062572, 200], [0.9155963063240051, 0.006423983257263899, 250], [0.9247705936431885, 0.00703579094260931, 300], [0.9345565438270569, 0.007494647055864334, 350], [0.9370030164718628, 0.0068828389048576355, 400], [0.9363914132118225, 0.006729886867105961, 450], [0.9370030164718628, 0.008106455206871033, 500], [0.9394495487213135, 0.0073416950181126595, 550], [0.9418960213661194, 0.009024166502058506, 600], [0.9388378858566284, 0.008871214464306831, 650], [0.9412843585014343, 0.009330070577561855, 700], [0.9443424940109253, 0.008565310388803482, 750], [0.943730890750885, 0.009024166502058506, 768]], "mt5-base": [[0.7455657124519348, 0.0237075574696064, 100], [0.8232415914535522, 0.03273172304034233, 150], [0.8477063775062561, 0.050015296787023544, 200], [0.8660550117492676, 0.06011012941598892, 250], [0.861773669719696, 0.07586418092250824, 300], [0.8721712231636047, 0.06332211941480637, 350], [0.8862385153770447, 0.0720403790473938, 400], [0.8795107007026672, 0.08289997279644012, 450], [0.8856269121170044, 0.09008871763944626, 500], [0.8905198574066162, 0.09972468763589859, 550], [0.8911314606666565, 0.09804221987724304, 600], [0.8935779333114624, 0.10094830393791199, 650], [0.8941895961761475, 0.0920770913362503, 700], [0.8990825414657593, 0.09620679169893265, 750], [0.895412802696228, 0.09773631393909454, 768]], "xlm-roberta-base": [[0.71804279088974, 0.002753135748207569, 100], [0.8134556412696838, 0.0007647598977200687, 150], [0.8403669595718384, 0.00122361583635211, 200], [0.8685014843940735, 0.002294279634952545, 250], [0.8709480166435242, 0.002753135748207569, 300], [0.8807339072227478, 0.0029060875531286, 350], [0.8941895961761475, 0.0032119916286319494, 400], [0.8941895961761475, 0.003517895471304655, 450], [0.8899082541465759, 0.004282655194401741, 500], [0.8850152492523193, 0.0021413275972008705, 550], [0.8892965912818909, 0.0033649434335529804, 600], [0.8935779333114624, 0.0032119916286319494, 650], [0.898470938205719, 0.0032119916286319494, 700], [0.872782826423645, 0.0038237995468080044, 750], [0.8721712231636047, 0.0036708475090563297, 768]], "ernie-m-base_pytorch": [[0.8030580878257751, 0.01911899819970131, 100], [0.8519877195358276, 0.009330070577561855, 150], [0.864220142364502, 0.007494647055864334, 200], [0.8825687766075134, 0.010553686879575253, 250], [0.895412802696228, 0.0116243502125144, 300], [0.9082568883895874, 0.015601102262735367, 350], [0.9131498336791992, 0.018048333004117012, 400], [0.9100916981697083, 0.021107373759150505, 450], [0.9162079095840454, 0.024778220802545547, 500], [0.9155963063240051, 0.01835423707962036, 550], [0.9100916981697083, 0.014989294111728668, 600], [0.9137614369392395, 0.016212910413742065, 650], [0.9162079095840454, 0.016212910413742065, 700], [0.9155963063240051, 0.015754053369164467, 750], [0.9137614369392395, 0.016059957444667816, 768]]}}