{"de-ro": {"bert-base-multilingual-uncased": [[0.8215999603271484, 0.014599999412894249, 100], [0.9071999788284302, 0.00559999980032444, 150], [0.9287999868392944, 0.006399999838322401, 200], [0.9399999976158142, 0.006399999838322401, 250], [0.9472000002861023, 0.007599999662488699, 300], [0.9487999677658081, 0.00839999970048666, 350], [0.9495999813079834, 0.007400000002235174, 400], [0.9544000029563904, 0.007400000002235174, 450], [0.9567999839782715, 0.00839999970048666, 500], [0.9583999514579773, 0.006799999624490738, 550], [0.9631999731063843, 0.009999999776482582, 600], [0.9631999731063843, 0.008599999360740185, 650], [0.9607999920845032, 0.009999999776482582, 700], [0.9615999460220337, 0.008799999952316284, 750], [0.9583999514579773, 0.009200000204145908, 768]], "mt5-base": [[0.7687999606132507, 0.0421999990940094, 100], [0.8416000008583069, 0.0714000016450882, 150], [0.8799999952316284, 0.10199999809265137, 200], [0.8831999897956848, 0.1241999939084053, 250], [0.8736000061035156, 0.13599999248981476, 300], [0.8815999627113342, 0.12079999595880508, 350], [0.8951999545097351, 0.13599999248981476, 400], [0.892799973487854, 0.1517999917268753, 450], [0.8935999870300293, 0.15519998967647552, 500], [0.8983999490737915, 0.17059999704360962, 550], [0.9047999978065491, 0.16459999978542328, 600], [0.897599995136261, 0.1727999895811081, 650], [0.8991999626159668, 0.1533999890089035, 700], [0.8983999490737915, 0.16279999911785126, 750], [0.897599995136261, 0.1703999936580658, 768]], "xlm-roberta-base": [[0.7567999958992004, 0.01119999960064888, 100], [0.8359999656677246, 0.0005999999702908099, 150], [0.8623999953269958, 0.00139999995008111, 200], [0.8871999979019165, 0.002199999988079071, 250], [0.8895999789237976, 0.0023999998811632395, 300], [0.8951999545097351, 0.00279999990016222, 350], [0.9088000059127808, 0.003000000026077032, 400], [0.913599967956543, 0.003399999812245369, 450], [0.8959999680519104, 0.0037999998312443495, 500], [0.8983999490737915, 0.0026000000070780516, 550], [0.8935999870300293, 0.003599999938160181, 600], [0.897599995136261, 0.0031999999191612005, 650], [0.9079999923706055, 0.003399999812245369, 700], [0.8912000060081482, 0.003399999812245369, 750], [0.8903999924659729, 0.0031999999191612005, 768]], "ernie-m-base_pytorch": [[0.8351999521255493, 0.021800000220537186, 100], [0.8783999681472778, 0.010799999348819256, 150], [0.9071999788284302, 0.009200000204145908, 200], [0.9151999950408936, 0.013199999928474426, 250], [0.9199999570846558, 0.015399999916553497, 300], [0.9327999949455261, 0.01679999940097332, 350], [0.9351999759674072, 0.019600000232458115, 400], [0.9351999759674072, 0.022199999541044235, 450], [0.9383999705314636, 0.02579999901354313, 500], [0.9343999624252319, 0.017799999564886093, 550], [0.9327999949455261, 0.016999999061226845, 600], [0.9391999840736389, 0.01719999872148037, 650], [0.9431999921798706, 0.017400000244379044, 700], [0.9447999596595764, 0.01719999872148037, 750], [0.9423999786376953, 0.017799999564886093, 768]]}}