{"de-ro": {"bert-base-multilingual-uncased": [[0.797553539276123, 0.013918629847466946, 100], [0.875840961933136, 0.005047414917498827, 150], [0.8960244655609131, 0.0058121751062572, 200], [0.9143730998039246, 0.0064239827916026115, 250], [0.9180428385734558, 0.00703579094260931, 300], [0.921100914478302, 0.007494646590203047, 350], [0.9278287291526794, 0.0068828389048576355, 400], [0.932721734046936, 0.006729886867105961, 450], [0.932110071182251, 0.008106454275548458, 500], [0.9345566034317017, 0.007341694552451372, 550], [0.9363914132118225, 0.009024166502058506, 600], [0.9388379454612732, 0.008871214464306831, 650], [0.940672755241394, 0.009330070577561855, 700], [0.9455657601356506, 0.008565310388803482, 750], [0.9455657601356506, 0.009024166502058506, 768]], "mt5-base": [[0.729663610458374, 0.02370755560696125, 100], [0.805504560470581, 0.03273172304034233, 150], [0.8293578028678894, 0.050015296787023544, 200], [0.8501529097557068, 0.060110125690698624, 250], [0.8440366983413696, 0.07586418092250824, 300], [0.8525993824005127, 0.06332211941480637, 350], [0.8666666746139526, 0.0720403790473938, 400], [0.856269121170044, 0.08289997279644012, 450], [0.8611620664596558, 0.09008871018886566, 500], [0.8660550713539124, 0.09972468763589859, 550], [0.8715596199035645, 0.09804221242666245, 600], [0.8776758313179016, 0.10094830393791199, 650], [0.8813455700874329, 0.0920770913362503, 700], [0.8850153088569641, 0.09620679169893265, 750], [0.8880733847618103, 0.09773631393909454, 768]], "xlm-roberta-base": [[0.6850152611732483, 0.0027531355153769255, 100], [0.7461773753166199, 0.0007647598395124078, 150], [0.7847094535827637, 0.00122361583635211, 200], [0.8379204869270325, 0.002294279634952545, 250], [0.8379204869270325, 0.0027531355153769255, 300], [0.8525993824005127, 0.0029060875531286, 350], [0.8691131472587585, 0.0032119913958013058, 400], [0.8733944892883301, 0.003517895471304655, 450], [0.8678898811340332, 0.004282655194401741, 500], [0.8703364133834839, 0.0021413275972008705, 550], [0.8752293586730957, 0.0033649434335529804, 600], [0.8801223039627075, 0.0032119913958013058, 650], [0.8862385153770447, 0.0032119913958013058, 700], [0.8911315202713013, 0.0038237993139773607, 750], [0.8917431235313416, 0.003670847276225686, 768]], "ernie-m-base_pytorch": [[0.7718654274940491, 0.01911899633705616, 100], [0.820183515548706, 0.009330070577561855, 150], [0.8348624110221863, 0.007494646590203047, 200], [0.8617737293243408, 0.010553685948252678, 250], [0.8727828860282898, 0.0116243502125144, 300], [0.8831804394721985, 0.015601101331412792, 350], [0.8886849880218506, 0.018048333004117012, 400], [0.8899082541465759, 0.021107371896505356, 450], [0.884403645992279, 0.024778218939900398, 500], [0.8923547267913818, 0.01835423707962036, 550], [0.8880733847618103, 0.014989293180406094, 600], [0.8978593349456787, 0.016212908551096916, 650], [0.9003058075904846, 0.016212908551096916, 700], [0.9039755463600159, 0.015754053369164467, 750], [0.9082568883895874, 0.016059957444667816, 768]]}}