{"de-ro": {"bert-base-multilingual-uncased": [[0.8079999685287476, 0.014599999412894249, 100], [0.8983999490737915, 0.00559999980032444, 150], [0.9159999489784241, 0.006399999838322401, 200], [0.9279999732971191, 0.006399999838322401, 250], [0.9368000030517578, 0.007599999662488699, 300], [0.9399999976158142, 0.00839999970048666, 350], [0.9479999542236328, 0.007400000002235174, 400], [0.9455999732017517, 0.007400000002235174, 450], [0.9479999542236328, 0.00839999970048666, 500], [0.9487999677658081, 0.006799999624490738, 550], [0.9535999894142151, 0.009999999776482582, 600], [0.9527999758720398, 0.008599999360740185, 650], [0.9551999568939209, 0.009999999776482582, 700], [0.9559999704360962, 0.008799999952316284, 750], [0.9567999839782715, 0.009200000204145908, 768]], "mt5-base": [[0.7511999607086182, 0.0421999990940094, 100], [0.8223999738693237, 0.0714000016450882, 150], [0.8615999817848206, 0.10199999809265137, 200], [0.8823999762535095, 0.1241999939084053, 250], [0.8664000034332275, 0.13599999248981476, 300], [0.8847999572753906, 0.12079999595880508, 350], [0.892799973487854, 0.13599999248981476, 400], [0.8703999519348145, 0.1517999917268753, 450], [0.8807999491691589, 0.15519998967647552, 500], [0.8855999708175659, 0.17059999704360962, 550], [0.8944000005722046, 0.16459999978542328, 600], [0.8983999490737915, 0.1727999895811081, 650], [0.9023999571800232, 0.1533999890089035, 700], [0.9023999571800232, 0.16279999911785126, 750], [0.9016000032424927, 0.1703999936580658, 768]], "xlm-roberta-base": [[0.7215999960899353, 0.01119999960064888, 100], [0.7919999957084656, 0.0005999999702908099, 150], [0.8223999738693237, 0.00139999995008111, 200], [0.8592000007629395, 0.002199999988079071, 250], [0.8743999600410461, 0.0023999998811632395, 300], [0.8951999545097351, 0.00279999990016222, 350], [0.9016000032424927, 0.003000000026077032, 400], [0.9143999814987183, 0.003399999812245369, 450], [0.8951999545097351, 0.0037999998312443495, 500], [0.9023999571800232, 0.0026000000070780516, 550], [0.9095999598503113, 0.003599999938160181, 600], [0.913599967956543, 0.0031999999191612005, 650], [0.9127999544143677, 0.003399999812245369, 700], [0.9167999625205994, 0.003399999812245369, 750], [0.9175999760627747, 0.0031999999191612005, 768]], "ernie-m-base_pytorch": [[0.7943999767303467, 0.021800000220537186, 100], [0.8495999574661255, 0.010799999348819256, 150], [0.8687999844551086, 0.009200000204145908, 200], [0.8935999870300293, 0.013199999928474426, 250], [0.9055999517440796, 0.015399999916553497, 300], [0.9192000031471252, 0.01679999940097332, 350], [0.913599967956543, 0.019600000232458115, 400], [0.9175999760627747, 0.022199999541044235, 450], [0.9159999489784241, 0.02579999901354313, 500], [0.920799970626831, 0.017799999564886093, 550], [0.9215999841690063, 0.016999999061226845, 600], [0.9287999868392944, 0.01719999872148037, 650], [0.9311999678611755, 0.017400000244379044, 700], [0.9279999732971191, 0.01719999872148037, 750], [0.9303999543190002, 0.017799999564886093, 768]]}}