{"de-ro": {"bert-base-multilingual-uncased": [[0.15760000050067902, 0.014599999412894249, 100], [0.18239998817443848, 0.00559999980032444, 150], [0.2655999958515167, 0.006399999838322401, 200], [0.2295999974012375, 0.006399999838322401, 250], [0.31919997930526733, 0.007599999662488699, 300], [0.405599981546402, 0.00839999970048666, 350], [0.47039997577667236, 0.007400000002235174, 400], [0.4575999975204468, 0.007400000002235174, 450], [0.5615999698638916, 0.00839999970048666, 500], [0.5703999996185303, 0.006799999624490738, 550], [0.553600013256073, 0.009999999776482582, 600], [0.5767999887466431, 0.008599999360740185, 650], [0.5839999914169312, 0.009999999776482582, 700], [0.5719999670982361, 0.008799999952316284, 750], [0.5471999645233154, 0.009200000204145908, 768]], "mt5-base": [[0.20080000162124634, 0.0421999990940094, 100], [0.18400000035762787, 0.0714000016450882, 150], [0.14319999516010284, 0.10199999809265137, 200], [0.19919998943805695, 0.1241999939084053, 250], [0.3455999791622162, 0.13599999248981476, 300], [0.37279999256134033, 0.12079999595880508, 350], [0.3783999979496002, 0.13599999248981476, 400], [0.3895999789237976, 0.1517999917268753, 450], [0.42879998683929443, 0.15519998967647552, 500], [0.36879998445510864, 0.17059999704360962, 550], [0.3471999764442444, 0.16459999978542328, 600], [0.405599981546402, 0.1727999895811081, 650], [0.37599998712539673, 0.1533999890089035, 700], [0.4343999922275543, 0.16279999911785126, 750], [0.4431999921798706, 0.1703999936580658, 768]], "xlm-roberta-base": [[0.0575999990105629, 0.01119999960064888, 100], [0.04800000041723251, 0.0005999999702908099, 150], [0.07279999554157257, 0.00139999995008111, 200], [0.12639999389648438, 0.002199999988079071, 250], [0.26159998774528503, 0.0023999998811632395, 300], [0.20080000162124634, 0.00279999990016222, 350], [0.21439999341964722, 0.003000000026077032, 400], [0.4472000002861023, 0.003399999812245369, 450], [0.4071999788284302, 0.0037999998312443495, 500], [0.3431999981403351, 0.0026000000070780516, 550], [0.1695999950170517, 0.003599999938160181, 600], [0.13519999384880066, 0.0031999999191612005, 650], [0.15600000321865082, 0.003399999812245369, 700], [0.03680000081658363, 0.003399999812245369, 750], [0.04879999905824661, 0.0031999999191612005, 768]], "ernie-m-base_pytorch": [[0.2199999988079071, 0.021800000220537186, 100], [0.21279999613761902, 0.010799999348819256, 150], [0.20559999346733093, 0.009200000204145908, 200], [0.31039997935295105, 0.013199999928474426, 250], [0.29440000653266907, 0.015399999916553497, 300], [0.37199997901916504, 0.01679999940097332, 350], [0.42080000042915344, 0.019600000232458115, 400], [0.46399998664855957, 0.022199999541044235, 450], [0.3416000008583069, 0.02579999901354313, 500], [0.3391999900341034, 0.017799999564886093, 550], [0.15760000050067902, 0.016999999061226845, 600], [0.14000000059604645, 0.01719999872148037, 650], [0.17999999225139618, 0.017400000244379044, 700], [0.13679999113082886, 0.01719999872148037, 750], [0.15039999783039093, 0.017799999564886093, 768]]}}