{"de-ro": {"bert-base-multilingual-uncased": [[0.14434251189231873, 0.013918629847466946, 100], [0.17186544835567474, 0.005047414917498827, 150], [0.1706421971321106, 0.0058121751062572, 200], [0.19143730401992798, 0.0064239827916026115, 250], [0.20061162114143372, 0.00703579094260931, 300], [0.4128440320491791, 0.007494646590203047, 350], [0.4446483254432678, 0.0068828389048576355, 400], [0.3896024525165558, 0.006729886867105961, 450], [0.3951070308685303, 0.008106454275548458, 500], [0.5259938836097717, 0.007341694552451372, 550], [0.5009174346923828, 0.009024166502058506, 600], [0.4813455641269684, 0.008871214464306831, 650], [0.5455657243728638, 0.009330070577561855, 700], [0.5314984917640686, 0.008565310388803482, 750], [0.5486238598823547, 0.009024166502058506, 768]], "mt5-base": [[0.16697247326374054, 0.02370755560696125, 100], [0.16391436755657196, 0.03273172304034233, 150], [0.14311926066875458, 0.050015296787023544, 200], [0.22079510986804962, 0.060110125690698624, 250], [0.36819571256637573, 0.07586418092250824, 300], [0.3565749228000641, 0.06332211941480637, 350], [0.27155962586402893, 0.0720403790473938, 400], [0.3516819477081299, 0.08289997279644012, 450], [0.3914373219013214, 0.09008871018886566, 500], [0.4550458788871765, 0.09972468763589859, 550], [0.3461773693561554, 0.09804221242666245, 600], [0.4146789014339447, 0.10094830393791199, 650], [0.46116209030151367, 0.0920770913362503, 700], [0.4905198812484741, 0.09620679169893265, 750], [0.515596330165863, 0.09773631393909454, 768]], "xlm-roberta-base": [[0.04525993764400482, 0.0027531355153769255, 100], [0.01651376113295555, 0.0007647598395124078, 150], [0.05443425104022026, 0.00122361583635211, 200], [0.09235473722219467, 0.002294279634952545, 250], [0.16574923694133759, 0.0027531355153769255, 300], [0.2165137678384781, 0.0029060875531286, 350], [0.2776758372783661, 0.0032119913958013058, 400], [0.33700305223464966, 0.003517895471304655, 450], [0.29908257722854614, 0.004282655194401741, 500], [0.26605504751205444, 0.0021413275972008705, 550], [0.1425076425075531, 0.0033649434335529804, 600], [0.1504587084054947, 0.0032119913958013058, 650], [0.14067278802394867, 0.0032119913958013058, 700], [0.04220183566212654, 0.0038237993139773607, 750], [0.04525993764400482, 0.003670847276225686, 768]], "ernie-m-base_pytorch": [[0.20672783255577087, 0.01911899633705616, 100], [0.21590213477611542, 0.009330070577561855, 150], [0.20917430520057678, 0.007494646590203047, 200], [0.2727828621864319, 0.010553685948252678, 250], [0.30152904987335205, 0.0116243502125144, 300], [0.4501529037952423, 0.015601101331412792, 350], [0.4330275356769562, 0.018048333004117012, 400], [0.4685015380382538, 0.021107371896505356, 450], [0.3639143705368042, 0.024778218939900398, 500], [0.3969419002532959, 0.01835423707962036, 550], [0.1651376187801361, 0.014989293180406094, 600], [0.1449541300535202, 0.016212908551096916, 650], [0.1681957244873047, 0.016212908551096916, 700], [0.14434251189231873, 0.015754053369164467, 750], [0.15107034146785736, 0.016059957444667816, 768]]}}