{"fr-en": {"bert-base-multilingual-uncased": [[0.9513911469111398, 0.10246078164047832, 100], [0.9679344488156656, 0.16194840491975218, 150], [0.9770857375812102, 0.18308982976544722, 200], [0.9788345285709334, 0.18285076428635186, 250], [0.9812363161321354, 0.1913210541622938, 300], [0.982810169066089, 0.20559631420410823, 350], [0.9834392900805001, 0.22333027315709086, 400], [0.984583183238422, 0.2249568301634101, 450], [0.9867142421049597, 0.2473981986925634, 500], [0.9872412087315583, 0.26469958162402907, 550], [0.9865786687623133, 0.27828142384071525, 600], [0.9875572207563551, 0.2807420310986855, 650], [0.988839938948521, 0.2781209210235742, 700], [0.988168948438781, 0.2821975441573567, 750], [0.9878630926224926, 0.2854009859971822, 768]], "mt5-base": [[0.8851406262986898, 0.15929824135068812, 100], [0.9172425587676951, 0.2142227190565325, 150], [0.9342826352286598, 0.3098009019798574, 200], [0.9391903748912505, 0.3481204240325714, 250], [0.9419582467152753, 0.3176953907595539, 300], [0.9463734475412081, 0.347377332517083, 350], [0.9471284656496166, 0.36764917426792487, 400], [0.9498937814968856, 0.36178654275275784, 450], [0.9541285932038075, 0.37404672540496864, 500], [0.9533819879923233, 0.4046156943592263, 550], [0.9535458287172579, 0.426864156878246, 600], [0.954303160697027, 0.3816502101028544, 650], [0.9543296541982167, 0.4150934167574023, 700], [0.9545862704295811, 0.40981161829481977, 750], [0.9552425301548196, 0.4205311601531477, 768]], "xlm-roberta-base": [[0.8997259073628107, 0.029118974165004672, 100], [0.9311925395332603, 0.04014067331122754, 150], [0.9342795743657168, 0.05380673327804411, 200], [0.949063101539216, 0.07481452056180354, 250], [0.9512277460082494, 0.05997294161354476, 300], [0.9561199705371809, 0.06199653149516945, 350], [0.9638130509506576, 0.06239574139216475, 400], [0.9635072191700934, 0.062048921711373106, 450], [0.9611425061779799, 0.0745258415043347, 500], [0.9656447740319422, 0.06837970242702683, 550], [0.9633804130122514, 0.06519381181598902, 600], [0.967688254003633, 0.06348172530832816, 650], [0.967237578785656, 0.06272870476600696, 700], [0.9533034358725644, 0.06719544882578687, 750], [0.954613437695323, 0.0693639489367372, 768]], "ernie-m-base_pytorch": [[0.9573977675202411, 0.31776933991259465, 100], [0.9659978329035612, 0.32226024962141586, 150], [0.9733604928184592, 0.38343426622462046, 200], [0.9768067484822828, 0.46958639187283874, 250], [0.9786646803157086, 0.38179726042089424, 300], [0.9835174106141119, 0.46916084222716814, 350], [0.9844953218428611, 0.5189326994705206, 400], [0.9843571178154099, 0.5684190578302849, 450], [0.9833942172257947, 0.5845911067931968, 500], [0.9842469961819744, 0.5251325016892918, 550], [0.9832759175596922, 0.5242372673056376, 600], [0.9842600425230476, 0.5518730774373585, 650], [0.9852796820677603, 0.5665922290247433, 700], [0.98423297542399, 0.5330783749354298, 750], [0.9846804609099249, 0.5400661862174485, 768]]}}