{"fr-en": {"bert-base-multilingual-uncased": [[0.96251842985843, 0.10394003309990078, 100], [0.9778655925478698, 0.16592316510685895, 150], [0.9819076190476191, 0.18603320826967332, 200], [0.9825944862155388, 0.18416636741657108, 250], [0.9839967831343062, 0.1945140494184431, 300], [0.9827706766917292, 0.20765987956065296, 350], [0.9839782957393484, 0.22729577607597226, 400], [0.985870676691729, 0.22713234846335198, 450], [0.9856309523809523, 0.24946912269743374, 500], [0.9851422222222221, 0.2661179885446296, 550], [0.9854866666666665, 0.2794919399616673, 600], [0.9878088888888887, 0.28085045667802444, 650], [0.9868599999999998, 0.2781427256799636, 700], [0.988707619047619, 0.28111927502263034, 750], [0.9873552380952381, 0.28472424560756604, 768]], "mt5-base": [[0.9106783225021055, 0.17698150603826054, 100], [0.9373903063079291, 0.22653689165644242, 150], [0.9521408885267317, 0.32510582722490455, 200], [0.9551557804870426, 0.3680596530675111, 250], [0.9547507328519494, 0.3350318463054247, 300], [0.9603879017354069, 0.36796446189216797, 350], [0.9596447825460145, 0.38715619665735274, 400], [0.9600097960252791, 0.3831608512649527, 450], [0.9630764217438044, 0.393565918474034, 500], [0.9637958966169925, 0.4231830477970174, 550], [0.9616158667957428, 0.44707739136323543, 600], [0.9610757940305311, 0.40145587565387725, 650], [0.96016237374959, 0.43460717593036935, 700], [0.9623335338523881, 0.4283578207497073, 750], [0.9611942533413103, 0.4389008020970648, 768]], "xlm-roberta-base": [[0.9248831595899397, 0.032422657401253614, 100], [0.9477250140074251, 0.04179850930151248, 150], [0.9535978470190326, 0.05749041208391093, 200], [0.9657180768180768, 0.07877050095112714, 250], [0.9648097308382217, 0.0637859278052417, 300], [0.970064136663299, 0.065122938324329, 350], [0.9717195034630055, 0.06535521011816418, 400], [0.9730524092448904, 0.06460091162222474, 450], [0.9748651396242345, 0.07741413407364671, 500], [0.973687592458823, 0.07219115376964298, 550], [0.9762768794157338, 0.06817732433530503, 600], [0.9791029674705131, 0.06687956356000664, 650], [0.9777672501411633, 0.0659945581249733, 700], [0.9712934479288826, 0.0725640111035015, 750], [0.9718516882940527, 0.07486282764602581, 768]], "ernie-m-base_pytorch": [[0.968921023017903, 0.33045664888777915, 100], [0.9784497426775761, 0.3324737722139087, 150], [0.9827418315018315, 0.39536893997588174, 200], [0.9855874948240163, 0.47823183221208154, 250], [0.9869609433962263, 0.3988666184283375, 300], [0.9885609661835748, 0.4865018596551705, 350], [0.9895609913258985, 0.5347864858079544, 400], [0.9915611412268188, 0.5807550105476723, 450], [0.9892677918424754, 0.5968862210532633, 500], [0.9902677701149427, 0.5396140249778482, 550], [0.9892013582342956, 0.5376178371087739, 600], [0.9910683403068342, 0.5674240360438066, 650], [0.991934539969834, 0.580344757567075, 700], [0.9932680134680136, 0.5503777184966088, 750], [0.9926948314606743, 0.5558372836270881, 768]]}}