{"fr-en": {"bert-base-multilingual-uncased": [[0.9472348202295646, 0.10245996720960925, 100], [0.9666792090003097, 0.16194834951900927, 150], [0.9731497988421592, 0.18308978565163506, 200], [0.976468812242798, 0.18283805264783864, 250], [0.9795530956044577, 0.19132101732228968, 300], [0.9805626537920115, 0.20562217204811928, 350], [0.9839301116824053, 0.2233269293695669, 400], [0.9837893197526226, 0.22495710786846576, 450], [0.9839530966595187, 0.24739789330549353, 500], [0.9846142270912912, 0.2646866092356496, 550], [0.9850329367220894, 0.2782814218735603, 600], [0.9865618173875055, 0.28074215125244417, 650], [0.9863716728493733, 0.2781208539292505, 700], [0.9861316805009466, 0.28220540913950487, 750], [0.9861317045426444, 0.28532448871813837, 768]], "mt5-base": [[0.8594035744920567, 0.15929822468963376, 100], [0.8993634074367461, 0.21422313389588368, 150], [0.9218960399106855, 0.30987712296719816, 200], [0.9295598230376505, 0.348120342213336, 250], [0.9208491313499088, 0.31769519291720516, 300], [0.9293280529653588, 0.34737308009865986, 350], [0.9334307596944004, 0.36766295617630995, 400], [0.9291399027660088, 0.3617865176529894, 450], [0.933475434136333, 0.37404661971539865, 500], [0.9379367307779101, 0.4046153909792982, 550], [0.9368552923265578, 0.42686342822311585, 600], [0.9389518057063442, 0.3816467820647676, 650], [0.9408314453534168, 0.41509321753786016, 700], [0.9426067132570353, 0.4098107890442135, 750], [0.9443769853959958, 0.4204570858035099, 768]], "xlm-roberta-base": [[0.8921838118547539, 0.02911897664412612, 100], [0.9109110750279603, 0.04014071042454785, 150], [0.920338033913547, 0.05380672536128871, 200], [0.9421865281778319, 0.07481454680386204, 250], [0.951964053983259, 0.05997334470552392, 300], [0.9570127376519809, 0.061946454159068146, 350], [0.9655040276498683, 0.062396061535196994, 400], [0.9689068361018265, 0.062048631914729216, 450], [0.9657665544521655, 0.07452584083597312, 500], [0.9671858660344745, 0.06838105063878996, 550], [0.9685416007265369, 0.06519163793668822, 600], [0.9713051591784742, 0.06347922004195648, 650], [0.9711052608782518, 0.06272702264738841, 700], [0.9724029994584699, 0.06719573419860654, 750], [0.9722243487941633, 0.06936515438709555, 768]], "ernie-m-base_pytorch": [[0.950535098247975, 0.31776935734350764, 100], [0.9549950491932896, 0.3222601970237619, 150], [0.9588320939457412, 0.3834343116761654, 200], [0.9664469494868815, 0.4695863420071412, 250], [0.9709382072956295, 0.3817972660937824, 300], [0.9762233512967902, 0.4691582325171408, 350], [0.9785187028973833, 0.5189374817705278, 400], [0.9801421726386071, 0.5684318024663989, 450], [0.9743600984672558, 0.5845895818729608, 500], [0.9747421692846384, 0.525132895419241, 550], [0.9742939166932537, 0.5242495181979326, 600], [0.9763211233912896, 0.5518724860737796, 650], [0.9763448790023385, 0.5665185818454533, 700], [0.9766016090727871, 0.533109961286349, 750], [0.9775472744425648, 0.5400893534635738, 768]]}}