{"fr-en": {"bert-base-multilingual-uncased": [[0.9571902846195947, 0.10394003309990078, 100], [0.9736889177489176, 0.16592316510685895, 150], [0.9819203463203464, 0.18603320826967332, 200], [0.9827844444444445, 0.18416636741657108, 250], [0.9818666666666668, 0.1945140494184431, 300], [0.9839063492063493, 0.20765987956065296, 350], [0.9838609523809524, 0.22729577607597226, 400], [0.9859390476190474, 0.22713234846335198, 450], [0.9870819047619045, 0.24946912269743374, 500], [0.9873219047619046, 0.2661179885446296, 550], [0.9884885714285714, 0.2794919399616673, 600], [0.9903599999999999, 0.28085045667802444, 650], [0.9874584126984126, 0.2781427256799636, 700], [0.987991746031746, 0.28111927502263034, 750], [0.9878584126984126, 0.28472424560756604, 768]], "mt5-base": [[0.8876208189316063, 0.17698150603826054, 100], [0.9199233846201962, 0.22653689165644242, 150], [0.9427784436820209, 0.32510582722490455, 200], [0.9463882757593283, 0.3680596530675111, 250], [0.9420905960652852, 0.3350318463054247, 300], [0.9493741031283064, 0.36796446189216797, 350], [0.9495610021832311, 0.38715619665735274, 400], [0.9416295581665505, 0.3831608512649527, 450], [0.9499787840269555, 0.393565918474034, 500], [0.949568089192083, 0.4231830477970174, 550], [0.946667195626105, 0.44707739136323543, 600], [0.9480698278673512, 0.40145587565387725, 650], [0.9513025951436479, 0.43460717593036935, 700], [0.9534905843836982, 0.4283578207497073, 750], [0.9542720388850916, 0.4389008020970648, 768]], "xlm-roberta-base": [[0.9024237775712367, 0.032422657401253614, 100], [0.9214531458793263, 0.04179850930151248, 150], [0.9406963431118355, 0.05749041208391093, 200], [0.9603512167437294, 0.07877050095112714, 250], [0.9635902751474353, 0.0637859278052417, 300], [0.9713784304364504, 0.065122938324329, 350], [0.9744108739214001, 0.06535521011816418, 400], [0.9780731794131794, 0.06460091162222474, 450], [0.9743156233605305, 0.07741413407364671, 500], [0.9756679653679654, 0.07219115376964298, 550], [0.9744580756121861, 0.06817732433530503, 600], [0.9743165580618214, 0.06687956356000664, 650], [0.9752032062320622, 0.0659945581249733, 700], [0.9774165136393879, 0.0725640111035015, 750], [0.977011485442662, 0.07486282764602581, 768]], "ernie-m-base_pytorch": [[0.9705675665541809, 0.33045664888777915, 100], [0.9764075904541957, 0.3324737722139087, 150], [0.9776909964880645, 0.39536893997588174, 200], [0.9809284353741495, 0.47823183221208154, 250], [0.9819210037641156, 0.3988666184283375, 300], [0.9834876666666665, 0.4865018596551705, 350], [0.9881020218996689, 0.5347864858079544, 400], [0.9885821185617102, 0.5807550105476723, 450], [0.985161094391245, 0.5968862210532633, 500], [0.9826147592758118, 0.5396140249778482, 550], [0.9818287852283771, 0.5376178371087739, 600], [0.9823421965489151, 0.5674240360438066, 650], [0.9834088970028906, 0.580344757567075, 700], [0.9847421812596006, 0.5503777184966088, 750], [0.9851154779646581, 0.5558372836270881, 768]]}}