{"fr-en": {"bert-base-multilingual-uncased": [[0.5276292884551342, 0.10245996720960925, 100], [0.5826360840886669, 0.16194834951900927, 150], [0.7590071320016398, 0.18308978565163506, 200], [0.8181449619759534, 0.18283805264783864, 250], [0.8618001532015713, 0.19132101732228968, 300], [0.8636016362276618, 0.20562217204811928, 350], [0.9056237400261014, 0.2233269293695669, 400], [0.906836939561397, 0.22495710786846576, 450], [0.9045977928667812, 0.24739789330549353, 500], [0.9130236641412424, 0.2646866092356496, 550], [0.9127779574187109, 0.2782814218735603, 600], [0.934987285440324, 0.28074215125244417, 650], [0.9224661861974265, 0.2781208539292505, 700], [0.930384902889236, 0.28220540913950487, 750], [0.9377370355081392, 0.28532448871813837, 768]], "mt5-base": [[0.2871182468954966, 0.15929822468963376, 100], [0.32082271717807775, 0.21422313389588368, 150], [0.5586124305096857, 0.30987712296719816, 200], [0.6145608516955648, 0.348120342213336, 250], [0.7579784790595759, 0.31769519291720516, 300], [0.7557669140797764, 0.34737308009865986, 350], [0.8145675760880658, 0.36766295617630995, 400], [0.7919434054667878, 0.3617865176529894, 450], [0.7951557545511556, 0.37404661971539865, 500], [0.8231230762726867, 0.4046153909792982, 550], [0.8445416825657782, 0.42686342822311585, 600], [0.8606481902346051, 0.3816467820647676, 650], [0.8229569170581638, 0.41509321753786016, 700], [0.8536018072329054, 0.4098107890442135, 750], [0.8645600871228049, 0.4204570858035099, 768]], "xlm-roberta-base": [[0.17740248613248868, 0.02911897664412612, 100], [0.2649867357940436, 0.04014071042454785, 150], [0.11425848090493583, 0.05380672536128871, 200], [0.20221519756620338, 0.07481454680386204, 250], [0.3075041056901188, 0.05997334470552392, 300], [0.4288479098876548, 0.061946454159068146, 350], [0.32107008918225977, 0.062396061535196994, 400], [0.5398379057920932, 0.062048631914729216, 450], [0.5192977477942282, 0.07452584083597312, 500], [0.46010695241337274, 0.06838105063878996, 550], [0.4025412713548165, 0.06519163793668822, 600], [0.4152891011370103, 0.06347922004195648, 650], [0.5757508351786026, 0.06272702264738841, 700], [0.3756490523750147, 0.06719573419860654, 750], [0.36112221258589045, 0.06936515438709555, 768]], "ernie-m-base_pytorch": [[0.6668662570574256, 0.31776935734350764, 100], [0.7952895486372853, 0.3222601970237619, 150], [0.836159365439625, 0.3834343116761654, 200], [0.89867373067105, 0.4695863420071412, 250], [0.8818236427037138, 0.3817972660937824, 300], [0.8840199042067246, 0.4691582325171408, 350], [0.9003022899324002, 0.5189374817705278, 400], [0.9142456574425909, 0.5684318024663989, 450], [0.9081433704130927, 0.5845895818729608, 500], [0.8957838915960373, 0.525132895419241, 550], [0.8375443888981734, 0.5242495181979326, 600], [0.8573188563368379, 0.5518724860737796, 650], [0.8840016869704528, 0.5665185818454533, 700], [0.8955059810759038, 0.533109961286349, 750], [0.9022908652558113, 0.5400893534635738, 768]]}}