{"fr-en": {"bert-base-multilingual-uncased": [[0.526373786148939, 0.10394003309990078, 100], [0.5700675130645113, 0.16592316510685895, 150], [0.8307657425741981, 0.18603320826967332, 200], [0.8460524874786098, 0.18416636741657108, 250], [0.8180058426002725, 0.1945140494184431, 300], [0.762775920141523, 0.20765987956065296, 350], [0.8685484082288077, 0.22729577607597226, 400], [0.9162491135078559, 0.22713234846335198, 450], [0.9257666634517758, 0.24946912269743374, 500], [0.9452482625162849, 0.2661179885446296, 550], [0.9501807498031405, 0.2794919399616673, 600], [0.9527900641814327, 0.28085045667802444, 650], [0.9516930530227333, 0.2781427256799636, 700], [0.9520851348495014, 0.28111927502263034, 750], [0.951209869722999, 0.28472424560756604, 768]], "mt5-base": [[0.29367407154137287, 0.17698150603826054, 100], [0.39666338950873453, 0.22653689165644242, 150], [0.661268418181775, 0.32510582722490455, 200], [0.7068533711846893, 0.3680596530675111, 250], [0.7757969453317215, 0.3350318463054247, 300], [0.8208919874648187, 0.36796446189216797, 350], [0.8585100495753122, 0.38715619665735274, 400], [0.8509982873966544, 0.3831608512649527, 450], [0.8316855395083644, 0.393565918474034, 500], [0.8610881146993619, 0.4231830477970174, 550], [0.8889927741126059, 0.44707739136323543, 600], [0.8967255819841851, 0.40145587565387725, 650], [0.8858790933952693, 0.43460717593036935, 700], [0.908804690277998, 0.4283578207497073, 750], [0.9018254950502181, 0.4389008020970648, 768]], "xlm-roberta-base": [[0.19328412356152738, 0.032422657401253614, 100], [0.2921502170651937, 0.04179850930151248, 150], [0.15667557586629663, 0.05749041208391093, 200], [0.30858626779685827, 0.07877050095112714, 250], [0.3880284319344181, 0.0637859278052417, 300], [0.43781573134944346, 0.065122938324329, 350], [0.4560035126883676, 0.06535521011816418, 400], [0.4439870258881928, 0.06460091162222474, 450], [0.521888478206144, 0.07741413407364671, 500], [0.5433337961832349, 0.07219115376964298, 550], [0.5447235932146589, 0.06817732433530503, 600], [0.4355992192965553, 0.06687956356000664, 650], [0.4871787126720176, 0.0659945581249733, 700], [0.32144524828490156, 0.0725640111035015, 750], [0.2949966522443993, 0.07486282764602581, 768]], "ernie-m-base_pytorch": [[0.7277720971823598, 0.33045664888777915, 100], [0.7831521941246496, 0.3324737722139087, 150], [0.8490148024608094, 0.39536893997588174, 200], [0.9157950734134278, 0.47823183221208154, 250], [0.9133680904115501, 0.3988666184283375, 300], [0.9179651243098395, 0.4865018596551705, 350], [0.8972492262826997, 0.5347864858079544, 400], [0.9375586370371349, 0.5807550105476723, 450], [0.9129382965773699, 0.5968862210532633, 500], [0.9113747724277106, 0.5396140249778482, 550], [0.921069977017484, 0.5376178371087739, 600], [0.9201257273925632, 0.5674240360438066, 650], [0.9177287921502945, 0.580344757567075, 700], [0.9342668669587029, 0.5503777184966088, 750], [0.9219768690814398, 0.5558372836270881, 768]]}}