{"fr-de": {"bert-base-multilingual-uncased": [[0.9235473871231079, 0.03686142712831497, 100], [0.9480122327804565, 0.09498318284749985, 150], [0.9620794653892517, 0.10400734841823578, 200], [0.974311888217926, 0.12679718434810638, 250], [0.9761467576026917, 0.1367390751838684, 300], [0.9804280996322632, 0.12465586513280869, 350], [0.9804280996322632, 0.15386968851089478, 400], [0.9828745722770691, 0.1625879555940628, 450], [0.9804280996322632, 0.17451821267604828, 500], [0.9840978384017944, 0.1835423707962036, 550], [0.9822629690170288, 0.18491894006729126, 600], [0.9816513657569885, 0.1933313012123108, 650], [0.9853211045265198, 0.18369533121585846, 700], [0.9871559143066406, 0.18706026673316956, 750], [0.9847094416618347, 0.1881309300661087, 768]], "mt5-base": [[0.8293578028678894, 0.08917100727558136, 100], [0.8782874345779419, 0.1431630551815033, 150], [0.8996941447257996, 0.17956562340259552, 200], [0.918042778968811, 0.22453351318836212, 250], [0.9143730401992798, 0.22453351318836212, 300], [0.9223241209983826, 0.261089026927948, 350], [0.9259938597679138, 0.31079843640327454, 400], [0.9259938597679138, 0.2835729718208313, 450], [0.9253822565078735, 0.31599879264831543, 500], [0.9259938597679138, 0.3300703763961792, 550], [0.9266054630279541, 0.35087183117866516, 600], [0.9296635985374451, 0.3631080090999603, 650], [0.9278287291526794, 0.39828696846961975, 700], [0.932110071182251, 0.41557052731513977, 750], [0.9339449405670166, 0.4169470965862274, 768]], "xlm-roberta-base": [[0.8220183253288269, 0.0038237995468080044, 100], [0.8948011994361877, 0.006423983257263899, 150], [0.8978593349456787, 0.013000918552279472, 200], [0.9204892516136169, 0.015601102262735367, 250], [0.9302752017974854, 0.010094830766320229, 300], [0.932110071182251, 0.0065769352950155735, 350], [0.9412843585014343, 0.005965127144008875, 400], [0.9486238360404968, 0.0061180791817605495, 450], [0.9467889666557312, 0.009635974653065205, 500], [0.9504587054252625, 0.0073416950181126595, 550], [0.9376146793365479, 0.0073416950181126595, 600], [0.9412843585014343, 0.0065769352950155735, 650], [0.9461773633956909, 0.0061180791817605495, 700], [0.9302752017974854, 0.005047415383160114, 750], [0.9296635985374451, 0.005200367420911789, 768]], "ernie-m-base_pytorch": [[0.9229357838630676, 0.2783726155757904, 100], [0.9412843585014343, 0.11899664252996445, 150], [0.9498470425605774, 0.11379627138376236, 200], [0.9602445960044861, 0.1647292822599411, 250], [0.9645259976387024, 0.17268279194831848, 300], [0.9620794653892517, 0.2376873791217804, 350], [0.9645259976387024, 0.28525543212890625, 400], [0.9694189429283142, 0.33511778712272644, 450], [0.9712538123130798, 0.39553382992744446, 500], [0.9755351543426514, 0.33205875754356384, 550], [0.9712538123130798, 0.36402571201324463, 600], [0.9706421494483948, 0.3884980380535126, 650], [0.9730886816978455, 0.40593454241752625, 700], [0.9730886816978455, 0.4178647994995117, 750], [0.9749235510826111, 0.42933622002601624, 768]]}}