{"fr-de": {"bert-base-multilingual-uncased": [[0.9375999569892883, 0.03500000014901161, 100], [0.9687999486923218, 0.09200000017881393, 150], [0.9735999703407288, 0.10740000009536743, 200], [0.974399983882904, 0.12159999459981918, 250], [0.9791999459266663, 0.13300000131130219, 300], [0.9799999594688416, 0.12139999866485596, 350], [0.9815999865531921, 0.15240000188350677, 400], [0.9799999594688416, 0.16259999573230743, 450], [0.9847999811172485, 0.17219999432563782, 500], [0.9815999865531921, 0.1817999929189682, 550], [0.9824000000953674, 0.18119999766349792, 600], [0.9839999675750732, 0.186599999666214, 650], [0.9855999946594238, 0.1770000010728836, 700], [0.9871999621391296, 0.17919999361038208, 750], [0.9871999621391296, 0.17960000038146973, 768]], "mt5-base": [[0.8551999926567078, 0.09619999676942825, 100], [0.9047999978065491, 0.147599995136261, 150], [0.9215999841690063, 0.18979999423027039, 200], [0.94159996509552, 0.2305999994277954, 250], [0.9359999895095825, 0.2305999994277954, 300], [0.9407999515533447, 0.26420000195503235, 350], [0.9440000057220459, 0.3179999887943268, 400], [0.9407999515533447, 0.28939998149871826, 450], [0.9431999921798706, 0.3247999846935272, 500], [0.9423999786376953, 0.3369999825954437, 550], [0.9407999515533447, 0.36159998178482056, 600], [0.9447999596595764, 0.37199997901916504, 650], [0.94159996509552, 0.4057999849319458, 700], [0.9399999976158142, 0.4253999888896942, 750], [0.9423999786376953, 0.42479997873306274, 768]], "xlm-roberta-base": [[0.8471999764442444, 0.007400000002235174, 100], [0.9071999788284302, 0.007799999788403511, 150], [0.9296000003814697, 0.0142000000923872, 200], [0.9447999596595764, 0.017799999564886093, 250], [0.9447999596595764, 0.010599999688565731, 300], [0.946399986743927, 0.007799999788403511, 350], [0.9551999568939209, 0.006399999838322401, 400], [0.9551999568939209, 0.006599999964237213, 450], [0.9544000029563904, 0.009800000116229057, 500], [0.9583999514579773, 0.007799999788403511, 550], [0.9519999623298645, 0.007999999448657036, 600], [0.9607999920845032, 0.007599999662488699, 650], [0.9631999731063843, 0.006799999624490738, 700], [0.9447999596595764, 0.00699999975040555, 750], [0.9447999596595764, 0.007199999876320362, 768]], "ernie-m-base_pytorch": [[0.9479999542236328, 0.2879999876022339, 100], [0.9639999866485596, 0.12559999525547028, 150], [0.9711999893188477, 0.1225999966263771, 200], [0.9815999865531921, 0.1753999888896942, 250], [0.9824000000953674, 0.19020000100135803, 300], [0.9839999675750732, 0.2637999951839447, 350], [0.9863999485969543, 0.30799999833106995, 400], [0.9847999811172485, 0.35339999198913574, 450], [0.9863999485969543, 0.4163999855518341, 500], [0.9887999892234802, 0.3511999845504761, 550], [0.9879999756813049, 0.38419997692108154, 600], [0.9871999621391296, 0.41040000319480896, 650], [0.9871999621391296, 0.42659997940063477, 700], [0.9887999892234802, 0.4327999949455261, 750], [0.9887999892234802, 0.44119998812675476, 768]]}}