{"fr-de": {"bert-base-multilingual-uncased": [[0.9162079691886902, 0.03686142712831497, 100], [0.9504587054252625, 0.09498317539691925, 150], [0.9675840735435486, 0.10400734096765518, 200], [0.9730886816978455, 0.12679718434810638, 250], [0.9785932898521423, 0.13673906028270721, 300], [0.9798164963722229, 0.12465585768222809, 350], [0.9828746318817139, 0.15386968851089478, 400], [0.9847095012664795, 0.1625879406929016, 450], [0.9834862351417542, 0.17451819777488708, 500], [0.9828746318817139, 0.1835423707962036, 550], [0.9840978384017944, 0.18491894006729126, 600], [0.9853211045265198, 0.1933313012123108, 650], [0.9847095012664795, 0.18369531631469727, 700], [0.9834862351417542, 0.18706026673316956, 750], [0.9834862351417542, 0.1881309300661087, 768]], "mt5-base": [[0.7651376128196716, 0.08917099982500076, 100], [0.8379204869270325, 0.1431630402803421, 150], [0.8697247505187988, 0.17956562340259552, 200], [0.8905198574066162, 0.22453349828720093, 250], [0.884403645992279, 0.22453349828720093, 300], [0.898470938205719, 0.261089026927948, 350], [0.9003058075904846, 0.31079840660095215, 400], [0.8996942043304443, 0.28341999650001526, 450], [0.8960244655609131, 0.31599876284599304, 500], [0.9033639430999756, 0.33022332191467285, 550], [0.9027522802352905, 0.35087183117866516, 600], [0.909480094909668, 0.3632609248161316, 650], [0.9137614965438843, 0.39828693866729736, 700], [0.9143730998039246, 0.4155704975128174, 750], [0.9149847030639648, 0.41694706678390503, 768]], "xlm-roberta-base": [[0.8097859621047974, 0.0038237993139773607, 100], [0.8507645130157471, 0.0064239827916026115, 150], [0.8911315202713013, 0.013000917620956898, 200], [0.9174311757087708, 0.015601101331412792, 250], [0.9204893112182617, 0.010094829834997654, 300], [0.9382262825965881, 0.006576934829354286, 350], [0.9461773633956909, 0.005965127144008875, 400], [0.9516819715499878, 0.006118078716099262, 450], [0.9443424940109253, 0.009635974653065205, 500], [0.9467889666557312, 0.007341694552451372, 550], [0.9455657601356506, 0.007341694552451372, 600], [0.9504587054252625, 0.006576934829354286, 650], [0.9541284441947937, 0.006118078716099262, 700], [0.954740047454834, 0.005047414917498827, 750], [0.955351710319519, 0.005200366955250502, 768]], "ernie-m-base_pytorch": [[0.9119266271591187, 0.278372585773468, 100], [0.9351682066917419, 0.11899663507938385, 150], [0.9351682066917419, 0.11379627138376236, 200], [0.9492354989051819, 0.1647292822599411, 250], [0.957798182964325, 0.1726827770471573, 300], [0.9626911282539368, 0.2376873642206192, 350], [0.9657492637634277, 0.28525543212890625, 400], [0.9675840735435486, 0.3352707326412201, 450], [0.9688073396682739, 0.39553380012512207, 500], [0.9681957364082336, 0.33205872774124146, 550], [0.9688073396682739, 0.3638727366924286, 600], [0.9712538123130798, 0.3884980082511902, 650], [0.9730886816978455, 0.40593454241752625, 700], [0.9737002849578857, 0.4178647994995117, 750], [0.9730886816978455, 0.42933619022369385, 768]]}}