{"fr-de": {"bert-base-multilingual-uncased": [[0.91839998960495, 0.03500000014901161, 100], [0.9575999975204468, 0.09200000017881393, 150], [0.9735999703407288, 0.10740000009536743, 200], [0.974399983882904, 0.12159999459981918, 250], [0.9783999919891357, 0.13300000131130219, 300], [0.9824000000953674, 0.12139999866485596, 350], [0.983199954032898, 0.15240000188350677, 400], [0.9847999811172485, 0.16259999573230743, 450], [0.9847999811172485, 0.17219999432563782, 500], [0.9855999946594238, 0.1817999929189682, 550], [0.9855999946594238, 0.18119999766349792, 600], [0.9863999485969543, 0.186599999666214, 650], [0.9871999621391296, 0.1770000010728836, 700], [0.9871999621391296, 0.17919999361038208, 750], [0.9879999756813049, 0.17960000038146973, 768]], "mt5-base": [[0.8104000091552734, 0.09619999676942825, 100], [0.8759999871253967, 0.147599995136261, 150], [0.8999999761581421, 0.18979999423027039, 200], [0.9088000059127808, 0.2305999994277954, 250], [0.9071999788284302, 0.2305999994277954, 300], [0.9223999977111816, 0.26420000195503235, 350], [0.9215999841690063, 0.3179999887943268, 400], [0.9231999516487122, 0.28939998149871826, 450], [0.920799970626831, 0.3247999846935272, 500], [0.91839998960495, 0.3369999825954437, 550], [0.920799970626831, 0.36159998178482056, 600], [0.91839998960495, 0.37199997901916504, 650], [0.9247999787330627, 0.4057999849319458, 700], [0.9311999678611755, 0.4253999888896942, 750], [0.9335999488830566, 0.42479997873306274, 768]], "xlm-roberta-base": [[0.8215999603271484, 0.007400000002235174, 100], [0.8727999925613403, 0.007799999788403511, 150], [0.9039999842643738, 0.0142000000923872, 200], [0.9303999543190002, 0.017799999564886093, 250], [0.9327999949455261, 0.010599999688565731, 300], [0.9503999948501587, 0.007799999788403511, 350], [0.9567999839782715, 0.006399999838322401, 400], [0.9599999785423279, 0.006599999964237213, 450], [0.9559999704360962, 0.009800000116229057, 500], [0.9599999785423279, 0.007799999788403511, 550], [0.9615999460220337, 0.007999999448657036, 600], [0.9639999866485596, 0.007599999662488699, 650], [0.9679999947547913, 0.006799999624490738, 700], [0.9639999866485596, 0.00699999975040555, 750], [0.9679999947547913, 0.007199999876320362, 768]], "ernie-m-base_pytorch": [[0.9375999569892883, 0.2879999876022339, 100], [0.9599999785423279, 0.12559999525547028, 150], [0.9648000001907349, 0.1225999966263771, 200], [0.9767999649047852, 0.1753999888896942, 250], [0.9783999919891357, 0.19020000100135803, 300], [0.9815999865531921, 0.2637999951839447, 350], [0.9815999865531921, 0.30799999833106995, 400], [0.9815999865531921, 0.35339999198913574, 450], [0.9824000000953674, 0.4163999855518341, 500], [0.9839999675750732, 0.3511999845504761, 550], [0.9824000000953674, 0.38419997692108154, 600], [0.9824000000953674, 0.41040000319480896, 650], [0.9839999675750732, 0.42659997940063477, 700], [0.9847999811172485, 0.4327999949455261, 750], [0.9847999811172485, 0.44119998812675476, 768]]}}