{"fr-de": {"bert-base-multilingual-uncased": [[0.36079999804496765, 0.03500000014901161, 100], [0.31360000371932983, 0.09200000017881393, 150], [0.6543999910354614, 0.10740000009536743, 200], [0.6735999584197998, 0.12159999459981918, 250], [0.8631999492645264, 0.13300000131130219, 300], [0.8679999709129333, 0.12139999866485596, 350], [0.8335999846458435, 0.15240000188350677, 400], [0.8799999952316284, 0.16259999573230743, 450], [0.8903999924659729, 0.17219999432563782, 500], [0.9055999517440796, 0.1817999929189682, 550], [0.9223999977111816, 0.18119999766349792, 600], [0.9047999978065491, 0.186599999666214, 650], [0.9063999652862549, 0.1770000010728836, 700], [0.9192000031471252, 0.17919999361038208, 750], [0.9279999732971191, 0.17960000038146973, 768]], "mt5-base": [[0.23839999735355377, 0.09619999676942825, 100], [0.37119999527931213, 0.147599995136261, 150], [0.5655999779701233, 0.18979999423027039, 200], [0.5600000023841858, 0.2305999994277954, 250], [0.5407999753952026, 0.2305999994277954, 300], [0.6471999883651733, 0.26420000195503235, 350], [0.7343999743461609, 0.3179999887943268, 400], [0.7999999523162842, 0.28939998149871826, 450], [0.818399965763092, 0.3247999846935272, 500], [0.7999999523162842, 0.3369999825954437, 550], [0.8279999494552612, 0.36159998178482056, 600], [0.8519999980926514, 0.37199997901916504, 650], [0.8175999522209167, 0.4057999849319458, 700], [0.8319999575614929, 0.4253999888896942, 750], [0.8447999954223633, 0.42479997873306274, 768]], "xlm-roberta-base": [[0.09279999881982803, 0.007400000002235174, 100], [0.18559999763965607, 0.007799999788403511, 150], [0.14159999787807465, 0.0142000000923872, 200], [0.12159999459981918, 0.017799999564886093, 250], [0.23759999871253967, 0.010599999688565731, 300], [0.1607999950647354, 0.007799999788403511, 350], [0.2303999960422516, 0.006399999838322401, 400], [0.5103999972343445, 0.006599999964237213, 450], [0.4991999864578247, 0.009800000116229057, 500], [0.4575999975204468, 0.007799999788403511, 550], [0.2768000066280365, 0.007999999448657036, 600], [0.41839998960494995, 0.007599999662488699, 650], [0.42479997873306274, 0.006799999624490738, 700], [0.4535999894142151, 0.00699999975040555, 750], [0.46239998936653137, 0.007199999876320362, 768]], "ernie-m-base_pytorch": [[0.5831999778747559, 0.2879999876022339, 100], [0.5735999941825867, 0.12559999525547028, 150], [0.3911999762058258, 0.1225999966263771, 200], [0.5223999619483948, 0.1753999888896942, 250], [0.6304000020027161, 0.19020000100135803, 300], [0.5496000051498413, 0.2637999951839447, 350], [0.6703999638557434, 0.30799999833106995, 400], [0.7712000012397766, 0.35339999198913574, 450], [0.7943999767303467, 0.4163999855518341, 500], [0.7271999716758728, 0.3511999845504761, 550], [0.7287999987602234, 0.38419997692108154, 600], [0.8143999576568604, 0.41040000319480896, 650], [0.8367999792098999, 0.42659997940063477, 700], [0.8271999955177307, 0.4327999949455261, 750], [0.864799976348877, 0.44119998812675476, 768]]}}