{"fr-de": {"bert-base-multilingual-uncased": [[0.3131498396396637, 0.03686142712831497, 100], [0.4128440320491791, 0.09498317539691925, 150], [0.5877676010131836, 0.10400734096765518, 200], [0.5987767577171326, 0.12679718434810638, 250], [0.822629988193512, 0.13673906028270721, 300], [0.7363914251327515, 0.12465585768222809, 350], [0.8281345367431641, 0.15386968851089478, 400], [0.8379204869270325, 0.1625879406929016, 450], [0.8868501782417297, 0.17451819777488708, 500], [0.8733944892883301, 0.1835423707962036, 550], [0.8886849880218506, 0.18491894006729126, 600], [0.8905198574066162, 0.1933313012123108, 650], [0.9162079691886902, 0.18369531631469727, 700], [0.9027522802352905, 0.18706026673316956, 750], [0.9070336222648621, 0.1881309300661087, 768]], "mt5-base": [[0.18165136873722076, 0.08917099982500076, 100], [0.3021406829357147, 0.1431630402803421, 150], [0.5541284680366516, 0.17956562340259552, 200], [0.5168195962905884, 0.22453349828720093, 250], [0.5504587292671204, 0.22453349828720093, 300], [0.5590214133262634, 0.261089026927948, 350], [0.6103975772857666, 0.31079840660095215, 400], [0.7669724822044373, 0.28341999650001526, 450], [0.7541284561157227, 0.31599876284599304, 500], [0.777370035648346, 0.33022332191467285, 550], [0.8091742992401123, 0.35087183117866516, 600], [0.822629988193512, 0.3632609248161316, 650], [0.8140673041343689, 0.39828693866729736, 700], [0.8385320901870728, 0.4155704975128174, 750], [0.8324158787727356, 0.41694706678390503, 768]], "xlm-roberta-base": [[0.05871559679508209, 0.0038237993139773607, 100], [0.1345565766096115, 0.0064239827916026115, 150], [0.0966360867023468, 0.013000917620956898, 200], [0.12905198335647583, 0.015601101331412792, 250], [0.12293577939271927, 0.010094829834997654, 300], [0.1828746199607849, 0.006576934829354286, 350], [0.2825688123703003, 0.005965127144008875, 400], [0.3284403681755066, 0.006118078716099262, 450], [0.24464832246303558, 0.009635974653065205, 500], [0.23241589963436127, 0.007341694552451372, 550], [0.25565749406814575, 0.007341694552451372, 600], [0.29602447152137756, 0.006576934829354286, 650], [0.4807339310646057, 0.006118078716099262, 700], [0.34740060567855835, 0.005047414917498827, 750], [0.3431192636489868, 0.005200366955250502, 768]], "ernie-m-base_pytorch": [[0.5009174346923828, 0.278372585773468, 100], [0.5755351781845093, 0.11899663507938385, 150], [0.349235475063324, 0.11379627138376236, 200], [0.4752293527126312, 0.1647292822599411, 250], [0.5015290379524231, 0.1726827770471573, 300], [0.5516819357872009, 0.2376873642206192, 350], [0.6697247624397278, 0.28525543212890625, 400], [0.7480122447013855, 0.3352707326412201, 450], [0.7492354512214661, 0.39553380012512207, 500], [0.7351682186126709, 0.33205872774124146, 550], [0.698470950126648, 0.3638727366924286, 600], [0.7400611639022827, 0.3884980082511902, 650], [0.8067278265953064, 0.40593454241752625, 700], [0.8177369832992554, 0.4178647994995117, 750], [0.8091742992401123, 0.42933619022369385, 768]]}}