{"en-de": {"bert-base-multilingual-uncased": [[0.8709480166435242, 0.06255736202001572, 100], [0.9223241209983826, 0.10339553654193878, 150], [0.9412843585014343, 0.12450291216373444, 200], [0.9510703086853027, 0.17773020267486572, 250], [0.9510703086853027, 0.17130622267723083, 300], [0.9614678621292114, 0.21107372641563416, 350], [0.9645259976387024, 0.23631080985069275, 400], [0.965749204158783, 0.22805139422416687, 450], [0.9663608074188232, 0.211226686835289, 500], [0.9675840735435486, 0.23906394839286804, 550], [0.9700305461883545, 0.2519119083881378, 600], [0.9749235510826111, 0.22529827058315277, 650], [0.9730886816978455, 0.2188742756843567, 700], [0.9749235510826111, 0.2500764727592468, 750], [0.9737002849578857, 0.25512391328811646, 768]], "mt5-base": [[0.8525993824005127, 0.11869073659181595, 100], [0.8972476720809937, 0.16610585153102875, 150], [0.9186544418334961, 0.21260325610637665, 200], [0.9339449405670166, 0.28494954109191895, 250], [0.9241589903831482, 0.2739369869232178, 300], [0.9314984679222107, 0.3036096692085266, 350], [0.9296635985374451, 0.3562251627445221, 400], [0.9345565438270569, 0.3260936141014099, 450], [0.9370030164718628, 0.3534720242023468, 500], [0.9363914132118225, 0.3881921172142029, 550], [0.9339449405670166, 0.422453373670578, 600], [0.9314984679222107, 0.4372897148132324, 650], [0.9345565438270569, 0.46604469418525696, 700], [0.9382262825965881, 0.4941878318786621, 750], [0.9370030164718628, 0.4781278967857361, 768]], "xlm-roberta-base": [[0.8440366983413696, 0.01927194930613041, 100], [0.8996941447257996, 0.00917711853981018, 150], [0.9045871496200562, 0.012389110401272774, 200], [0.9266054630279541, 0.0237075574696064, 250], [0.9333333373069763, 0.04282655566930771, 300], [0.9418960213661194, 0.0461914986371994, 350], [0.9522935748100281, 0.05062710493803024, 400], [0.9565749168395996, 0.06133374199271202, 450], [0.954740047454834, 0.12756195664405823, 500], [0.9553516507148743, 0.13933925330638885, 550], [0.9535167813301086, 0.1370449662208557, 600], [0.9577981233596802, 0.160140722990036, 650], [0.9608562588691711, 0.15448150038719177, 700], [0.943730890750885, 0.03303762897849083, 750], [0.9449540972709656, 0.03242582082748413, 768]], "ernie-m-base_pytorch": [[0.9327216744422913, 0.2568063735961914, 100], [0.9461773633956909, 0.20526155829429626, 150], [0.9510703086853027, 0.2930559813976288, 200], [0.9590213894844055, 0.36219027638435364, 250], [0.9614678621292114, 0.44692566990852356, 300], [0.9681956768035889, 0.4847048223018646, 350], [0.9663608074188232, 0.5151422619819641, 400], [0.9737002849578857, 0.5529214143753052, 450], [0.9749235510826111, 0.583817720413208, 500], [0.974311888217926, 0.583817720413208, 550], [0.9755351543426514, 0.5874885320663452, 600], [0.9767583608627319, 0.6085959076881409, 650], [0.977370023727417, 0.6240440607070923, 700], [0.9779816269874573, 0.5330376625061035, 750], [0.9779816269874573, 0.5399205088615417, 768]]}}