{"en-de": {"bert-base-multilingual-uncased": [[0.8587155938148499, 0.06255735456943512, 100], [0.9137614965438843, 0.10339553654193878, 150], [0.9425076246261597, 0.12450290471315384, 200], [0.9498471021652222, 0.17773018777370453, 250], [0.9584097862243652, 0.17130620777606964, 300], [0.9645259976387024, 0.21107372641563416, 350], [0.9712538123130798, 0.23631079494953156, 400], [0.9718654155731201, 0.22805139422416687, 450], [0.9743119478225708, 0.2112266719341278, 500], [0.9743119478225708, 0.23906393349170685, 550], [0.9712538123130798, 0.2519119083881378, 600], [0.9730886816978455, 0.22529825568199158, 650], [0.9730886816978455, 0.2188742756843567, 700], [0.9743119478225708, 0.24992352724075317, 750], [0.9749235510826111, 0.25512388348579407, 768]], "mt5-base": [[0.8171253800392151, 0.11869072914123535, 100], [0.8654434084892273, 0.16610583662986755, 150], [0.8948011994361877, 0.21260324120521545, 200], [0.909480094909668, 0.28494951128959656, 250], [0.909480094909668, 0.2739369869232178, 300], [0.9107033610343933, 0.3036096692085266, 350], [0.9155963063240051, 0.3562251329421997, 400], [0.9174311757087708, 0.32594066858291626, 450], [0.9204893112182617, 0.3534720242023468, 500], [0.9143730998039246, 0.3881921172142029, 550], [0.9192660450935364, 0.4224533438682556, 600], [0.9204893112182617, 0.43728968501091003, 650], [0.9272171258926392, 0.4661976099014282, 700], [0.9296635985374451, 0.4941878318786621, 750], [0.9308868646621704, 0.4781278669834137, 768]], "xlm-roberta-base": [[0.8177369832992554, 0.01927194930613041, 100], [0.8599388599395752, 0.00917711853981018, 150], [0.8850153088569641, 0.012389109469950199, 200], [0.9088684916496277, 0.02370755560696125, 250], [0.9259938597679138, 0.04282655194401741, 300], [0.9418960213661194, 0.0461914949119091, 350], [0.9492354989051819, 0.05062710493803024, 400], [0.9559633135795593, 0.06133374199271202, 450], [0.9480122327804565, 0.12756194174289703, 500], [0.9498471021652222, 0.13933925330638885, 550], [0.955351710319519, 0.1370449662208557, 600], [0.9571865200996399, 0.160140722990036, 650], [0.9620795249938965, 0.15463444590568542, 700], [0.9657492637634277, 0.03288467600941658, 750], [0.9651376008987427, 0.03242581710219383, 768]], "ernie-m-base_pytorch": [[0.9180428385734558, 0.2568063735961914, 100], [0.9388379454612732, 0.20526154339313507, 150], [0.9425076246261597, 0.2930559813976288, 200], [0.9510703086853027, 0.36219027638435364, 250], [0.954740047454834, 0.44692566990852356, 300], [0.9639143943786621, 0.48470479249954224, 350], [0.966360867023468, 0.5151422619819641, 400], [0.9724770784378052, 0.5529213547706604, 450], [0.9700306057929993, 0.5838176608085632, 500], [0.9688073396682739, 0.5838176608085632, 550], [0.9718654155731201, 0.5873355865478516, 600], [0.9730886816978455, 0.6085959076881409, 650], [0.9743119478225708, 0.6241970062255859, 700], [0.9761468172073364, 0.5330376029014587, 750], [0.9761468172073364, 0.539920449256897, 768]]}}