{"en-de": {"bert-base-multilingual-uncased": [[0.2550458610057831, 0.06255735456943512, 100], [0.4581039845943451, 0.10339553654193878, 150], [0.503975510597229, 0.12450290471315384, 200], [0.4990825653076172, 0.17773018777370453, 250], [0.5058103799819946, 0.17130620777606964, 300], [0.5773700475692749, 0.21107372641563416, 350], [0.5467889904975891, 0.23631079494953156, 400], [0.6525993943214417, 0.22805139422416687, 450], [0.8012232184410095, 0.2112266719341278, 500], [0.7217125296592712, 0.23906393349170685, 550], [0.7865443229675293, 0.2519119083881378, 600], [0.8165137767791748, 0.22529825568199158, 650], [0.8048929572105408, 0.2188742756843567, 700], [0.8097859621047974, 0.24992352724075317, 750], [0.8366972208023071, 0.25512388348579407, 768]], "mt5-base": [[0.404281347990036, 0.11869072914123535, 100], [0.5302752256393433, 0.16610583662986755, 150], [0.6373088955879211, 0.21260324120521545, 200], [0.6348623633384705, 0.28494951128959656, 250], [0.5896024703979492, 0.2739369869232178, 300], [0.6813455820083618, 0.3036096692085266, 350], [0.7443425059318542, 0.3562251329421997, 400], [0.7449541091918945, 0.32594066858291626, 450], [0.8415902256965637, 0.3534720242023468, 500], [0.8391437530517578, 0.3881921172142029, 550], [0.7944954037666321, 0.4224533438682556, 600], [0.797553539276123, 0.43728968501091003, 650], [0.7914373278617859, 0.4661976099014282, 700], [0.845259964466095, 0.4941878318786621, 750], [0.8660550713539124, 0.4781278669834137, 768]], "xlm-roberta-base": [[0.12782874703407288, 0.01927194930613041, 100], [0.14373089373111725, 0.00917711853981018, 150], [0.2819571793079376, 0.012389109469950199, 200], [0.3541284501552582, 0.02370755560696125, 250], [0.5143730640411377, 0.04282655194401741, 300], [0.5504587292671204, 0.0461914949119091, 350], [0.5798165202140808, 0.05062710493803024, 400], [0.6110091805458069, 0.06133374199271202, 450], [0.518042802810669, 0.12756194174289703, 500], [0.6018348336219788, 0.13933925330638885, 550], [0.3657492399215698, 0.1370449662208557, 600], [0.4660550355911255, 0.160140722990036, 650], [0.5822629928588867, 0.15463444590568542, 700], [0.5474005937576294, 0.03288467600941658, 750], [0.50703364610672, 0.03242581710219383, 768]], "ernie-m-base_pytorch": [[0.4354740083217621, 0.2568063735961914, 100], [0.5785932540893555, 0.20526154339313507, 150], [0.27584096789360046, 0.2930559813976288, 200], [0.3535168170928955, 0.36219027638435364, 250], [0.3639143705368042, 0.44692566990852356, 300], [0.4788990914821625, 0.48470479249954224, 350], [0.6244648098945618, 0.5151422619819641, 400], [0.7125382423400879, 0.5529213547706604, 450], [0.740672767162323, 0.5838176608085632, 500], [0.8256880640983582, 0.5838176608085632, 550], [0.8330275416374207, 0.5873355865478516, 600], [0.8587155938148499, 0.6085959076881409, 650], [0.8801223039627075, 0.6241970062255859, 700], [0.8299694061279297, 0.5330376029014587, 750], [0.8721712827682495, 0.539920449256897, 768]]}}