{"en-de": {"bert-base-multilingual-uncased": [[0.2280000001192093, 0.07199999690055847, 100], [0.5655999779701233, 0.11059999465942383, 150], [0.6487999558448792, 0.1340000033378601, 200], [0.5920000076293945, 0.19179999828338623, 250], [0.5640000104904175, 0.19280000030994415, 300], [0.63919997215271, 0.22699999809265137, 350], [0.6919999718666077, 0.25099998712539673, 400], [0.7559999823570251, 0.24459999799728394, 450], [0.8055999875068665, 0.21899999678134918, 500], [0.7983999848365784, 0.2459999918937683, 550], [0.8167999982833862, 0.259799987077713, 600], [0.8431999683380127, 0.23399999737739563, 650], [0.8240000009536743, 0.2295999974012375, 700], [0.8503999710083008, 0.2611999809741974, 750], [0.8303999900817871, 0.2671999931335449, 768]], "mt5-base": [[0.3823999762535095, 0.12559999525547028, 100], [0.6007999777793884, 0.17399999499320984, 150], [0.6168000102043152, 0.22280000150203705, 200], [0.7271999716758728, 0.3003999888896942, 250], [0.7184000015258789, 0.28839999437332153, 300], [0.6543999910354614, 0.3147999942302704, 350], [0.7775999903678894, 0.37299999594688416, 400], [0.7999999523162842, 0.343999981880188, 450], [0.8416000008583069, 0.3755999803543091, 500], [0.839199960231781, 0.407399982213974, 550], [0.753600001335144, 0.43719998002052307, 600], [0.7576000094413757, 0.45559999346733093, 650], [0.8047999739646912, 0.4875999987125397, 700], [0.843999981880188, 0.5184000134468079, 750], [0.8327999711036682, 0.5031999945640564, 768]], "xlm-roberta-base": [[0.13840000331401825, 0.021800000220537186, 100], [0.15519998967647552, 0.009999999776482582, 150], [0.2735999822616577, 0.0142000000923872, 200], [0.30799999833106995, 0.026599999517202377, 250], [0.4975999891757965, 0.04820000007748604, 300], [0.5191999673843384, 0.054999999701976776, 350], [0.5672000050544739, 0.061400000005960464, 400], [0.548799991607666, 0.06859999895095825, 450], [0.6128000020980835, 0.14079999923706055, 500], [0.6047999858856201, 0.15139999985694885, 550], [0.6031999588012695, 0.1469999998807907, 600], [0.6863999962806702, 0.17139999568462372, 650], [0.6552000045776367, 0.16859999299049377, 700], [0.46559998393058777, 0.03739999979734421, 750], [0.5424000024795532, 0.035999998450279236, 768]], "ernie-m-base_pytorch": [[0.43359997868537903, 0.27140000462532043, 100], [0.5615999698638916, 0.22039999067783356, 150], [0.3263999819755554, 0.30879998207092285, 200], [0.42239999771118164, 0.373199999332428, 250], [0.5311999917030334, 0.4560000002384186, 300], [0.6319999694824219, 0.4973999857902527, 350], [0.7295999526977539, 0.5271999835968018, 400], [0.8319999575614929, 0.569599986076355, 450], [0.8343999981880188, 0.5938000082969666, 500], [0.795199990272522, 0.5947999954223633, 550], [0.8711999654769897, 0.5979999899864197, 600], [0.8831999897956848, 0.6215999722480774, 650], [0.8807999491691589, 0.6353999972343445, 700], [0.8631999492645264, 0.5392000079154968, 750], [0.8823999762535095, 0.5489999651908875, 768]]}}