{"ro-nl": {"bert-base-multilingual-uncased": [[0.8214910618555927, 0.012564047283840665, 100], [0.8820211782183908, 0.027603014142865034, 150], [0.9109216750090898, 0.03087530633126691, 200], [0.9227019381486273, 0.03289796879445541, 250], [0.9262051675290389, 0.04238093364167977, 300], [0.9321086209449964, 0.05469094203844647, 350], [0.9327611175142072, 0.07504576233156454, 400], [0.9356634584655016, 0.08550009909221591, 450], [0.9386818703247592, 0.09061236125232656, 500], [0.9425871977532281, 0.11619039019580808, 550], [0.9399875798809395, 0.12773469714289953, 600], [0.9432800165687827, 0.14347399580481832, 650], [0.9392697064362665, 0.12372963172201486, 700], [0.9435941082109591, 0.11181025811796184, 750], [0.9430504162404791, 0.11009028859977633, 768]], "mt5-base": [[0.8251790414632051, 0.1449728463456561, 100], [0.8766573128142886, 0.2054803175292833, 150], [0.9000319029184629, 0.25599512715401734, 200], [0.9121898007134066, 0.26638265383247434, 250], [0.9151958987125166, 0.25047401845582856, 300], [0.9204174593977891, 0.3003410698598706, 350], [0.9211365497427948, 0.3379972546977389, 400], [0.9181388261246219, 0.34265682754981175, 450], [0.922465248563555, 0.3582265865860741, 500], [0.9258870736385643, 0.3743839389128962, 550], [0.92769420229472, 0.3391145461308882, 600], [0.9261925068454039, 0.3643541297721191, 650], [0.9272198094182966, 0.39069346301949764, 700], [0.9278528341388229, 0.3908499895845951, 750], [0.9262195863681701, 0.3989993896965309, 768]], "xlm-roberta-base": [[0.7794917103064224, 0.01689963660082314, 100], [0.8052878141847546, 0.010820183012145405, 150], [0.7879743333313828, 0.01307577253738823, 200], [0.8304895595694289, 0.012880036611798682, 250], [0.8285031032318112, 0.029189359612179545, 300], [0.8478255263675558, 0.03271756007354553, 350], [0.8695234109687416, 0.03782580967873477, 400], [0.8870188755198722, 0.04151315673876053, 450], [0.8876745187862486, 0.07775772653132978, 500], [0.8931972310045303, 0.06688302071863063, 550], [0.8756524483567419, 0.05551256798737501, 600], [0.8833433118275387, 0.05020393088995975, 650], [0.8907525178980091, 0.04930315553445347, 700], [0.8568090953664023, 0.04695993432112837, 750], [0.8579387309053732, 0.04666101466980817, 768]], "ernie-m-base_pytorch": [[0.83760636336887, 0.06787311929153224, 100], [0.8491334186339579, 0.10401459777790587, 150], [0.8290093356797092, 0.1304277703785849, 200], [0.8665389935110935, 0.1594787016376896, 250], [0.8614063500924146, 0.14647679331328556, 300], [0.8800763346154585, 0.1714974100890537, 350], [0.8942716706708435, 0.18537116186818725, 400], [0.9036432795432765, 0.20194955682900578, 450], [0.8963128778237456, 0.1125711604985401, 500], [0.8994791567405288, 0.10238834904989821, 550], [0.9012258192377822, 0.049834100005046754, 600], [0.9087969160083977, 0.052473666891956046, 650], [0.9118967045050308, 0.05423941575940781, 700], [0.9136363268128916, 0.0529330186962853, 750], [0.9130666395416238, 0.051048046028073425, 768]]}}