{"ro-nl": {"bert-base-multilingual-uncased": [[0.8549593622806669, 0.014124699600249755, 100], [0.9104004960364135, 0.029354935612082966, 150], [0.9253397597177997, 0.033242166904731696, 200], [0.935698875038355, 0.0357831189707025, 250], [0.9421544293883897, 0.045519517598104485, 300], [0.9453101328932909, 0.0669308368644486, 350], [0.9472575090552066, 0.09424795290356083, 400], [0.9480234763988415, 0.1031916633660472, 450], [0.9498915110653392, 0.11445604122902989, 500], [0.9522567098021322, 0.1352800410568694, 550], [0.9520864913160766, 0.14819631480356082, 600], [0.9496966967707285, 0.15972759531106753, 650], [0.9502102498230901, 0.13436976094894532, 700], [0.9488813411400028, 0.1169352719207799, 750], [0.9504118545154264, 0.112968349985665, 768]], "mt5-base": [[0.8557837341736036, 0.1600876371168092, 100], [0.9050477980623755, 0.2303819171375298, 150], [0.9250716172258008, 0.2742589885062767, 200], [0.9345640829929492, 0.28395275822614024, 250], [0.9349690378815078, 0.2632700704177428, 300], [0.9360383930786705, 0.31547568122843866, 350], [0.9387235038824089, 0.354269002327462, 400], [0.9350002977502628, 0.360273008026295, 450], [0.9384260751045702, 0.37407339276671264, 500], [0.9403433546901749, 0.39069220560718465, 550], [0.943338211218927, 0.35305791697932454, 600], [0.9420999671196434, 0.379298942483452, 650], [0.9428719022805835, 0.407968187531083, 700], [0.9439141438172103, 0.40818706128703464, 750], [0.9418828662752389, 0.4167487535856072, 768]], "xlm-roberta-base": [[0.7873677313535868, 0.01994820359064486, 100], [0.8272279675912708, 0.014743274252823688, 150], [0.8047735590612383, 0.015740992350754813, 200], [0.851789515923806, 0.015791950947391862, 250], [0.8509906276614598, 0.034845622125471175, 300], [0.8753399769576609, 0.039482851273692866, 350], [0.8930928312913554, 0.04486238319058518, 400], [0.9063686364469317, 0.047993829497173374, 450], [0.9098513169477085, 0.08849068309944695, 500], [0.9101964980470036, 0.0757517779559075, 550], [0.904002663420064, 0.06289911023690138, 600], [0.9105423601891812, 0.05890741273680602, 650], [0.9184606677548076, 0.05675037614344243, 700], [0.8925138168527674, 0.055853775580329126, 750], [0.8889011847824995, 0.054998825698346784, 768]], "ernie-m-base_pytorch": [[0.871988045648391, 0.0701840837760427, 100], [0.873423005101347, 0.10914639158582144, 150], [0.8556266643354936, 0.13914423674426754, 200], [0.8946613591649709, 0.17651926654403075, 250], [0.8912765900308434, 0.16029732248284054, 300], [0.909725822583259, 0.1870292964471342, 350], [0.9187978229060897, 0.20099301822918728, 400], [0.9259142892664706, 0.21730842659557015, 450], [0.9254069995513006, 0.12703916349188862, 500], [0.9247298538065137, 0.11448429265702537, 550], [0.9251358054007307, 0.054420815135217855, 600], [0.9278980177448509, 0.056423768622306435, 650], [0.9324362151909087, 0.057724780659996006, 700], [0.9325423256360931, 0.05638645586877607, 750], [0.9343359266911079, 0.05442898746672167, 768]]}}