{"ro-nl": {"bert-base-multilingual-uncased": [[0.827493826837497, 0.014124699600249755, 100], [0.8925022741578341, 0.029354935612082966, 150], [0.9124922785638635, 0.033242166904731696, 200], [0.9271755688118312, 0.0357831189707025, 250], [0.9342678497571322, 0.045519517598104485, 300], [0.9378477137985525, 0.0669308368644486, 350], [0.9436111562022507, 0.09424795290356083, 400], [0.9398423610690235, 0.1031916633660472, 450], [0.9434721866478365, 0.11445604122902989, 500], [0.9474854867674818, 0.1352800410568694, 550], [0.9496617249751887, 0.14819631480356082, 600], [0.953423748544658, 0.15972759531106753, 650], [0.9551548366482115, 0.13436976094894532, 700], [0.9560141845254493, 0.1169352719207799, 750], [0.95828127498837, 0.112968349985665, 768]], "mt5-base": [[0.7844308874331382, 0.1600876371168092, 100], [0.843886058307348, 0.2303819171375298, 150], [0.887176532785523, 0.2742589885062767, 200], [0.9084095854625172, 0.28395275822614024, 250], [0.90436576435838, 0.2632700704177428, 300], [0.9097130521039207, 0.31547568122843866, 350], [0.910347567303271, 0.354269002327462, 400], [0.8920279651132667, 0.360273008026295, 450], [0.8989583750289969, 0.37407339276671264, 500], [0.9032849238790561, 0.39069220560718465, 550], [0.9086517027703712, 0.35305791697932454, 600], [0.9105468171872162, 0.379298942483452, 650], [0.9138873980466308, 0.407968187531083, 700], [0.9167614279817219, 0.40818706128703464, 750], [0.9179432637265809, 0.4167487535856072, 768]], "xlm-roberta-base": [[0.7449137243691276, 0.01994820359064486, 100], [0.7453657176181621, 0.014743274252823688, 150], [0.7860030061020438, 0.015740992350754813, 200], [0.8366795279504313, 0.015791950947391862, 250], [0.8498035332499502, 0.034845622125471175, 300], [0.8760710650233142, 0.039482851273692866, 350], [0.8900694075653346, 0.04486238319058518, 400], [0.9027951039573469, 0.047993829497173374, 450], [0.900996224146076, 0.08849068309944695, 500], [0.9045611628853396, 0.0757517779559075, 550], [0.9138616687787484, 0.06289911023690138, 600], [0.9185294028949192, 0.05890741273680602, 650], [0.9209615370175119, 0.05675037614344243, 700], [0.9189556843296323, 0.055853775580329126, 750], [0.9216229623739446, 0.054998825698346784, 768]], "ernie-m-base_pytorch": [[0.838638714562177, 0.0701840837760427, 100], [0.8695399446083842, 0.10914639158582144, 150], [0.8722925530665616, 0.13914423674426754, 200], [0.9007121703902705, 0.17651926654403075, 250], [0.9115908897398903, 0.16029732248284054, 300], [0.9153290387424661, 0.1870292964471342, 350], [0.9260292702446122, 0.20099301822918728, 400], [0.9307530665682389, 0.21730842659557015, 450], [0.9274076528562789, 0.12703916349188862, 500], [0.930691420394909, 0.11448429265702537, 550], [0.9297214690956372, 0.054420815135217855, 600], [0.9362936588799841, 0.056423768622306435, 650], [0.9410381473097279, 0.057724780659996006, 700], [0.942380501573428, 0.05638645586877607, 750], [0.9435338368090592, 0.05442898746672167, 768]]}}