{"ro-nl": {"bert-base-multilingual-uncased": [[0.7877608566558003, 0.012563945904846212, 100], [0.8608230932212546, 0.027603023236197056, 150], [0.8935290632664964, 0.030875339921042747, 200], [0.9107041272840529, 0.032897971228063934, 250], [0.9220280822471458, 0.04238094516363796, 300], [0.9272301326750463, 0.0546922461459156, 350], [0.9339711000830572, 0.07504357630800483, 400], [0.937330471486039, 0.08550007828302553, 450], [0.9337150061628473, 0.09062566269589163, 500], [0.9350895072422281, 0.11619051211958353, 550], [0.9369478928960449, 0.12773480059593031, 600], [0.9389926726946313, 0.14347410248330678, 650], [0.9414880253692245, 0.12373476561010884, 700], [0.9434721136677982, 0.11181069556562084, 750], [0.9435424533289276, 0.1100917553191201, 768]], "mt5-base": [[0.7752269845671343, 0.14497289447446496, 100], [0.8265636084972863, 0.20547950564693349, 150], [0.8608450323267366, 0.2559949740346546, 200], [0.8744778799557421, 0.2663818568003971, 250], [0.8741851322778543, 0.25047442891063776, 300], [0.8865343976911582, 0.30034006732043655, 350], [0.8858243556230052, 0.3380742610488019, 400], [0.8830735416014472, 0.3426442040408479, 450], [0.8850404477722239, 0.35820118911837695, 500], [0.8893843882342379, 0.3743787212416312, 550], [0.8933088032217292, 0.3391144162747754, 600], [0.8960860597898522, 0.36436648279089634, 650], [0.8996255568386528, 0.39069130999124546, 700], [0.9042399949082863, 0.3908611338784181, 750], [0.9043873031197731, 0.39898116423018515, 768]], "xlm-roberta-base": [[0.7311729965285139, 0.01689964119270833, 100], [0.7354072030530708, 0.01082018295209681, 150], [0.7699453819541688, 0.013075758696248127, 200], [0.8219857524900951, 0.012880427598996533, 250], [0.8388814050493044, 0.029189622041633476, 300], [0.8576687377000086, 0.03271688222978084, 350], [0.877907247081614, 0.037828452655135215, 400], [0.8926681432959841, 0.04151321246505263, 450], [0.8894819500458842, 0.07775771750780608, 500], [0.8953710724588124, 0.06688249667079263, 550], [0.9014762067808234, 0.05551352752030519, 600], [0.9051883262165383, 0.05020367856468215, 650], [0.909679655377137, 0.049280624629058814, 700], [0.9112573654703289, 0.04693370296014557, 750], [0.9120828101713495, 0.046648085083296376, 768]], "ernie-m-base_pytorch": [[0.8076793294228427, 0.06787311126342045, 100], [0.8401291119870326, 0.10401629551811638, 150], [0.8443888516355345, 0.13042783386340667, 200], [0.8738999789173539, 0.15947870323453503, 250], [0.8899744256482339, 0.14645135871878318, 300], [0.9046546250088612, 0.17150200017130363, 350], [0.9151561137771427, 0.185368115522172, 400], [0.9187651716997349, 0.20194956290841037, 450], [0.9180863197355719, 0.11257115865494448, 500], [0.9198410136031723, 0.1023883781575326, 550], [0.9165899847225978, 0.04983381833047881, 600], [0.9229448070845476, 0.05247337908234585, 650], [0.9259520420045261, 0.05423879372675197, 700], [0.9270613465629217, 0.05291328474964796, 750], [0.9287985964597929, 0.0510481859268049, 768]]}}