{"ro-nl": {"bert-base-multilingual-uncased": [[0.14936240944877363, 0.014124699600249755, 100], [0.25392834803479314, 0.029354935612082966, 150], [0.32807717560919, 0.033242166904731696, 200], [0.3168911046972807, 0.0357831189707025, 250], [0.3834371550233187, 0.045519517598104485, 300], [0.5422747560701109, 0.0669308368644486, 350], [0.5389015202377346, 0.09424795290356083, 400], [0.4559869998584423, 0.1031916633660472, 450], [0.5693438337758585, 0.11445604122902989, 500], [0.6328962017556351, 0.1352800410568694, 550], [0.665152480902883, 0.14819631480356082, 600], [0.6738409113482587, 0.15972759531106753, 650], [0.6563794520308108, 0.13436976094894532, 700], [0.6790026668782337, 0.1169352719207799, 750], [0.6537535934349553, 0.112968349985665, 768]], "mt5-base": [[0.31131584436017745, 0.1600876371168092, 100], [0.3991684257668735, 0.2303819171375298, 150], [0.5674493771724711, 0.2742589885062767, 200], [0.633634158219324, 0.28395275822614024, 250], [0.5666003126954539, 0.2632700704177428, 300], [0.6138036539694991, 0.31547568122843866, 350], [0.5925735403405932, 0.354269002327462, 400], [0.5984539302757869, 0.360273008026295, 450], [0.6946353826256288, 0.37407339276671264, 500], [0.6916392670167623, 0.39069220560718465, 550], [0.6846169093875729, 0.35305791697932454, 600], [0.7673497341688846, 0.379298942483452, 650], [0.7452298271940063, 0.407968187531083, 700], [0.74680509741337, 0.40818706128703464, 750], [0.7946493369116644, 0.4167487535856072, 768]], "xlm-roberta-base": [[0.07198801167650419, 0.01994820359064486, 100], [0.06081450529807709, 0.014743274252823688, 150], [0.06400851705995468, 0.015740992350754813, 200], [0.0444456304704549, 0.015791950947391862, 250], [0.07215991722049367, 0.034845622125471175, 300], [0.16687660715723654, 0.039482851273692866, 350], [0.11912901136031177, 0.04486238319058518, 400], [0.15533604169888768, 0.047993829497173374, 450], [0.3541325407723743, 0.08849068309944695, 500], [0.24226613513089268, 0.0757517779559075, 550], [0.148068222125069, 0.06289911023690138, 600], [0.24477023036880127, 0.05890741273680602, 650], [0.1534557608894982, 0.05675037614344243, 700], [0.2438396484477593, 0.055853775580329126, 750], [0.15203970092406807, 0.054998825698346784, 768]], "ernie-m-base_pytorch": [[0.1396466996577866, 0.0701840837760427, 100], [0.15841766054592651, 0.10914639158582144, 150], [0.1172025193041806, 0.13914423674426754, 200], [0.2175835739397675, 0.17651926654403075, 250], [0.18982916064853733, 0.16029732248284054, 300], [0.20589066133837286, 0.1870292964471342, 350], [0.26351618482829503, 0.20099301822918728, 400], [0.33085115986703933, 0.21730842659557015, 450], [0.3994638571320644, 0.12703916349188862, 500], [0.3335481095945915, 0.11448429265702537, 550], [0.2707561128875151, 0.054420815135217855, 600], [0.26564826399375135, 0.056423768622306435, 650], [0.36101624282857636, 0.057724780659996006, 700], [0.32762871534009985, 0.05638645586877607, 750], [0.3491700299416384, 0.05442898746672167, 768]]}}