{"ro-nl": {"bert-base-multilingual-uncased": [[0.1505218038208371, 0.012563945904846212, 100], [0.26335988992670695, 0.027603023236197056, 150], [0.2990532470102363, 0.030875339921042747, 200], [0.30862496346883883, 0.032897971228063934, 250], [0.4714376003909137, 0.04238094516363796, 300], [0.5397650705167005, 0.0546922461459156, 350], [0.4058616918305659, 0.07504357630800483, 400], [0.41289568642035906, 0.08550007828302553, 450], [0.6313205309583327, 0.09062566269589163, 500], [0.5618442158515907, 0.11619051211958353, 550], [0.6378875342660241, 0.12773480059593031, 600], [0.6305242885530115, 0.14347410248330678, 650], [0.6823613956405421, 0.12373476561010884, 700], [0.6760379213879276, 0.11181069556562084, 750], [0.647291979037754, 0.1100917553191201, 768]], "mt5-base": [[0.3347347772944128, 0.14497289447446496, 100], [0.32448828846864747, 0.20547950564693349, 150], [0.6060242234010679, 0.2559949740346546, 200], [0.6044686210051698, 0.2663818568003971, 250], [0.6459129222994251, 0.25047442891063776, 300], [0.6616725842171761, 0.30034006732043655, 350], [0.598211667783357, 0.3380742610488019, 400], [0.6003838307606237, 0.3426442040408479, 450], [0.7035098291311854, 0.35820118911837695, 500], [0.6543846637515801, 0.3743787212416312, 550], [0.7038054185668199, 0.3391144162747754, 600], [0.7110528101642763, 0.36436648279089634, 650], [0.7231646820287173, 0.39069130999124546, 700], [0.7516860173366186, 0.3908611338784181, 750], [0.7685002677503838, 0.39898116423018515, 768]], "xlm-roberta-base": [[0.05877996753174744, 0.01689964119270833, 100], [0.05432112590556156, 0.01082018295209681, 150], [0.05003148645430058, 0.013075758696248127, 200], [0.03753254284278007, 0.012880427598996533, 250], [0.0627064909543904, 0.029189622041633476, 300], [0.11358953154137293, 0.03271688222978084, 350], [0.10369067718069855, 0.037828452655135215, 400], [0.13469425826618384, 0.04151321246505263, 450], [0.29524382571631125, 0.07775771750780608, 500], [0.34708131845060547, 0.06688249667079263, 550], [0.1303276773096805, 0.05551352752030519, 600], [0.05968760415466179, 0.05020367856468215, 650], [0.17616092075829112, 0.049280624629058814, 700], [0.26847168701760943, 0.04693370296014557, 750], [0.05211561287469432, 0.046648085083296376, 768]], "ernie-m-base_pytorch": [[0.14730160188714772, 0.06787311126342045, 100], [0.11386165721237665, 0.10401629551811638, 150], [0.0864331605272681, 0.13042783386340667, 200], [0.15484186303606584, 0.15947870323453503, 250], [0.1774528468878312, 0.14645135871878318, 300], [0.16511085557925742, 0.17150200017130363, 350], [0.22848929189022002, 0.185368115522172, 400], [0.27614748241461423, 0.20194956290841037, 450], [0.24878587670704566, 0.11257115865494448, 500], [0.262271103108834, 0.1023883781575326, 550], [0.2507300709963012, 0.04983381833047881, 600], [0.24760261562657127, 0.05247337908234585, 650], [0.29408828053158426, 0.05423879372675197, 700], [0.26649433576613857, 0.05291328474964796, 750], [0.31440911336550803, 0.0510481859268049, 768]]}}