{"en-fr": {"bert-base-multilingual-uncased": [[0.9423999786376953, 0.10559999942779541, 100], [0.9607999920845032, 0.1265999972820282, 150], [0.9735999703407288, 0.17679999768733978, 200], [0.974399983882904, 0.1785999983549118, 250], [0.9807999730110168, 0.17459999024868011, 300], [0.9791999459266663, 0.16859999299049377, 350], [0.9824000000953674, 0.1825999915599823, 400], [0.983199954032898, 0.18559999763965607, 450], [0.9879999756813049, 0.19339999556541443, 500], [0.9847999811172485, 0.19859999418258667, 550], [0.9839999675750732, 0.22759999334812164, 600], [0.9863999485969543, 0.19219999015331268, 650], [0.9871999621391296, 0.1955999881029129, 700], [0.9871999621391296, 0.18379999697208405, 750], [0.9847999811172485, 0.19179999828338623, 768]], "mt5-base": [[0.8495999574661255, 0.0714000016450882, 100], [0.8944000005722046, 0.1013999953866005, 150], [0.9127999544143677, 0.171999990940094, 200], [0.9287999868392944, 0.2337999939918518, 250], [0.9271999597549438, 0.22259999811649323, 300], [0.9359999895095825, 0.2587999999523163, 350], [0.9368000030517578, 0.2757999897003174, 400], [0.9399999976158142, 0.28279998898506165, 450], [0.9359999895095825, 0.3093999922275543, 500], [0.9407999515533447, 0.3473999798297882, 550], [0.94159996509552, 0.36820000410079956, 600], [0.9399999976158142, 0.34779998660087585, 650], [0.9399999976158142, 0.3527999818325043, 700], [0.9431999921798706, 0.3723999857902527, 750], [0.9431999921798706, 0.3763999938964844, 768]], "xlm-roberta-base": [[0.8944000005722046, 0.034199997782707214, 100], [0.9271999597549438, 0.07840000092983246, 150], [0.9215999841690063, 0.019999999552965164, 200], [0.9447999596595764, 0.026599999517202377, 250], [0.94159996509552, 0.031199999153614044, 300], [0.9551999568939209, 0.029999999329447746, 350], [0.9599999785423279, 0.02719999849796295, 400], [0.9631999731063843, 0.029199998825788498, 450], [0.9615999460220337, 0.0575999990105629, 500], [0.9607999920845032, 0.033799998462200165, 550], [0.9655999541282654, 0.03680000081658363, 600], [0.967199981212616, 0.03819999843835831, 650], [0.9703999757766724, 0.04439999908208847, 700], [0.9559999704360962, 0.03720000013709068, 750], [0.9567999839782715, 0.036399997770786285, 768]], "ernie-m-base_pytorch": [[0.946399986743927, 0.28939998149871826, 100], [0.9607999920845032, 0.40359997749328613, 150], [0.9648000001907349, 0.4016000032424927, 200], [0.9727999567985535, 0.5112000107765198, 250], [0.9775999784469604, 0.48559999465942383, 300], [0.9807999730110168, 0.5004000067710876, 350], [0.9807999730110168, 0.5579999685287476, 400], [0.9799999594688416, 0.5999999642372131, 450], [0.9791999459266663, 0.5604000091552734, 500], [0.9791999459266663, 0.5253999829292297, 550], [0.9824000000953674, 0.5083999633789062, 600], [0.983199954032898, 0.5523999929428101, 650], [0.9839999675750732, 0.5712000131607056, 700], [0.9847999811172485, 0.5511999726295471, 750], [0.9839999675750732, 0.5579999685287476, 768]]}}