{"en-fr": {"bert-base-multilingual-uncased": [[0.9272171258926392, 0.0936066135764122, 100], [0.9529051780700684, 0.11303151398897171, 150], [0.9645259976387024, 0.1604466289281845, 200], [0.9675840735435486, 0.1674824208021164, 250], [0.9706421494483948, 0.16212910413742065, 300], [0.9737002849578857, 0.1638115644454956, 350], [0.9755351543426514, 0.17665953934192657, 400], [0.977370023727417, 0.17925971746444702, 450], [0.9798164963722229, 0.19011931121349335, 500], [0.9798164963722229, 0.1951667219400406, 550], [0.9828745722770691, 0.22285103797912598, 600], [0.9834862351417542, 0.1881309300661087, 650], [0.9847094416618347, 0.1924135833978653, 700], [0.9859327077865601, 0.18247170746326447, 750], [0.9853211045265198, 0.19042521715164185, 768]], "mt5-base": [[0.8269112706184387, 0.06607525795698166, 100], [0.8721712231636047, 0.0933007076382637, 150], [0.9009174108505249, 0.16243499517440796, 200], [0.9125382304191589, 0.22132150828838348, 250], [0.9039754867553711, 0.20862649381160736, 300], [0.909480094909668, 0.24120527505874634, 350], [0.9137614369392395, 0.2583358883857727, 400], [0.9241589903831482, 0.2641480565071106, 450], [0.9253822565078735, 0.29137352108955383, 500], [0.9229357838630676, 0.3273172378540039, 550], [0.9235473871231079, 0.35056594014167786, 600], [0.9284403324127197, 0.32930561900138855, 650], [0.9266054630279541, 0.3352707326412201, 700], [0.9266054630279541, 0.35637810826301575, 750], [0.9284403324127197, 0.36219027638435364, 768]], "xlm-roberta-base": [[0.8611620664596558, 0.02814316377043724, 100], [0.9076452255249023, 0.06347507238388062, 150], [0.9113149642944336, 0.01437748596072197, 200], [0.9198776483535767, 0.022025085985660553, 250], [0.932110071182251, 0.025237075984477997, 300], [0.9474005699157715, 0.027531355619430542, 350], [0.951681911945343, 0.026307741180062294, 400], [0.9565749168395996, 0.027072500437498093, 450], [0.9553516507148743, 0.05536861717700958, 500], [0.9541284441947937, 0.03242582082748413, 550], [0.9510703086853027, 0.03456714749336243, 600], [0.9535167813301086, 0.035484857857227325, 650], [0.9584097862243652, 0.040226370096206665, 700], [0.9351681470870972, 0.036096666008234024, 750], [0.9351681470870972, 0.035178955644369125, 768]], "ernie-m-base_pytorch": [[0.9357798099517822, 0.2707250118255615, 100], [0.943730890750885, 0.3845212757587433, 150], [0.9480122327804565, 0.38620373606681824, 200], [0.9608562588691711, 0.4966350793838501, 250], [0.9602445960044861, 0.4732334315776825, 300], [0.9669724702835083, 0.4902110993862152, 350], [0.9730886816978455, 0.5451208353042603, 400], [0.9737002849578857, 0.5858060717582703, 450], [0.9737002849578857, 0.545579731464386, 500], [0.9730886816978455, 0.5111654996871948, 550], [0.9730886816978455, 0.49495261907577515, 600], [0.9724770188331604, 0.5396145582199097, 650], [0.9724770188331604, 0.560416042804718, 700], [0.9730886816978455, 0.5412970781326294, 750], [0.9724770188331604, 0.5483328700065613, 768]]}}