{"en-fr": {"bert-base-multilingual-uncased": [[0.9113149642944336, 0.0936066061258316, 100], [0.9431192874908447, 0.11303150653839111, 150], [0.9571865200996399, 0.16044661402702332, 200], [0.9639143943786621, 0.1674824059009552, 250], [0.9706422090530396, 0.16212908923625946, 300], [0.9730886816978455, 0.1638115644454956, 350], [0.9743119478225708, 0.17665952444076538, 400], [0.9749235510826111, 0.17925971746444702, 450], [0.9779816269874573, 0.19011929631233215, 500], [0.980428159236908, 0.1951667219400406, 550], [0.9822629690170288, 0.22269807755947113, 600], [0.9853211045265198, 0.1881309300661087, 650], [0.9810397624969482, 0.1924135833978653, 700], [0.9816513657569885, 0.18247170746326447, 750], [0.9828746318817139, 0.19042520225048065, 768]], "mt5-base": [[0.8110091686248779, 0.06607525050640106, 100], [0.8513761758804321, 0.0933007001876831, 150], [0.8746177554130554, 0.16243499517440796, 200], [0.8880733847618103, 0.22132150828838348, 250], [0.8935779929161072, 0.20862649381160736, 300], [0.9064220190048218, 0.24120526015758514, 350], [0.9119266271591187, 0.2583358883857727, 400], [0.9070336222648621, 0.2641480565071106, 450], [0.9137614965438843, 0.29137352108955383, 500], [0.910091757774353, 0.3273172080516815, 550], [0.9076452851295471, 0.35056591033935547, 600], [0.9143730998039246, 0.32930558919906616, 650], [0.9204893112182617, 0.3352707326412201, 700], [0.921100914478302, 0.35637810826301575, 750], [0.9204893112182617, 0.36203733086586, 768]], "xlm-roberta-base": [[0.8287461996078491, 0.02814316377043724, 100], [0.8544342517852783, 0.06347507238388062, 150], [0.8770642280578613, 0.014377485029399395, 200], [0.9070336222648621, 0.022025084123015404, 250], [0.9217125177383423, 0.025237075984477997, 300], [0.932110071182251, 0.027531355619430542, 350], [0.9449541568756104, 0.026307739317417145, 400], [0.9510703086853027, 0.027072498574852943, 450], [0.9443424940109253, 0.055368613451719284, 500], [0.943730890750885, 0.03242581710219383, 550], [0.9480122327804565, 0.03456714749336243, 600], [0.9529051780700684, 0.035637810826301575, 650], [0.957798182964325, 0.040073417127132416, 700], [0.9510703086853027, 0.036096666008234024, 750], [0.9541284441947937, 0.035178955644369125, 768]], "ernie-m-base_pytorch": [[0.9155963063240051, 0.2705720365047455, 100], [0.9314984679222107, 0.3845212459564209, 150], [0.932721734046936, 0.38620373606681824, 200], [0.9510703086853027, 0.4966350495815277, 250], [0.9571865200996399, 0.47308045625686646, 300], [0.9614678621292114, 0.4902110695838928, 350], [0.9706422090530396, 0.5451208353042603, 400], [0.9706422090530396, 0.5858060717582703, 450], [0.9675840735435486, 0.5455796718597412, 500], [0.9688073396682739, 0.5111654996871948, 550], [0.9620795249938965, 0.4947996437549591, 600], [0.966360867023468, 0.5396145582199097, 650], [0.966360867023468, 0.560416042804718, 700], [0.9681957364082336, 0.541144073009491, 750], [0.9675840735435486, 0.5481798648834229, 768]]}}