{"en-fr": {"bert-base-multilingual-uncased": [[0.9247999787330627, 0.10559999942779541, 100], [0.9544000029563904, 0.1265999972820282, 150], [0.962399959564209, 0.17679999768733978, 200], [0.9703999757766724, 0.1785999983549118, 250], [0.9711999893188477, 0.17459999024868011, 300], [0.9751999974250793, 0.16859999299049377, 350], [0.9783999919891357, 0.1825999915599823, 400], [0.9815999865531921, 0.18559999763965607, 450], [0.9815999865531921, 0.19339999556541443, 500], [0.9824000000953674, 0.19859999418258667, 550], [0.9824000000953674, 0.22759999334812164, 600], [0.983199954032898, 0.19219999015331268, 650], [0.9824000000953674, 0.1955999881029129, 700], [0.9824000000953674, 0.18379999697208405, 750], [0.9824000000953674, 0.19179999828338623, 768]], "mt5-base": [[0.8312000036239624, 0.0714000016450882, 100], [0.8695999979972839, 0.1013999953866005, 150], [0.8951999545097351, 0.171999990940094, 200], [0.9143999814987183, 0.2337999939918518, 250], [0.9111999869346619, 0.22259999811649323, 300], [0.9287999868392944, 0.2587999999523163, 350], [0.9319999814033508, 0.2757999897003174, 400], [0.920799970626831, 0.28279998898506165, 450], [0.9296000003814697, 0.3093999922275543, 500], [0.9319999814033508, 0.3473999798297882, 550], [0.9239999651908875, 0.36820000410079956, 600], [0.9215999841690063, 0.34779998660087585, 650], [0.9264000058174133, 0.3527999818325043, 700], [0.9279999732971191, 0.3723999857902527, 750], [0.9311999678611755, 0.3763999938964844, 768]], "xlm-roberta-base": [[0.85999995470047, 0.034199997782707214, 100], [0.8775999546051025, 0.07840000092983246, 150], [0.8935999870300293, 0.019999999552965164, 200], [0.9311999678611755, 0.026599999517202377, 250], [0.9351999759674072, 0.031199999153614044, 300], [0.9479999542236328, 0.029999999329447746, 350], [0.9575999975204468, 0.02719999849796295, 400], [0.9631999731063843, 0.029199998825788498, 450], [0.9599999785423279, 0.0575999990105629, 500], [0.9615999460220337, 0.033799998462200165, 550], [0.9607999920845032, 0.03680000081658363, 600], [0.9639999866485596, 0.03819999843835831, 650], [0.967199981212616, 0.04439999908208847, 700], [0.9703999757766724, 0.03720000013709068, 750], [0.9711999893188477, 0.036399997770786285, 768]], "ernie-m-base_pytorch": [[0.9287999868392944, 0.28939998149871826, 100], [0.9495999813079834, 0.40359997749328613, 150], [0.9527999758720398, 0.4016000032424927, 200], [0.9559999704360962, 0.5112000107765198, 250], [0.9687999486923218, 0.48559999465942383, 300], [0.9735999703407288, 0.5004000067710876, 350], [0.9799999594688416, 0.5579999685287476, 400], [0.9783999919891357, 0.5999999642372131, 450], [0.9799999594688416, 0.5604000091552734, 500], [0.9775999784469604, 0.5253999829292297, 550], [0.9767999649047852, 0.5083999633789062, 600], [0.9791999459266663, 0.5523999929428101, 650], [0.9815999865531921, 0.5712000131607056, 700], [0.9791999459266663, 0.5511999726295471, 750], [0.9791999459266663, 0.5579999685287476, 768]]}}