{"en-fr": {"bert-base-multilingual-uncased": [[0.2593272030353546, 0.0936066061258316, 100], [0.3284403681755066, 0.11303150653839111, 150], [0.4067278206348419, 0.16044661402702332, 200], [0.7816513776779175, 0.1674824059009552, 250], [0.7957186698913574, 0.16212908923625946, 300], [0.6886849999427795, 0.1638115644454956, 350], [0.7327216863632202, 0.17665952444076538, 400], [0.820183515548706, 0.17925971746444702, 450], [0.8709480166435242, 0.19011929631233215, 500], [0.8917431235313416, 0.1951667219400406, 550], [0.8862385153770447, 0.22269807755947113, 600], [0.8954128623008728, 0.1881309300661087, 650], [0.8886849880218506, 0.1924135833978653, 700], [0.90152907371521, 0.18247170746326447, 750], [0.8911315202713013, 0.19042520225048065, 768]], "mt5-base": [[0.23486238718032837, 0.06607525050640106, 100], [0.3620795011520386, 0.0933007001876831, 150], [0.5015290379524231, 0.16243499517440796, 200], [0.5987767577171326, 0.22132150828838348, 250], [0.6177369952201843, 0.20862649381160736, 300], [0.6831804513931274, 0.24120526015758514, 350], [0.5987767577171326, 0.2583358883857727, 400], [0.7064220309257507, 0.2641480565071106, 450], [0.7639143466949463, 0.29137352108955383, 500], [0.7443425059318542, 0.3273172080516815, 550], [0.7314984798431396, 0.35056591033935547, 600], [0.7963302731513977, 0.32930558919906616, 650], [0.7162079215049744, 0.3352707326412201, 700], [0.7700305581092834, 0.35637810826301575, 750], [0.7908256649971008, 0.36203733086586, 768]], "xlm-roberta-base": [[0.12415902316570282, 0.02814316377043724, 100], [0.16330274939537048, 0.06347507238388062, 150], [0.162691131234169, 0.014377485029399395, 200], [0.3107033669948578, 0.022025084123015404, 250], [0.270336389541626, 0.025237075984477997, 300], [0.3798165023326874, 0.027531355619430542, 350], [0.29663607478141785, 0.026307739317417145, 400], [0.4018348753452301, 0.027072498574852943, 450], [0.4483180344104767, 0.055368613451719284, 500], [0.3663608431816101, 0.03242581710219383, 550], [0.3302752375602722, 0.03456714749336243, 600], [0.3516819477081299, 0.035637810826301575, 650], [0.5162079334259033, 0.040073417127132416, 700], [0.5259938836097717, 0.036096666008234024, 750], [0.5614678859710693, 0.035178955644369125, 768]], "ernie-m-base_pytorch": [[0.46177369356155396, 0.2705720365047455, 100], [0.5198776721954346, 0.3845212459564209, 150], [0.6330274939537048, 0.38620373606681824, 200], [0.6525993943214417, 0.4966350495815277, 250], [0.5969418883323669, 0.47308045625686646, 300], [0.6562691330909729, 0.4902110695838928, 350], [0.698470950126648, 0.5451208353042603, 400], [0.7883791923522949, 0.5858060717582703, 450], [0.7333333492279053, 0.5455796718597412, 500], [0.6513761281967163, 0.5111654996871948, 550], [0.6226299405097961, 0.4947996437549591, 600], [0.7198776602745056, 0.5396145582199097, 650], [0.7902140617370605, 0.560416042804718, 700], [0.8183486461639404, 0.541144073009491, 750], [0.7614678740501404, 0.5481798648834229, 768]]}}