{"en-fr": {"bert-base-multilingual-uncased": [[0.23600000143051147, 0.10559999942779541, 100], [0.35839998722076416, 0.1265999972820282, 150], [0.3431999981403351, 0.17679999768733978, 200], [0.6583999991416931, 0.1785999983549118, 250], [0.736799955368042, 0.17459999024868011, 300], [0.7471999526023865, 0.16859999299049377, 350], [0.6639999747276306, 0.1825999915599823, 400], [0.8271999955177307, 0.18559999763965607, 450], [0.8855999708175659, 0.19339999556541443, 500], [0.9088000059127808, 0.19859999418258667, 550], [0.8631999492645264, 0.22759999334812164, 600], [0.892799973487854, 0.19219999015331268, 650], [0.9071999788284302, 0.1955999881029129, 700], [0.8944000005722046, 0.18379999697208405, 750], [0.8967999815940857, 0.19179999828338623, 768]], "mt5-base": [[0.30719998478889465, 0.0714000016450882, 100], [0.3983999788761139, 0.1013999953866005, 150], [0.6351999640464783, 0.171999990940094, 200], [0.6583999991416931, 0.2337999939918518, 250], [0.7055999636650085, 0.22259999811649323, 300], [0.7471999526023865, 0.2587999999523163, 350], [0.6631999611854553, 0.2757999897003174, 400], [0.7752000093460083, 0.28279998898506165, 450], [0.7608000040054321, 0.3093999922275543, 500], [0.8191999793052673, 0.3473999798297882, 550], [0.8023999929428101, 0.36820000410079956, 600], [0.8327999711036682, 0.34779998660087585, 650], [0.7703999876976013, 0.3527999818325043, 700], [0.8208000063896179, 0.3723999857902527, 750], [0.8255999684333801, 0.3763999938964844, 768]], "xlm-roberta-base": [[0.23919999599456787, 0.034199997782707214, 100], [0.13120000064373016, 0.07840000092983246, 150], [0.20399999618530273, 0.019999999552965164, 200], [0.30799999833106995, 0.026599999517202377, 250], [0.46320000290870667, 0.031199999153614044, 300], [0.3783999979496002, 0.029999999329447746, 350], [0.4439999759197235, 0.02719999849796295, 400], [0.4343999922275543, 0.029199998825788498, 450], [0.459199994802475, 0.0575999990105629, 500], [0.3999999761581421, 0.033799998462200165, 550], [0.36159998178482056, 0.03680000081658363, 600], [0.4959999918937683, 0.03819999843835831, 650], [0.5063999891281128, 0.04439999908208847, 700], [0.4912000000476837, 0.03720000013709068, 750], [0.5519999861717224, 0.036399997770786285, 768]], "ernie-m-base_pytorch": [[0.5055999755859375, 0.28939998149871826, 100], [0.5175999999046326, 0.40359997749328613, 150], [0.6383999586105347, 0.4016000032424927, 200], [0.6791999936103821, 0.5112000107765198, 250], [0.618399977684021, 0.48559999465942383, 300], [0.6976000070571899, 0.5004000067710876, 350], [0.7439999580383301, 0.5579999685287476, 400], [0.7895999550819397, 0.5999999642372131, 450], [0.7775999903678894, 0.5604000091552734, 500], [0.7687999606132507, 0.5253999829292297, 550], [0.7504000067710876, 0.5083999633789062, 600], [0.8136000037193298, 0.5523999929428101, 650], [0.8223999738693237, 0.5712000131607056, 700], [0.8511999845504761, 0.5511999726295471, 750], [0.848800003528595, 0.5579999685287476, 768]]}}