{"de-nl": {"lca": {"bert-base-multilingual-uncased": [[0.9223999977111816, 0.016200000420212746, 100], [0.9567999839782715, 0.03280000016093254, 150], [0.9663999676704407, 0.06159999966621399, 200], [0.9751999974250793, 0.09619999676942825, 250], [0.983199954032898, 0.12119999527931213, 300], [0.9775999784469604, 0.12839999794960022, 350], [0.9791999459266663, 0.15279999375343323, 400], [0.9791999459266663, 0.1419999897480011, 450], [0.9799999594688416, 0.15519998967647552, 500], [0.9799999594688416, 0.17799998819828033, 550], [0.9815999865531921, 0.18379999697208405, 600], [0.9815999865531921, 0.17080000042915344, 650], [0.9824000000953674, 0.17180000245571136, 700], [0.9855999946594238, 0.15940000116825104, 750], [0.9847999811172485, 0.1565999984741211, 768]], "mt5-base": [[0.8736000061035156, 0.19999998807907104, 100], [0.9120000004768372, 0.31139999628067017, 150], [0.9247999787330627, 0.4509999752044678, 200], [0.94159996509552, 0.5080000162124634, 250], [0.9351999759674072, 0.38359999656677246, 300], [0.9359999895095825, 0.42159998416900635, 350], [0.9399999976158142, 0.4697999954223633, 400], [0.9391999840736389, 0.491599977016449, 450], [0.9431999921798706, 0.5212000012397766, 500], [0.9431999921798706, 0.5443999767303467, 550], [0.9479999542236328, 0.5428000092506409, 600], [0.9495999813079834, 0.5527999997138977, 650], [0.9455999732017517, 0.5595999956130981, 700], [0.9495999813079834, 0.5741999745368958, 750], [0.9472000002861023, 0.5849999785423279, 768]], "xlm-roberta-base": [[0.8495999574661255, 0.015399999916553497, 100], [0.9007999897003174, 0.024000000208616257, 150], [0.9199999570846558, 0.017799999564886093, 200], [0.9296000003814697, 0.031199999153614044, 250], [0.9303999543190002, 0.026200000196695328, 300], [0.9383999705314636, 0.03059999831020832, 350], [0.9495999813079834, 0.028599999845027924, 400], [0.9503999948501587, 0.03219999745488167, 450], [0.9335999488830566, 0.05999999865889549, 500], [0.9391999840736389, 0.04619999974966049, 550], [0.9472000002861023, 0.036399997770786285, 600], [0.9495999813079834, 0.035999998450279236, 650], [0.9472000002861023, 0.036399997770786285, 700], [0.9271999597549438, 0.018400000408291817, 750], [0.9311999678611755, 0.01939999870955944, 768]], "ernie-m-base_pytorch": [[0.946399986743927, 0.2635999917984009, 100], [0.967199981212616, 0.3346000015735626, 150], [0.9648000001907349, 0.2751999795436859, 200], [0.9727999567985535, 0.33719998598098755, 250], [0.9767999649047852, 0.33739998936653137, 300], [0.9775999784469604, 0.3571999967098236, 350], [0.9839999675750732, 0.39980000257492065, 400], [0.9871999621391296, 0.4375999867916107, 450], [0.9815999865531921, 0.4745999872684479, 500], [0.9815999865531921, 0.48539999127388, 550], [0.9847999811172485, 0.45559999346733093, 600], [0.9855999946594238, 0.47419998049736023, 650], [0.9863999485969543, 0.5040000081062317, 700], [0.9871999621391296, 0.5153999924659729, 750], [0.9847999811172485, 0.520799994468689, 768]]}, "lcc": {"bert-base-multilingual-uncased": [[0.8959999680519104, 0.016200000420212746, 100], [0.94159996509552, 0.03280000016093254, 150], [0.9527999758720398, 0.06159999966621399, 200], [0.9599999785423279, 0.09619999676942825, 250], [0.974399983882904, 0.12119999527931213, 300], [0.9735999703407288, 0.12839999794960022, 350], [0.9735999703407288, 0.15279999375343323, 400], [0.974399983882904, 0.1419999897480011, 450], [0.9815999865531921, 0.15519998967647552, 500], [0.9815999865531921, 0.17799998819828033, 550], [0.9767999649047852, 0.18379999697208405, 600], [0.9775999784469604, 0.17080000042915344, 650], [0.9807999730110168, 0.17180000245571136, 700], [0.9799999594688416, 0.15940000116825104, 750], [0.9791999459266663, 0.1565999984741211, 768]], "mt5-base": [[0.8447999954223633, 0.19999998807907104, 100], [0.8791999816894531, 0.31139999628067017, 150], [0.9023999571800232, 0.4509999752044678, 200], [0.9199999570846558, 0.5080000162124634, 250], [0.9047999978065491, 0.38359999656677246, 300], [0.9120000004768372, 0.42159998416900635, 350], [0.9175999760627747, 0.4697999954223633, 400], [0.9143999814987183, 0.491599977016449, 450], [0.9175999760627747, 0.5212000012397766, 500], [0.9192000031471252, 0.5443999767303467, 550], [0.9247999787330627, 0.5428000092506409, 600], [0.9247999787330627, 0.5527999997138977, 650], [0.9231999516487122, 0.5595999956130981, 700], [0.9303999543190002, 0.5741999745368958, 750], [0.9327999949455261, 0.5849999785423279, 768]], "xlm-roberta-base": [[0.8191999793052673, 0.015399999916553497, 100], [0.85999995470047, 0.024000000208616257, 150], [0.8671999573707581, 0.017799999564886093, 200], [0.9103999733924866, 0.031199999153614044, 250], [0.9223999977111816, 0.026200000196695328, 300], [0.9359999895095825, 0.03059999831020832, 350], [0.9431999921798706, 0.028599999845027924, 400], [0.9519999623298645, 0.03219999745488167, 450], [0.9440000057220459, 0.05999999865889549, 500], [0.9487999677658081, 0.04619999974966049, 550], [0.9440000057220459, 0.036399997770786285, 600], [0.9487999677658081, 0.035999998450279236, 650], [0.9544000029563904, 0.036399997770786285, 700], [0.9575999975204468, 0.018400000408291817, 750], [0.9559999704360962, 0.01939999870955944, 768]], "ernie-m-base_pytorch": [[0.9383999705314636, 0.2635999917984009, 100], [0.9503999948501587, 0.3346000015735626, 150], [0.9527999758720398, 0.2751999795436859, 200], [0.9639999866485596, 0.33719998598098755, 250], [0.9703999757766724, 0.33739998936653137, 300], [0.9783999919891357, 0.3571999967098236, 350], [0.9799999594688416, 0.39980000257492065, 400], [0.9863999485969543, 0.4375999867916107, 450], [0.9791999459266663, 0.4745999872684479, 500], [0.9815999865531921, 0.48539999127388, 550], [0.9824000000953674, 0.45559999346733093, 600], [0.9815999865531921, 0.47419998049736023, 650], [0.9815999865531921, 0.5040000081062317, 700], [0.983199954032898, 0.5153999924659729, 750], [0.9847999811172485, 0.520799994468689, 768]]}, "nnca": {"bert-base-multilingual-uncased": [[0.295199990272522, 0.016200000420212746, 100], [0.35999998450279236, 0.03280000016093254, 150], [0.543999969959259, 0.06159999966621399, 200], [0.6143999695777893, 0.09619999676942825, 250], [0.6423999667167664, 0.12119999527931213, 300], [0.7752000093460083, 0.12839999794960022, 350], [0.7791999578475952, 0.15279999375343323, 400], [0.7623999714851379, 0.1419999897480011, 450], [0.7759999632835388, 0.15519998967647552, 500], [0.7455999851226807, 0.17799998819828033, 550], [0.7375999689102173, 0.18379999697208405, 600], [0.8023999929428101, 0.17080000042915344, 650], [0.7608000040054321, 0.17180000245571136, 700], [0.8567999601364136, 0.15940000116825104, 750], [0.8447999954223633, 0.1565999984741211, 768]], "mt5-base": [[0.4544000029563904, 0.19999998807907104, 100], [0.5992000102996826, 0.31139999628067017, 150], [0.6399999856948853, 0.4509999752044678, 200], [0.7447999715805054, 0.5080000162124634, 250], [0.753600001335144, 0.38359999656677246, 300], [0.7712000012397766, 0.42159998416900635, 350], [0.7991999983787537, 0.4697999954223633, 400], [0.7719999551773071, 0.491599977016449, 450], [0.7752000093460083, 0.5212000012397766, 500], [0.7943999767303467, 0.5443999767303467, 550], [0.839199960231781, 0.5428000092506409, 600], [0.8447999954223633, 0.5527999997138977, 650], [0.8527999520301819, 0.5595999956130981, 700], [0.8567999601364136, 0.5741999745368958, 750], [0.8639999628067017, 0.5849999785423279, 768]],