{"en-de": {"lca": {"bert-base-multilingual-uncased": [[0.8919999599456787, 0.07199999690055847, 100], [0.9431999921798706, 0.11059999465942383, 150], [0.9535999894142151, 0.1340000033378601, 200], [0.9615999460220337, 0.19179999828338623, 250], [0.9639999866485596, 0.19280000030994415, 300], [0.9703999757766724, 0.22699999809265137, 350], [0.974399983882904, 0.25099998712539673, 400], [0.9751999974250793, 0.24459999799728394, 450], [0.9759999513626099, 0.21899999678134918, 500], [0.9767999649047852, 0.2459999918937683, 550], [0.9783999919891357, 0.259799987077713, 600], [0.9807999730110168, 0.23399999737739563, 650], [0.9767999649047852, 0.2295999974012375, 700], [0.9751999974250793, 0.2611999809741974, 750], [0.9735999703407288, 0.2671999931335449, 768]], "mt5-base": [[0.8847999572753906, 0.12559999525547028, 100], [0.9151999950408936, 0.17399999499320984, 150], [0.9391999840736389, 0.22280000150203705, 200], [0.946399986743927, 0.3003999888896942, 250], [0.9447999596595764, 0.28839999437332153, 300], [0.9519999623298645, 0.3147999942302704, 350], [0.9479999542236328, 0.37299999594688416, 400], [0.9472000002861023, 0.343999981880188, 450], [0.946399986743927, 0.3755999803543091, 500], [0.9487999677658081, 0.407399982213974, 550], [0.9472000002861023, 0.43719998002052307, 600], [0.9479999542236328, 0.45559999346733093, 650], [0.9455999732017517, 0.4875999987125397, 700], [0.9519999623298645, 0.5184000134468079, 750], [0.9503999948501587, 0.5031999945640564, 768]], "xlm-roberta-base": [[0.8607999682426453, 0.021800000220537186, 100], [0.9247999787330627, 0.009999999776482582, 150], [0.9343999624252319, 0.0142000000923872, 200], [0.9527999758720398, 0.026599999517202377, 250], [0.9495999813079834, 0.04820000007748604, 300], [0.9567999839782715, 0.054999999701976776, 350], [0.9607999920845032, 0.061400000005960464, 400], [0.9631999731063843, 0.06859999895095825, 450], [0.9639999866485596, 0.14079999923706055, 500], [0.9631999731063843, 0.15139999985694885, 550], [0.962399959564209, 0.1469999998807907, 600], [0.9687999486923218, 0.17139999568462372, 650], [0.967199981212616, 0.16859999299049377, 700], [0.9559999704360962, 0.03739999979734421, 750], [0.9583999514579773, 0.035999998450279236, 768]], "ernie-m-base_pytorch": [[0.9615999460220337, 0.27140000462532043, 100], [0.9711999893188477, 0.22039999067783356, 150], [0.9695999622344971, 0.30879998207092285, 200], [0.9767999649047852, 0.373199999332428, 250], [0.9791999459266663, 0.4560000002384186, 300], [0.983199954032898, 0.4973999857902527, 350], [0.9815999865531921, 0.5271999835968018, 400], [0.983199954032898, 0.569599986076355, 450], [0.9824000000953674, 0.5938000082969666, 500], [0.9824000000953674, 0.5947999954223633, 550], [0.9824000000953674, 0.5979999899864197, 600], [0.9879999756813049, 0.6215999722480774, 650], [0.9855999946594238, 0.6353999972343445, 700], [0.9855999946594238, 0.5392000079154968, 750], [0.9879999756813049, 0.5489999651908875, 768]]}, "lcc": {"bert-base-multilingual-uncased": [[0.8783999681472778, 0.07199999690055847, 100], [0.9368000030517578, 0.11059999465942383, 150], [0.9511999487876892, 0.1340000033378601, 200], [0.9583999514579773, 0.19179999828338623, 250], [0.9648000001907349, 0.19280000030994415, 300], [0.9759999513626099, 0.22699999809265137, 350], [0.9759999513626099, 0.25099998712539673, 400], [0.9759999513626099, 0.24459999799728394, 450], [0.9783999919891357, 0.21899999678134918, 500], [0.9751999974250793, 0.2459999918937683, 550], [0.974399983882904, 0.259799987077713, 600], [0.9751999974250793, 0.23399999737739563, 650], [0.9775999784469604, 0.2295999974012375, 700], [0.9751999974250793, 0.2611999809741974, 750], [0.9759999513626099, 0.2671999931335449, 768]], "mt5-base": [[0.8359999656677246, 0.12559999525547028, 100], [0.8775999546051025, 0.17399999499320984, 150], [0.9063999652862549, 0.22280000150203705, 200], [0.920799970626831, 0.3003999888896942, 250], [0.9167999625205994, 0.28839999437332153, 300], [0.9264000058174133, 0.3147999942302704, 350], [0.9279999732971191, 0.37299999594688416, 400], [0.925599992275238, 0.343999981880188, 450], [0.9231999516487122, 0.3755999803543091, 500], [0.9199999570846558, 0.407399982213974, 550], [0.9223999977111816, 0.43719998002052307, 600], [0.9223999977111816, 0.45559999346733093, 650], [0.9231999516487122, 0.4875999987125397, 700], [0.9271999597549438, 0.5184000134468079, 750], [0.9271999597549438, 0.5031999945640564, 768]], "xlm-roberta-base": [[0.8295999765396118, 0.021800000220537186, 100], [0.8815999627113342, 0.009999999776482582, 150], [0.9007999897003174, 0.0142000000923872, 200], [0.9327999949455261, 0.026599999517202377, 250], [0.9431999921798706, 0.04820000007748604, 300], [0.9519999623298645, 0.054999999701976776, 350], [0.9567999839782715, 0.061400000005960464, 400], [0.9575999975204468, 0.06859999895095825, 450], [0.9503999948501587, 0.14079999923706055, 500], [0.9544000029563904, 0.15139999985694885, 550], [0.9551999568939209, 0.1469999998807907, 600], [0.9583999514579773, 0.17139999568462372, 650], [0.9615999460220337, 0.16859999299049377, 700], [0.962399959564209, 0.03739999979734421, 750], [0.9648000001907349, 0.035999998450279236, 768]], "ernie-m-base_pytorch": [[0.9440000057220459, 0.27140000462532043, 100], [0.9511999487876892, 0.22039999067783356, 150], [0.9607999920845032, 0.30879998207092285, 200], [0.9695999622344971, 0.373199999332428, 250], [0.974399983882904, 0.4560000002384186, 300], [0.9767999649047852, 0.4973999857902527, 350], [0.9824000000953674, 0.5271999835968018, 400], [0.9824000000953674, 0.569599986076355, 450], [0.9767999649047852, 0.5938000082969666, 500], [0.9791999459266663, 0.5947999954223633, 550], [0.9775999784469604, 0.5979999899864197, 600], [0.9815999865531921, 0.6215999722480774, 650], [0.983199954032898, 0.6353999972343445, 700], [0.9824000000953674, 0.5392000079154968, 750], [0.983199954032898, 0.5489999651908875, 768]]}, "nnca": {"bert-base-multilingual-uncased": [[0.2831999957561493, 0.07199999690055847, 100], [0.5719999670982361, 0.11059999465942383, 150], [0.6335999965667725, 0.1340000033378601, 200], [0.6007999777793884, 0.19179999828338623, 250], [0.6327999830245972, 0.19280000030994415, 300], [0.7199999690055847, 0.22699999809265137, 350], [0.6399999856948853, 0.25099998712539673, 400], [0.7735999822616577, 0.24459999799728394, 450], [0.7967999577522278, 0.21899999678134918, 500], [0.8159999847412109, 0.2459999918937683, 550], [0.8303999900817871, 0.259799987077713, 600], [0.8279999494552612, 0.23399999737739563, 650], [0.8607999682426453, 0.2295999974012375, 700], [0.8895999789237976, 0.2611999809741974, 750], [0.8736000061035156, 0.2671999931335449, 768]], "mt5-base": [[0.41040000319480896, 0.12559999525547028, 100], [0.5848000049591064, 0.17399999499320984, 150], [0.6656000018119812, 0.22280000150203705, 200], [0.7231999635696411, 0.3003999888896942, 250], [0.6631999611854553, 0.28839999437332153, 300], [0.7015999555587769, 0.3147999942302704, 350], [0.7199999690055847, 0.37299999594688416, 400], [0.8023999929428101, 0.343999981880188, 450], [0.8279999494552612, 0.3755999803543091, 500], [0.8447999954223633, 0.407399982213974, 550], [0.8143999576568604, 0.43719998002052307, 600], [0.8079999685287476, 0.45559999346733093, 650], [0.7967999577522278, 0.4875999987125397, 700], [0.8543999791145325, 0.5184000134468079, 750], [0.8535999655723572, 0.5031999945640564, 768]],