{"en-nl": {"lca": {"bert-base-multilingual-uncased": [[0.8351999521255493, 0.026799999177455902, 100], [0.9055999517440796, 0.03139999881386757, 150], [0.9296000003814697, 0.04399999976158142, 200], [0.9375999569892883, 0.07699999958276749, 250], [0.9495999813079834, 0.1021999940276146, 300], [0.9535999894142151, 0.10639999806880951, 350], [0.9495999813079834, 0.12639999389648438, 400], [0.9591999650001526, 0.085999995470047, 450], [0.9607999920845032, 0.07899999618530273, 500], [0.9648000001907349, 0.10300000011920929, 550], [0.9679999947547913, 0.10899999737739563, 600], [0.962399959564209, 0.10319999605417252, 650], [0.962399959564209, 0.10599999874830246, 700], [0.9631999731063843, 0.09479999542236328, 750], [0.9631999731063843, 0.08799999952316284, 768]], "mt5-base": [[0.8615999817848206, 0.06319999694824219, 100], [0.9007999897003174, 0.10119999945163727, 150], [0.91839998960495, 0.19119998812675476, 200], [0.9239999651908875, 0.2733999788761139, 250], [0.9239999651908875, 0.23659999668598175, 300], [0.9271999597549438, 0.26999998092651367, 350], [0.9296000003814697, 0.295199990272522, 400], [0.9335999488830566, 0.3310000002384186, 450], [0.9343999624252319, 0.3375999927520752, 500], [0.9351999759674072, 0.37439998984336853, 550], [0.9391999840736389, 0.3967999815940857, 600], [0.9335999488830566, 0.4025999903678894, 650], [0.9368000030517578, 0.43639999628067017, 700], [0.9368000030517578, 0.4421999752521515, 750], [0.9359999895095825, 0.444599986076355, 768]], "xlm-roberta-base": [[0.8095999956130981, 0.023000000044703484, 100], [0.871999979019165, 0.026799999177455902, 150], [0.8607999682426453, 0.014999999664723873, 200], [0.8791999816894531, 0.02019999921321869, 250], [0.8840000033378601, 0.020399998873472214, 300], [0.9103999733924866, 0.026200000196695328, 350], [0.9167999625205994, 0.029399998486042023, 400], [0.9247999787330627, 0.030799999833106995, 450], [0.9127999544143677, 0.06480000168085098, 500], [0.9231999516487122, 0.05959999933838844, 550], [0.9231999516487122, 0.05139999836683273, 600], [0.9335999488830566, 0.05719999969005585, 650], [0.9351999759674072, 0.052400000393390656, 700], [0.91839998960495, 0.058799996972084045, 750], [0.91839998960495, 0.056199997663497925, 768]], "ernie-m-base_pytorch": [[0.9151999950408936, 0.2680000066757202, 100], [0.94159996509552, 0.24219998717308044, 150], [0.9335999488830566, 0.33739998936653137, 200], [0.9440000057220459, 0.4487999975681305, 250], [0.9455999732017517, 0.4047999978065491, 300], [0.9479999542236328, 0.421999990940094, 350], [0.9519999623298645, 0.48019999265670776, 400], [0.9607999920845032, 0.5245999693870544, 450], [0.9583999514579773, 0.47119998931884766, 500], [0.9567999839782715, 0.4887999892234802, 550], [0.9599999785423279, 0.40939998626708984, 600], [0.9607999920845032, 0.4113999903202057, 650], [0.9607999920845032, 0.42739999294281006, 700], [0.9631999731063843, 0.3991999924182892, 750], [0.9607999920845032, 0.4068000018596649, 768]]}, "lcc": {"bert-base-multilingual-uncased": [[0.8255999684333801, 0.026799999177455902, 100], [0.8944000005722046, 0.03139999881386757, 150], [0.9192000031471252, 0.04399999976158142, 200], [0.9399999976158142, 0.07699999958276749, 250], [0.9495999813079834, 0.1021999940276146, 300], [0.9575999975204468, 0.10639999806880951, 350], [0.9639999866485596, 0.12639999389648438, 400], [0.9631999731063843, 0.085999995470047, 450], [0.967199981212616, 0.07899999618530273, 500], [0.9639999866485596, 0.10300000011920929, 550], [0.9655999541282654, 0.10899999737739563, 600], [0.9648000001907349, 0.10319999605417252, 650], [0.9679999947547913, 0.10599999874830246, 700], [0.967199981212616, 0.09479999542236328, 750], [0.9687999486923218, 0.08799999952316284, 768]], "mt5-base": [[0.8191999793052673, 0.06319999694824219, 100], [0.8575999736785889, 0.10119999945163727, 150], [0.8823999762535095, 0.19119998812675476, 200], [0.8999999761581421, 0.2733999788761139, 250], [0.9007999897003174, 0.23659999668598175, 300], [0.9063999652862549, 0.26999998092651367, 350], [0.9071999788284302, 0.295199990272522, 400], [0.9111999869346619, 0.3310000002384186, 450], [0.9055999517440796, 0.3375999927520752, 500], [0.9071999788284302, 0.37439998984336853, 550], [0.9063999652862549, 0.3967999815940857, 600], [0.9103999733924866, 0.4025999903678894, 650], [0.9095999598503113, 0.43639999628067017, 700], [0.9143999814987183, 0.4421999752521515, 750], [0.9159999489784241, 0.444599986076355, 768]], "xlm-roberta-base": [[0.7839999794960022, 0.023000000044703484, 100], [0.8167999982833862, 0.026799999177455902, 150], [0.8343999981880188, 0.014999999664723873, 200], [0.8687999844551086, 0.02019999921321869, 250], [0.8807999491691589, 0.020399998873472214, 300], [0.913599967956543, 0.026200000196695328, 350], [0.9215999841690063, 0.029399998486042023, 400], [0.9279999732971191, 0.030799999833106995, 450], [0.9279999732971191, 0.06480000168085098, 500], [0.9271999597549438, 0.05959999933838844, 550], [0.9327999949455261, 0.05139999836683273, 600], [0.9351999759674072, 0.05719999969005585, 650], [0.9407999515533447, 0.052400000393390656, 700], [0.9455999732017517, 0.058799996972084045, 750], [0.9447999596595764, 0.056199997663497925, 768]], "ernie-m-base_pytorch": [[0.9088000059127808, 0.2680000066757202, 100], [0.9311999678611755, 0.24219998717308044, 150], [0.9319999814033508, 0.33739998936653137, 200], [0.9447999596595764, 0.4487999975681305, 250], [0.9511999487876892, 0.4047999978065491, 300], [0.9583999514579773, 0.421999990940094, 350], [0.9648000001907349, 0.48019999265670776, 400], [0.9607999920845032, 0.5245999693870544, 450], [0.9599999785423279, 0.47119998931884766, 500], [0.9631999731063843, 0.4887999892234802, 550], [0.9599999785423279, 0.40939998626708984, 600], [0.9639999866485596, 0.4113999903202057, 650], [0.967199981212616, 0.42739999294281006, 700], [0.9663999676704407, 0.3991999924182892, 750], [0.9663999676704407, 0.4068000018596649, 768]]}, "nnca": {"bert-base-multilingual-uncased": [[0.03199999779462814, 0.026799999177455902, 100], [0.11599999666213989, 0.03139999881386757, 150], [0.18320000171661377, 0.04399999976158142, 200], [0.3343999981880188, 0.07699999958276749, 250], [0.4351999759674072, 0.1021999940276146, 300], [0.5424000024795532, 0.10639999806880951, 350], [0.47679999470710754, 0.12639999389648438, 400], [0.5263999700546265, 0.085999995470047, 450], [0.569599986076355, 0.07899999618530273, 500], [0.6575999855995178, 0.10300000011920929, 550], [0.7152000069618225, 0.10899999737739563, 600], [0.6407999992370605, 0.10319999605417252, 650], [0.6863999962806702, 0.10599999874830246, 700], [0.7432000041007996, 0.09479999542236328, 750], [0.7447999715805054, 0.08799999952316284, 768]], "mt5-base": [[0.3312000036239624, 0.06319999694824219, 100], [0.5047999620437622, 0.10119999945163727, 150], [0.6895999908447266, 0.19119998812675476, 200], [0.6775999665260315, 0.2733999788761139, 250], [0.6832000017166138, 0.23659999668598175, 300], [0.6743999719619751, 0.26999998092651367, 350], [0.7495999932289124, 0.295199990272522, 400], [0.6904000043869019, 0.3310000002384186, 450], [0.7551999688148499, 0.3375999927520752, 500], [0.8175999522209167, 0.37439998984336853, 550], [0.7447999715805054, 0.3967999815940857, 600], [0.7839999794960022, 0.4025999903678894, 650], [0.8032000064849854, 0.43639999628067017, 700], [0.8159999847412109, 0.4421999752521515, 750], [0.8039999604225159, 0.444599986076355, 768]],