{"fr-en": {"lca": {"bert-base-multilingual-uncased": [[0.9351999759674072, 0.04439999908208847, 100], [0.9639999866485596, 0.053999997675418854, 150], [0.9695999622344971, 0.07000000029802322, 200], [0.9711999893188477, 0.055799998342990875, 250], [0.974399983882904, 0.05299999937415123, 300], [0.972000002861023, 0.057999998331069946, 350], [0.9735999703407288, 0.058399997651576996, 400], [0.9767999649047852, 0.07360000163316727, 450], [0.9759999513626099, 0.06560000032186508, 500], [0.9751999974250793, 0.07479999959468842, 550], [0.9751999974250793, 0.08879999816417694, 600], [0.9791999459266663, 0.08899999409914017, 650], [0.9775999784469604, 0.08619999885559082, 700], [0.9799999594688416, 0.08299999684095383, 750], [0.9783999919891357, 0.08259999752044678, 768]], "mt5-base": [[0.8639999628067017, 0.10920000076293945, 100], [0.9007999897003174, 0.14139999449253082, 150], [0.9223999977111816, 0.21639999747276306, 200], [0.9271999597549438, 0.2443999946117401, 250], [0.9264000058174133, 0.2287999987602234, 300], [0.9343999624252319, 0.25619998574256897, 350], [0.9335999488830566, 0.2784000039100647, 400], [0.9359999895095825, 0.2807999849319458, 450], [0.9407999515533447, 0.28599998354911804, 500], [0.9431999921798706, 0.3155999779701233, 550], [0.9368000030517578, 0.337799996137619, 600], [0.9359999895095825, 0.29580000042915344, 650], [0.9351999759674072, 0.3278000056743622, 700], [0.9375999569892883, 0.3211999833583832, 750], [0.9359999895095825, 0.32999998331069946, 768]], "xlm-roberta-base": [[0.8783999681472778, 0.011799999512732029, 100], [0.913599967956543, 0.009999999776482582, 150], [0.9239999651908875, 0.021399999037384987, 200], [0.9399999976158142, 0.02879999950528145, 250], [0.9399999976158142, 0.029199998825788498, 300], [0.9487999677658081, 0.017799999564886093, 350], [0.9511999487876892, 0.01599999889731407, 400], [0.9544000029563904, 0.011799999512732029, 450], [0.9583999514579773, 0.015599999576807022, 500], [0.9575999975204468, 0.013799999840557575, 550], [0.9599999785423279, 0.014399999752640724, 600], [0.9639999866485596, 0.012399999424815178, 650], [0.962399959564209, 0.011799999512732029, 700], [0.9527999758720398, 0.014399999752640724, 750], [0.9535999894142151, 0.014800000004470348, 768]], "ernie-m-base_pytorch": [[0.9440000057220459, 0.22659999132156372, 100], [0.962399959564209, 0.24039998650550842, 150], [0.9703999757766724, 0.3009999990463257, 200], [0.9759999513626099, 0.37619999051094055, 250], [0.9767999649047852, 0.30559998750686646, 300], [0.9791999459266663, 0.38999998569488525, 350], [0.9807999730110168, 0.43639999628067017, 400], [0.9847999811172485, 0.4787999987602234, 450], [0.9799999594688416, 0.49139997363090515, 500], [0.9824000000953674, 0.4309999942779541, 550], [0.9807999730110168, 0.42980000376701355, 600], [0.983199954032898, 0.4607999920845032, 650], [0.9855999946594238, 0.4717999994754791, 700], [0.9887999892234802, 0.438400000333786, 750], [0.9879999756813049, 0.4438000023365021, 768]]}, "lcc": {"bert-base-multilingual-uncased": [[0.9287999868392944, 0.04439999908208847, 100], [0.9551999568939209, 0.053999997675418854, 150], [0.9695999622344971, 0.07000000029802322, 200], [0.9711999893188477, 0.055799998342990875, 250], [0.9687999486923218, 0.05299999937415123, 300], [0.972000002861023, 0.057999998331069946, 350], [0.9727999567985535, 0.058399997651576996, 400], [0.9767999649047852, 0.07360000163316727, 450], [0.9775999784469604, 0.06560000032186508, 500], [0.9791999459266663, 0.07479999959468842, 550], [0.9807999730110168, 0.08879999816417694, 600], [0.9839999675750732, 0.08899999409914017, 650], [0.9791999459266663, 0.08619999885559082, 700], [0.9799999594688416, 0.08299999684095383, 750], [0.9799999594688416, 0.08259999752044678, 768]], "mt5-base": [[0.8303999900817871, 0.10920000076293945, 100], [0.8775999546051025, 0.14139999449253082, 150], [0.9103999733924866, 0.21639999747276306, 200], [0.9151999950408936, 0.2443999946117401, 250], [0.9111999869346619, 0.2287999987602234, 300], [0.9192000031471252, 0.25619998574256897, 350], [0.9223999977111816, 0.2784000039100647, 400], [0.9071999788284302, 0.2807999849319458, 450], [0.9223999977111816, 0.28599998354911804, 500], [0.920799970626831, 0.3155999779701233, 550], [0.9167999625205994, 0.337799996137619, 600], [0.9192000031471252, 0.29580000042915344, 650], [0.9231999516487122, 0.3278000056743622, 700], [0.9264000058174133, 0.3211999833583832, 750], [0.9271999597549438, 0.32999998331069946, 768]], "xlm-roberta-base": [[0.8455999493598938, 0.011799999512732029, 100], [0.8815999627113342, 0.009999999776482582, 150], [0.9095999598503113, 0.021399999037384987, 200], [0.9359999895095825, 0.02879999950528145, 250], [0.9399999976158142, 0.029199998825788498, 300], [0.9527999758720398, 0.017799999564886093, 350], [0.9567999839782715, 0.01599999889731407, 400], [0.9631999731063843, 0.011799999512732029, 450], [0.9559999704360962, 0.015599999576807022, 500], [0.9567999839782715, 0.013799999840557575, 550], [0.9544000029563904, 0.014399999752640724, 600], [0.9551999568939209, 0.012399999424815178, 650], [0.9567999839782715, 0.011799999512732029, 700], [0.9607999920845032, 0.014399999752640724, 750], [0.9599999785423279, 0.014800000004470348, 768]], "ernie-m-base_pytorch": [[0.946399986743927, 0.22659999132156372, 100], [0.9591999650001526, 0.24039998650550842, 150], [0.9648000001907349, 0.3009999990463257, 200], [0.9679999947547913, 0.37619999051094055, 250], [0.9703999757766724, 0.30559998750686646, 300], [0.9711999893188477, 0.38999998569488525, 350], [0.9799999594688416, 0.43639999628067017, 400], [0.9807999730110168, 0.4787999987602234, 450], [0.9751999974250793, 0.49139997363090515, 500], [0.9703999757766724, 0.4309999942779541, 550], [0.9687999486923218, 0.42980000376701355, 600], [0.9695999622344971, 0.4607999920845032, 650], [0.972000002861023, 0.4717999994754791, 700], [0.974399983882904, 0.438400000333786, 750], [0.9751999974250793, 0.4438000023365021, 768]]}, "nnca": {"bert-base-multilingual-uncased": [[0.42879998683929443, 0.04439999908208847, 100], [0.47759997844696045, 0.053999997675418854, 150], [0.7199999690055847, 0.07000000029802322, 200], [0.6711999773979187, 0.055799998342990875, 250], [0.6807999610900879, 0.05299999937415123, 300], [0.7519999742507935, 0.057999998331069946, 350], [0.8703999519348145, 0.058399997651576996, 400], [0.8743999600410461, 0.07360000163316727, 450], [0.8711999654769897, 0.06560000032186508, 500], [0.8575999736785889, 0.07479999959468842, 550], [0.9199999570846558, 0.08879999816417694, 600], [0.9223999977111816, 0.08899999409914017, 650], [0.9319999814033508, 0.08619999885559082, 700], [0.8959999680519104, 0.08299999684095383, 750], [0.94159996509552, 0.08259999752044678, 768]], "mt5-base": [[0.2199999988079071, 0.10920000076293945, 100], [0.2680000066757202, 0.14139999449253082, 150], [0.5175999999046326, 0.21639999747276306, 200], [0.5799999833106995, 0.2443999946117401, 250], [0.6735999584197998, 0.2287999987602234, 300], [0.7080000042915344, 0.25619998574256897, 350], [0.7719999551773071, 0.2784000039100647, 400], [0.7799999713897705, 0.2807999849319458, 450], [0.7655999660491943, 0.28599998354911804, 500], [0.7879999876022339, 0.3155999779701233, 550], [0.8191999793052673, 0.337799996137619, 600], [0.8399999737739563, 0.29580000042915344, 650], [0.8431999683380127, 0.3278000056743622, 700], [0.8471999764442444, 0.3211999833583832, 750], [0.8240000009536743, 0.32999998331069946, 768]],