{"nl-fr": {"lca": {"bert-base-multilingual-uncased": [[0.9143999814987183, 0.02279999852180481, 100], [0.9583999514579773, 0.04399999976158142, 150], [0.9655999541282654, 0.06419999897480011, 200], [0.9711999893188477, 0.0674000009894371, 250], [0.9735999703407288, 0.07639999687671661, 300], [0.972000002861023, 0.0867999941110611, 350], [0.9791999459266663, 0.07880000025033951, 400], [0.9735999703407288, 0.10339999943971634, 450], [0.9775999784469604, 0.12239999324083328, 500], [0.9759999513626099, 0.10779999941587448, 550], [0.9783999919891357, 0.12139999866485596, 600], [0.9759999513626099, 0.1241999939084053, 650], [0.9775999784469604, 0.14479999244213104, 700], [0.9767999649047852, 0.17399999499320984, 750], [0.9767999649047852, 0.17599999904632568, 768]], "mt5-base": [[0.8840000033378601, 0.2800000011920929, 100], [0.9247999787330627, 0.31360000371932983, 150], [0.9351999759674072, 0.39659997820854187, 200], [0.9399999976158142, 0.38979998230934143, 250], [0.9391999840736389, 0.3335999846458435, 300], [0.946399986743927, 0.37279999256134033, 350], [0.9455999732017517, 0.38040000200271606, 400], [0.9472000002861023, 0.35199999809265137, 450], [0.9495999813079834, 0.382999986410141, 500], [0.9487999677658081, 0.39719998836517334, 550], [0.9479999542236328, 0.4296000003814697, 600], [0.9455999732017517, 0.46859997510910034, 650], [0.9455999732017517, 0.4560000002384186, 700], [0.9519999623298645, 0.49539998173713684, 750], [0.9503999948501587, 0.5037999749183655, 768]], "xlm-roberta-base": [[0.8727999925613403, 0.04179999977350235, 100], [0.91839998960495, 0.020600000396370888, 150], [0.9319999814033508, 0.01899999938905239, 200], [0.946399986743927, 0.023399999365210533, 250], [0.9535999894142151, 0.03219999745488167, 300], [0.9639999866485596, 0.042399998754262924, 350], [0.9591999650001526, 0.0414000004529953, 400], [0.9648000001907349, 0.04699999839067459, 450], [0.9599999785423279, 0.08020000159740448, 500], [0.962399959564209, 0.039000000804662704, 550], [0.9607999920845032, 0.05379999801516533, 600], [0.9663999676704407, 0.06279999762773514, 650], [0.9687999486923218, 0.06159999966621399, 700], [0.9575999975204468, 0.050599999725818634, 750], [0.9519999623298645, 0.04919999837875366, 768]], "ernie-m-base_pytorch": [[0.9431999921798706, 0.28839999437332153, 100], [0.9575999975204468, 0.3515999913215637, 150], [0.967199981212616, 0.3035999834537506, 200], [0.9727999567985535, 0.3962000012397766, 250], [0.9727999567985535, 0.46619999408721924, 300], [0.9767999649047852, 0.5163999795913696, 350], [0.9767999649047852, 0.5773999691009521, 400], [0.9791999459266663, 0.6193999648094177, 450], [0.9807999730110168, 0.6389999985694885, 500], [0.9807999730110168, 0.5766000151634216, 550], [0.9807999730110168, 0.5965999960899353, 600], [0.9824000000953674, 0.6074000000953674, 650], [0.983199954032898, 0.6353999972343445, 700], [0.9824000000953674, 0.6434000134468079, 750], [0.9824000000953674, 0.6557999849319458, 768]]}, "lcc": {"bert-base-multilingual-uncased": [[0.8991999626159668, 0.02279999852180481, 100], [0.9399999976158142, 0.04399999976158142, 150], [0.9519999623298645, 0.06419999897480011, 200], [0.962399959564209, 0.0674000009894371, 250], [0.9655999541282654, 0.07639999687671661, 300], [0.9679999947547913, 0.0867999941110611, 350], [0.9711999893188477, 0.07880000025033951, 400], [0.972000002861023, 0.10339999943971634, 450], [0.974399983882904, 0.12239999324083328, 500], [0.9751999974250793, 0.10779999941587448, 550], [0.9775999784469604, 0.12139999866485596, 600], [0.9735999703407288, 0.1241999939084053, 650], [0.9759999513626099, 0.14479999244213104, 700], [0.9767999649047852, 0.17399999499320984, 750], [0.9775999784469604, 0.17599999904632568, 768]], "mt5-base": [[0.8655999898910522, 0.2800000011920929, 100], [0.9031999707221985, 0.31360000371932983, 150], [0.9159999489784241, 0.39659997820854187, 200], [0.9247999787330627, 0.38979998230934143, 250], [0.9287999868392944, 0.3335999846458435, 300], [0.9279999732971191, 0.37279999256134033, 350], [0.9335999488830566, 0.38040000200271606, 400], [0.9359999895095825, 0.35199999809265137, 450], [0.9375999569892883, 0.382999986410141, 500], [0.9431999921798706, 0.39719998836517334, 550], [0.9383999705314636, 0.4296000003814697, 600], [0.9359999895095825, 0.46859997510910034, 650], [0.9368000030517578, 0.4560000002384186, 700], [0.9407999515533447, 0.49539998173713684, 750], [0.94159996509552, 0.5037999749183655, 768]], "xlm-roberta-base": [[0.8423999547958374, 0.04179999977350235, 100], [0.8823999762535095, 0.020600000396370888, 150], [0.9023999571800232, 0.01899999938905239, 200], [0.9215999841690063, 0.023399999365210533, 250], [0.9327999949455261, 0.03219999745488167, 300], [0.9479999542236328, 0.042399998754262924, 350], [0.9527999758720398, 0.0414000004529953, 400], [0.9575999975204468, 0.04699999839067459, 450], [0.9544000029563904, 0.08020000159740448, 500], [0.9567999839782715, 0.039000000804662704, 550], [0.9615999460220337, 0.05379999801516533, 600], [0.9639999866485596, 0.06279999762773514, 650], [0.9648000001907349, 0.06159999966621399, 700], [0.9655999541282654, 0.050599999725818634, 750], [0.9655999541282654, 0.04919999837875366, 768]], "ernie-m-base_pytorch": [[0.9271999597549438, 0.28839999437332153, 100], [0.9440000057220459, 0.3515999913215637, 150], [0.9503999948501587, 0.3035999834537506, 200], [0.967199981212616, 0.3962000012397766, 250], [0.9695999622344971, 0.46619999408721924, 300], [0.974399983882904, 0.5163999795913696, 350], [0.9767999649047852, 0.5773999691009521, 400], [0.9815999865531921, 0.6193999648094177, 450], [0.9759999513626099, 0.6389999985694885, 500], [0.9783999919891357, 0.5766000151634216, 550], [0.9751999974250793, 0.5965999960899353, 600], [0.9759999513626099, 0.6074000000953674, 650], [0.9751999974250793, 0.6353999972343445, 700], [0.9775999784469604, 0.6434000134468079, 750], [0.9767999649047852, 0.6557999849319458, 768]]}, "nnca": {"bert-base-multilingual-uncased": [[0.2255999892950058, 0.02279999852180481, 100], [0.4016000032424927, 0.04399999976158142, 150], [0.397599995136261, 0.06419999897480011, 200], [0.6240000128746033, 0.0674000009894371, 250], [0.753600001335144, 0.07639999687671661, 300], [0.7703999876976013, 0.0867999941110611, 350], [0.7759999632835388, 0.07880000025033951, 400], [0.7615999579429626, 0.10339999943971634, 450], [0.8295999765396118, 0.12239999324083328, 500], [0.8359999656677246, 0.10779999941587448, 550], [0.8255999684333801, 0.12139999866485596, 600], [0.8431999683380127, 0.1241999939084053, 650], [0.8695999979972839, 0.14479999244213104, 700], [0.8287999629974365, 0.17399999499320984, 750], [0.8912000060081482, 0.17599999904632568, 768]], "mt5-base": [[0.4959999918937683, 0.2800000011920929, 100], [0.6200000047683716, 0.31360000371932983, 150], [0.741599977016449, 0.39659997820854187, 200], [0.7671999931335449, 0.38979998230934143, 250], [0.6967999935150146, 0.3335999846458435, 300], [0.8079999685287476, 0.37279999256134033, 350], [0.8359999656677246, 0.38040000200271606, 400], [0.8471999764442444, 0.35199999809265137, 450], [0.8687999844551086, 0.382999986410141, 500], [0.8743999600410461, 0.39719998836517334, 550], [0.8935999870300293, 0.4296000003814697, 600], [0.8671999573707581, 0.46859997510910034, 650], [0.8807999491691589, 0.4560000002384186, 700], [0.8855999708175659, 0.49539998173713684, 750], [0.9016000032424927, 0.5037999749183655, 768]],