{"nl-ro": {"lca": {"bert-base-multilingual-uncased": [[0.7655999660491943, 0.004600000102072954, 100], [0.8527999520301819, 0.006399999838322401, 150], [0.8895999789237976, 0.005399999674409628, 200], [0.9127999544143677, 0.004399999976158142, 250], [0.9296000003814697, 0.0037999998312443495, 300], [0.9343999624252319, 0.003999999724328518, 350], [0.94159996509552, 0.005799999926239252, 400], [0.9368000030517578, 0.00559999980032444, 450], [0.9423999786376953, 0.006799999624490738, 500], [0.9440000057220459, 0.006799999624490738, 550], [0.9423999786376953, 0.007199999876320362, 600], [0.9407999515533447, 0.007799999788403511, 650], [0.9447999596595764, 0.008200000040233135, 700], [0.9440000057220459, 0.006599999964237213, 750], [0.9423999786376953, 0.006599999964237213, 768]], "mt5-base": [[0.7351999878883362, 0.04899999871850014, 100], [0.7967999577522278, 0.08379999548196793, 150], [0.8503999710083008, 0.10279999673366547, 200], [0.8775999546051025, 0.10480000078678131, 250], [0.8759999871253967, 0.09099999815225601, 300], [0.8775999546051025, 0.09779999405145645, 350], [0.8831999897956848, 0.1136000007390976, 400], [0.8840000033378601, 0.09879999607801437, 450], [0.8831999897956848, 0.10480000078678131, 500], [0.892799973487854, 0.11059999465942383, 550], [0.8912000060081482, 0.11739999800920486, 600], [0.8935999870300293, 0.1273999959230423, 650], [0.8959999680519104, 0.13220000267028809, 700], [0.8959999680519104, 0.1419999897480011, 750], [0.8944000005722046, 0.14919999241828918, 768]], "xlm-roberta-base": [[0.667199969291687, 0.004999999888241291, 100], [0.7871999740600586, 0.0011999999405816197, 150], [0.7983999848365784, 0.002199999988079071, 200], [0.8271999955177307, 0.0015999999595806003, 250], [0.8335999846458435, 0.001999999862164259, 300], [0.8623999953269958, 0.0017999999690800905, 350], [0.8664000034332275, 0.002199999988079071, 400], [0.8815999627113342, 0.0026000000070780516, 450], [0.8751999735832214, 0.00279999990016222, 500], [0.8759999871253967, 0.0017999999690800905, 550], [0.8703999519348145, 0.00279999990016222, 600], [0.8791999816894531, 0.0026000000070780516, 650], [0.8887999653816223, 0.0026000000070780516, 700], [0.8479999899864197, 0.0037999998312443495, 750], [0.8495999574661255, 0.003599999938160181, 768]], "ernie-m-base_pytorch": [[0.7839999794960022, 0.014599999412894249, 100], [0.8423999547958374, 0.01759999990463257, 150], [0.8607999682426453, 0.011599999852478504, 200], [0.8840000033378601, 0.012399999424815178, 250], [0.8863999843597412, 0.017999999225139618, 300], [0.9016000032424927, 0.01939999870955944, 350], [0.9047999978065491, 0.02419999986886978, 400], [0.9095999598503113, 0.026200000196695328, 450], [0.9175999760627747, 0.02199999988079071, 500], [0.9264000058174133, 0.01679999940097332, 550], [0.9120000004768372, 0.015599999576807022, 600], [0.920799970626831, 0.016599999740719795, 650], [0.91839998960495, 0.01759999990463257, 700], [0.9264000058174133, 0.016999999061226845, 750], [0.9264000058174133, 0.015799999237060547, 768]]}, "lcc": {"bert-base-multilingual-uncased": [[0.7383999824523926, 0.004600000102072954, 100], [0.8247999548912048, 0.006399999838322401, 150], [0.8551999926567078, 0.005399999674409628, 200], [0.8815999627113342, 0.004399999976158142, 250], [0.9023999571800232, 0.0037999998312443495, 300], [0.9143999814987183, 0.003999999724328518, 350], [0.9175999760627747, 0.005799999926239252, 400], [0.9111999869346619, 0.00559999980032444, 450], [0.913599967956543, 0.006799999624490738, 500], [0.9175999760627747, 0.006799999624490738, 550], [0.9231999516487122, 0.007199999876320362, 600], [0.9264000058174133, 0.007799999788403511, 650], [0.925599992275238, 0.008200000040233135, 700], [0.9264000058174133, 0.006599999964237213, 750], [0.9271999597549438, 0.006599999964237213, 768]], "mt5-base": [[0.7215999960899353, 0.04899999871850014, 100], [0.7871999740600586, 0.08379999548196793, 150], [0.8312000036239624, 0.10279999673366547, 200], [0.85999995470047, 0.10480000078678131, 250], [0.8543999791145325, 0.09099999815225601, 300], [0.8655999898910522, 0.09779999405145645, 350], [0.8751999735832214, 0.1136000007390976, 400], [0.8639999628067017, 0.09879999607801437, 450], [0.8711999654769897, 0.10480000078678131, 500], [0.8791999816894531, 0.11059999465942383, 550], [0.8823999762535095, 0.11739999800920486, 600], [0.8895999789237976, 0.1273999959230423, 650], [0.8912000060081482, 0.13220000267028809, 700], [0.8959999680519104, 0.1419999897480011, 750], [0.8967999815940857, 0.14919999241828918, 768]], "xlm-roberta-base": [[0.6295999884605408, 0.004999999888241291, 100], [0.6775999665260315, 0.0011999999405816197, 150], [0.7039999961853027, 0.002199999988079071, 200], [0.7608000040054321, 0.0015999999595806003, 250], [0.7807999849319458, 0.001999999862164259, 300], [0.818399965763092, 0.0017999999690800905, 350], [0.8351999521255493, 0.002199999988079071, 400], [0.8463999629020691, 0.0026000000070780516, 450], [0.8423999547958374, 0.00279999990016222, 500], [0.8479999899864197, 0.0017999999690800905, 550], [0.8551999926567078, 0.00279999990016222, 600], [0.8679999709129333, 0.0026000000070780516, 650], [0.871999979019165, 0.0026000000070780516, 700], [0.871999979019165, 0.0037999998312443495, 750], [0.8759999871253967, 0.003599999938160181, 768]], "ernie-m-base_pytorch": [[0.7623999714851379, 0.014599999412894249, 100], [0.7975999712944031, 0.01759999990463257, 150], [0.8015999794006348, 0.011599999852478504, 200], [0.8343999981880188, 0.012399999424815178, 250], [0.848800003528595, 0.017999999225139618, 300], [0.8519999980926514, 0.01939999870955944, 350], [0.8679999709129333, 0.02419999986886978, 400], [0.8775999546051025, 0.026200000196695328, 450], [0.8671999573707581, 0.02199999988079071, 500], [0.8815999627113342, 0.01679999940097332, 550], [0.8823999762535095, 0.015599999576807022, 600], [0.8944000005722046, 0.016599999740719795, 650], [0.8991999626159668, 0.01759999990463257, 700], [0.9047999978065491, 0.016999999061226845, 750], [0.9047999978065491, 0.015799999237060547, 768]]}, "nnca": {"bert-base-multilingual-uncased": [[0.05119999870657921, 0.004600000102072954, 100], [0.12559999525547028, 0.006399999838322401, 150], [0.21279999613761902, 0.005399999674409628, 200], [0.15760000050067902, 0.004399999976158142, 250], [0.26080000400543213, 0.0037999998312443495, 300], [0.3887999951839447, 0.003999999724328518, 350], [0.3783999979496002, 0.005799999926239252, 400], [0.46639999747276306, 0.00559999980032444, 450], [0.4399999976158142, 0.006799999624490738, 500], [0.47599998116493225, 0.006799999624490738, 550], [0.3831999897956848, 0.007199999876320362, 600], [0.46719998121261597, 0.007799999788403511, 650], [0.47759997844696045, 0.008200000040233135, 700], [0.41359999775886536, 0.006599999964237213, 750], [0.43199998140335083, 0.006599999964237213, 768]], "mt5-base": [[0.12879998981952667, 0.04899999871850014, 100], [0.19599999487400055, 0.08379999548196793, 150], [0.17999999225139618, 0.10279999673366547, 200], [0.17919999361038208, 0.10480000078678131, 250], [0.2791999876499176, 0.09099999815225601, 300], [0.30719998478889465, 0.09779999405145645, 350], [0.31759998202323914, 0.1136000007390976, 400], [0.274399995803833, 0.09879999607801437, 450], [0.31599998474121094, 0.10480000078678131, 500], [0.36479997634887695, 0.11059999465942383, 550], [0.35920000076293945, 0.11739999800920486, 600], [0.31919997930526733, 0.1273999959230423, 650], [0.36399999260902405, 0.13220000267028809, 700], [0.459199994802475, 0.1419999897480011, 750], [0.41279998421669006, 0.14919999241828918, 768]],