{"ro-de": {"lca": {"bert-base-multilingual-uncased": [[0.8375999927520752, 0.025599999353289604, 100], [0.9088000059127808, 0.032999999821186066, 150], [0.9239999651908875, 0.02539999969303608, 200], [0.9383999705314636, 0.02199999988079071, 250], [0.9335999488830566, 0.03619999811053276, 300], [0.9431999921798706, 0.057999998331069946, 350], [0.9407999515533447, 0.07959999889135361, 400], [0.946399986743927, 0.07999999821186066, 450], [0.9495999813079834, 0.09679999947547913, 500], [0.9527999758720398, 0.10480000078678131, 550], [0.9487999677658081, 0.11919999867677689, 600], [0.9495999813079834, 0.12159999459981918, 650], [0.9567999839782715, 0.10859999805688858, 700], [0.9559999704360962, 0.11299999803304672, 750], [0.9511999487876892, 0.10700000077486038, 768]], "mt5-base": [[0.8159999847412109, 0.10599999874830246, 100], [0.8727999925613403, 0.12999999523162842, 150], [0.8912000060081482, 0.13499999046325684, 200], [0.9047999978065491, 0.1762000024318695, 250], [0.8999999761581421, 0.2303999960422516, 300], [0.9023999571800232, 0.2465999871492386, 350], [0.9151999950408936, 0.2857999801635742, 400], [0.9088000059127808, 0.3093999922275543, 450], [0.9143999814987183, 0.31619998812675476, 500], [0.913599967956543, 0.33820000290870667, 550], [0.9143999814987183, 0.31619998812675476, 600], [0.9215999841690063, 0.37219998240470886, 650], [0.920799970626831, 0.39399999380111694, 700], [0.9215999841690063, 0.3999999761581421, 750], [0.925599992275238, 0.4087999761104584, 768]], "xlm-roberta-base": [[0.7623999714851379, 0.014800000004470348, 100], [0.823199987411499, 0.0015999999595806003, 150], [0.8327999711036682, 0.004600000102072954, 200], [0.8695999979972839, 0.007400000002235174, 250], [0.8671999573707581, 0.016200000420212746, 300], [0.8895999789237976, 0.01640000008046627, 350], [0.8951999545097351, 0.01640000008046627, 400], [0.9031999707221985, 0.023799998685717583, 450], [0.9063999652862549, 0.053599998354911804, 500], [0.9088000059127808, 0.04019999876618385, 550], [0.8999999761581421, 0.034199997782707214, 600], [0.9088000059127808, 0.03680000081658363, 650], [0.9063999652862549, 0.04039999842643738, 700], [0.9047999978065491, 0.009800000116229057, 750], [0.9023999571800232, 0.009599999524652958, 768]], "ernie-m-base_pytorch": [[0.8399999737739563, 0.07660000026226044, 100], [0.8535999655723572, 0.06619999557733536, 150], [0.8535999655723572, 0.08419999480247498, 200], [0.8855999708175659, 0.125, 250], [0.8807999491691589, 0.07739999890327454, 300], [0.9007999897003174, 0.11659999936819077, 350], [0.9143999814987183, 0.147599995136261, 400], [0.9095999598503113, 0.17499999701976776, 450], [0.9088000059127808, 0.11679999530315399, 500], [0.9095999598503113, 0.10199999809265137, 550], [0.913599967956543, 0.05299999937415123, 600], [0.9239999651908875, 0.0559999980032444, 650], [0.925599992275238, 0.05959999933838844, 700], [0.9223999977111816, 0.04899999871850014, 750], [0.925599992275238, 0.04839999973773956, 768]]}, "lcc": {"bert-base-multilingual-uncased": [[0.8159999847412109, 0.025599999353289604, 100], [0.8855999708175659, 0.032999999821186066, 150], [0.9103999733924866, 0.02539999969303608, 200], [0.9287999868392944, 0.02199999988079071, 250], [0.9375999569892883, 0.03619999811053276, 300], [0.9391999840736389, 0.057999998331069946, 350], [0.9511999487876892, 0.07959999889135361, 400], [0.9423999786376953, 0.07999999821186066, 450], [0.9447999596595764, 0.09679999947547913, 500], [0.9535999894142151, 0.10480000078678131, 550], [0.9535999894142151, 0.11919999867677689, 600], [0.9559999704360962, 0.12159999459981918, 650], [0.9567999839782715, 0.10859999805688858, 700], [0.9583999514579773, 0.11299999803304672, 750], [0.9575999975204468, 0.10700000077486038, 768]], "mt5-base": [[0.7455999851226807, 0.10599999874830246, 100], [0.8127999901771545, 0.12999999523162842, 150], [0.843999981880188, 0.13499999046325684, 200], [0.8655999898910522, 0.1762000024318695, 250], [0.8503999710083008, 0.2303999960422516, 300], [0.8695999979972839, 0.2465999871492386, 350], [0.8743999600410461, 0.2857999801635742, 400], [0.85999995470047, 0.3093999922275543, 450], [0.8687999844551086, 0.31619998812675476, 500], [0.8751999735832214, 0.33820000290870667, 550], [0.8791999816894531, 0.31619998812675476, 600], [0.8847999572753906, 0.37219998240470886, 650], [0.8847999572753906, 0.39399999380111694, 700], [0.892799973487854, 0.3999999761581421, 750], [0.8983999490737915, 0.4087999761104584, 768]], "xlm-roberta-base": [[0.7335999608039856, 0.014800000004470348, 100], [0.7543999552726746, 0.0015999999595806003, 150], [0.7967999577522278, 0.004600000102072954, 200], [0.8471999764442444, 0.007400000002235174, 250], [0.8567999601364136, 0.016200000420212746, 300], [0.8791999816894531, 0.01640000008046627, 350], [0.8959999680519104, 0.01640000008046627, 400], [0.9023999571800232, 0.023799998685717583, 450], [0.8919999599456787, 0.053599998354911804, 500], [0.9007999897003174, 0.04019999876618385, 550], [0.9016000032424927, 0.034199997782707214, 600], [0.9088000059127808, 0.03680000081658363, 650], [0.9175999760627747, 0.04039999842643738, 700], [0.9199999570846558, 0.009800000116229057, 750], [0.920799970626831, 0.009599999524652958, 768]], "ernie-m-base_pytorch": [[0.8159999847412109, 0.07660000026226044, 100], [0.8479999899864197, 0.06619999557733536, 150], [0.8639999628067017, 0.08419999480247498, 200], [0.8855999708175659, 0.125, 250], [0.8935999870300293, 0.07739999890327454, 300], [0.9031999707221985, 0.11659999936819077, 350], [0.9031999707221985, 0.147599995136261, 400], [0.9127999544143677, 0.17499999701976776, 450], [0.913599967956543, 0.11679999530315399, 500], [0.91839998960495, 0.10199999809265137, 550], [0.9175999760627747, 0.05299999937415123, 600], [0.9264000058174133, 0.0559999980032444, 650], [0.9271999597549438, 0.05959999933838844, 700], [0.9287999868392944, 0.04899999871850014, 750], [0.9287999868392944, 0.04839999973773956, 768]]}, "nnca": {"bert-base-multilingual-uncased": [[0.1679999977350235, 0.025599999353289604, 100], [0.3335999846458435, 0.032999999821186066, 150], [0.3951999843120575, 0.02539999969303608, 200], [0.47200000286102295, 0.02199999988079071, 250], [0.5464000105857849, 0.03619999811053276, 300], [0.5471999645233154, 0.057999998331069946, 350], [0.5311999917030334, 0.07959999889135361, 400], [0.5184000134468079, 0.07999999821186066, 450], [0.5888000130653381, 0.09679999947547913, 500], [0.6335999965667725, 0.10480000078678131, 550], [0.5351999998092651, 0.11919999867677689, 600], [0.6255999803543091, 0.12159999459981918, 650], [0.671999990940094, 0.10859999805688858, 700], [0.6319999694824219, 0.11299999803304672, 750], [0.6367999911308289, 0.10700000077486038, 768]], "mt5-base": [[0.11759999394416809, 0.10599999874830246, 100], [0.2791999876499176, 0.12999999523162842, 150], [0.40959998965263367, 0.13499999046325684, 200], [0.5952000021934509, 0.1762000024318695, 250], [0.6223999857902527, 0.2303999960422516, 300], [0.5672000050544739, 0.2465999871492386, 350], [0.7063999772071838, 0.2857999801635742, 400], [0.753600001335144, 0.3093999922275543, 450], [0.7591999769210815, 0.31619998812675476, 500], [0.676800012588501, 0.33820000290870667, 550], [0.7215999960899353, 0.31619998812675476, 600], [0.7576000094413757, 0.37219998240470886, 650], [0.7687999606132507, 0.39399999380111694, 700], [0.7271999716758728, 0.3999999761581421, 750], [0.7583999633789062, 0.4087999761104584, 768]],