{"ro-fr": {"lca": {"bert-base-multilingual-uncased": [[0.9231999516487122, 0.008200000040233135, 100], [0.9447999596595764, 0.029199998825788498, 150], [0.9527999758720398, 0.05079999938607216, 200], [0.9559999704360962, 0.041999999433755875, 250], [0.9607999920845032, 0.053199999034404755, 300], [0.9648000001907349, 0.0705999955534935, 350], [0.9648000001907349, 0.09959999471902847, 400], [0.9679999947547913, 0.12780000269412994, 450], [0.9687999486923218, 0.14479999244213104, 500], [0.9703999757766724, 0.14839999377727509, 550], [0.9687999486923218, 0.1762000024318695, 600], [0.967199981212616, 0.1955999881029129, 650], [0.9663999676704407, 0.17719998955726624, 700], [0.967199981212616, 0.17019999027252197, 750], [0.9663999676704407, 0.16859999299049377, 768]], "mt5-base": [[0.823199987411499, 0.13220000267028809, 100], [0.8783999681472778, 0.18879999220371246, 150], [0.8919999599456787, 0.22360000014305115, 200], [0.9031999707221985, 0.23999999463558197, 250], [0.9031999707221985, 0.21859999001026154, 300], [0.9063999652862549, 0.21539999544620514, 350], [0.9095999598503113, 0.27320000529289246, 400], [0.9088000059127808, 0.2733999788761139, 450], [0.9103999733924866, 0.28839999437332153, 500], [0.9095999598503113, 0.3041999936103821, 550], [0.913599967956543, 0.3019999861717224, 600], [0.9071999788284302, 0.31679999828338623, 650], [0.9088000059127808, 0.3369999825954437, 700], [0.9071999788284302, 0.3346000015735626, 750], [0.9071999788284302, 0.34219998121261597, 768]], "xlm-roberta-base": [[0.7975999712944031, 0.016999999061226845, 100], [0.8511999845504761, 0.01719999872148037, 150], [0.8399999737739563, 0.01939999870955944, 200], [0.8736000061035156, 0.024000000208616257, 250], [0.8695999979972839, 0.05260000005364418, 300], [0.8855999708175659, 0.045399997383356094, 350], [0.892799973487854, 0.04859999939799309, 400], [0.9039999842643738, 0.06019999831914902, 450], [0.9016000032424927, 0.05079999938607216, 500], [0.8991999626159668, 0.05859999731183052, 550], [0.8944000005722046, 0.11059999465942383, 600], [0.9031999707221985, 0.10999999940395355, 650], [0.9079999923706055, 0.11099999397993088, 700], [0.8999999761581421, 0.05379999801516533, 750], [0.8991999626159668, 0.055799998342990875, 768]], "ernie-m-base_pytorch": [[0.8583999872207642, 0.05819999799132347, 100], [0.8703999519348145, 0.08779999613761902, 150], [0.8615999817848206, 0.10499999672174454, 200], [0.8831999897956848, 0.1371999979019165, 250], [0.8847999572753906, 0.13840000331401825, 300], [0.8991999626159668, 0.16099999845027924, 350], [0.9120000004768372, 0.19539999961853027, 400], [0.9127999544143677, 0.23519998788833618, 450], [0.9016000032424927, 0.13979999721050262, 500], [0.9031999707221985, 0.15699999034404755, 550], [0.9103999733924866, 0.09999999403953552, 600], [0.9143999814987183, 0.10740000009536743, 650], [0.91839998960495, 0.11239999532699585, 700], [0.9175999760627747, 0.10659999400377274, 750], [0.920799970626831, 0.10379999876022339, 768]]}, "lcc": {"bert-base-multilingual-uncased": [[0.9071999788284302, 0.008200000040233135, 100], [0.9296000003814697, 0.029199998825788498, 150], [0.9440000057220459, 0.05079999938607216, 200], [0.9487999677658081, 0.041999999433755875, 250], [0.9527999758720398, 0.053199999034404755, 300], [0.9559999704360962, 0.0705999955534935, 350], [0.9591999650001526, 0.09959999471902847, 400], [0.9648000001907349, 0.12780000269412994, 450], [0.9655999541282654, 0.14479999244213104, 500], [0.9599999785423279, 0.14839999377727509, 550], [0.9607999920845032, 0.1762000024318695, 600], [0.9631999731063843, 0.1955999881029129, 650], [0.9639999866485596, 0.17719998955726624, 700], [0.9648000001907349, 0.17019999027252197, 750], [0.9655999541282654, 0.16859999299049377, 768]], "mt5-base": [[0.7807999849319458, 0.13220000267028809, 100], [0.8303999900817871, 0.18879999220371246, 150], [0.8592000007629395, 0.22360000014305115, 200], [0.8775999546051025, 0.23999999463558197, 250], [0.8727999925613403, 0.21859999001026154, 300], [0.8840000033378601, 0.21539999544620514, 350], [0.8815999627113342, 0.27320000529289246, 400], [0.876800000667572, 0.2733999788761139, 450], [0.8751999735832214, 0.28839999437332153, 500], [0.8791999816894531, 0.3041999936103821, 550], [0.8799999952316284, 0.3019999861717224, 600], [0.8855999708175659, 0.31679999828338623, 650], [0.887999951839447, 0.3369999825954437, 700], [0.892799973487854, 0.3346000015735626, 750], [0.8935999870300293, 0.34219998121261597, 768]], "xlm-roberta-base": [[0.7615999579429626, 0.016999999061226845, 100], [0.774399995803833, 0.01719999872148037, 150], [0.8095999956130981, 0.01939999870955944, 200], [0.8471999764442444, 0.024000000208616257, 250], [0.8759999871253967, 0.05260000005364418, 300], [0.892799973487854, 0.045399997383356094, 350], [0.8991999626159668, 0.04859999939799309, 400], [0.9047999978065491, 0.06019999831914902, 450], [0.8951999545097351, 0.05079999938607216, 500], [0.897599995136261, 0.05859999731183052, 550], [0.9088000059127808, 0.11059999465942383, 600], [0.9159999489784241, 0.10999999940395355, 650], [0.9175999760627747, 0.11099999397993088, 700], [0.920799970626831, 0.05379999801516533, 750], [0.920799970626831, 0.055799998342990875, 768]], "ernie-m-base_pytorch": [[0.8312000036239624, 0.05819999799132347, 100], [0.8575999736785889, 0.08779999613761902, 150], [0.8655999898910522, 0.10499999672174454, 200], [0.8903999924659729, 0.1371999979019165, 250], [0.897599995136261, 0.13840000331401825, 300], [0.8999999761581421, 0.16099999845027924, 350], [0.9120000004768372, 0.19539999961853027, 400], [0.9199999570846558, 0.23519998788833618, 450], [0.9095999598503113, 0.13979999721050262, 500], [0.9143999814987183, 0.15699999034404755, 550], [0.913599967956543, 0.09999999403953552, 600], [0.9175999760627747, 0.10740000009536743, 650], [0.9215999841690063, 0.11239999532699585, 700], [0.9239999651908875, 0.10659999400377274, 750], [0.9239999651908875, 0.10379999876022339, 768]]}, "nnca": {"bert-base-multilingual-uncased": [[0.13599999248981476, 0.008200000040233135, 100], [0.295199990272522, 0.029199998825788498, 150], [0.42399999499320984, 0.05079999938607216, 200], [0.31520000100135803, 0.041999999433755875, 250], [0.6503999829292297, 0.053199999034404755, 300], [0.5568000078201294, 0.0705999955534935, 350], [0.7583999633789062, 0.09959999471902847, 400], [0.7231999635696411, 0.12780000269412994, 450], [0.6976000070571899, 0.14479999244213104, 500], [0.7239999771118164, 0.14839999377727509, 550], [0.8319999575614929, 0.1762000024318695, 600], [0.8295999765396118, 0.1955999881029129, 650], [0.7287999987602234, 0.17719998955726624, 700], [0.8175999522209167, 0.17019999027252197, 750], [0.8032000064849854, 0.16859999299049377, 768]], "mt5-base": [[0.23359999060630798, 0.13220000267028809, 100], [0.41519999504089355, 0.18879999220371246, 150], [0.5831999778747559, 0.22360000014305115, 200], [0.6287999749183655, 0.23999999463558197, 250], [0.6344000101089478, 0.21859999001026154, 300], [0.6207999587059021, 0.21539999544620514, 350], [0.7295999526977539, 0.27320000529289246, 400], [0.63919997215271, 0.2733999788761139, 450], [0.6383999586105347, 0.28839999437332153, 500], [0.6696000099182129, 0.3041999936103821, 550], [0.6800000071525574, 0.3019999861717224, 600], [0.715999960899353, 0.31679999828338623, 650], [0.7080000042915344, 0.3369999825954437, 700], [0.7407999634742737, 0.3346000015735626, 750], [0.7432000041007996, 0.34219998121261597, 768]],