{"ro-nl": {"lca": {"bert-base-multilingual-uncased": [[0.7847999930381775, 0.003599999938160181, 100], [0.8655999898910522, 0.012999999336898327, 150], [0.8863999843597412, 0.013599999248981476, 200], [0.9007999897003174, 0.017999999225139618, 250], [0.9103999733924866, 0.020800000056624413, 300], [0.9151999950408936, 0.03519999980926514, 350], [0.9192000031471252, 0.053599998354911804, 400], [0.9199999570846558, 0.061400000005960464, 450], [0.9247999787330627, 0.06499999761581421, 500], [0.9287999868392944, 0.07959999889135361, 550], [0.9264000058174133, 0.08779999613761902, 600], [0.920799970626831, 0.09619999676942825, 650], [0.9223999977111816, 0.07639999687671661, 700], [0.9192000031471252, 0.06260000169277191, 750], [0.9223999977111816, 0.06019999831914902, 768]], "mt5-base": [[0.7888000011444092, 0.0973999947309494, 100], [0.8592000007629395, 0.15060000121593475, 150], [0.8863999843597412, 0.19020000100135803, 200], [0.9007999897003174, 0.19779999554157257, 250], [0.9016000032424927, 0.1833999902009964, 300], [0.9023999571800232, 0.23199999332427979, 350], [0.9055999517440796, 0.2621999979019165, 400], [0.8983999490737915, 0.27140000462532043, 450], [0.9023999571800232, 0.2821999788284302, 500], [0.9071999788284302, 0.29679998755455017, 550], [0.913599967956543, 0.26759999990463257, 600], [0.9111999869346619, 0.2906000018119812, 650], [0.9127999544143677, 0.31939998269081116, 700], [0.9143999814987183, 0.3199999928474426, 750], [0.9103999733924866, 0.3269999921321869, 768]], "xlm-roberta-base": [[0.6919999718666077, 0.007799999788403511, 100], [0.7495999932289124, 0.00419999985024333, 150], [0.7224000096321106, 0.004600000102072954, 200], [0.7895999550819397, 0.004399999976158142, 250], [0.7856000065803528, 0.010400000028312206, 300], [0.8175999522209167, 0.014800000004470348, 350], [0.8416000008583069, 0.016599999740719795, 400], [0.8615999817848206, 0.017799999564886093, 450], [0.8639999628067017, 0.0429999977350235, 500], [0.8655999898910522, 0.03460000082850456, 550], [0.8575999736785889, 0.03280000016093254, 600], [0.8671999573707581, 0.030799999833106995, 650], [0.876800000667572, 0.02879999950528145, 700], [0.8399999737739563, 0.03199999779462814, 750], [0.8351999521255493, 0.03099999949336052, 768]], "ernie-m-base_pytorch": [[0.8071999549865723, 0.03399999812245369, 100], [0.8127999901771545, 0.0543999969959259, 150], [0.7928000092506409, 0.07180000096559525, 200], [0.8463999629020691, 0.10399999469518661, 250], [0.8384000062942505, 0.0957999974489212, 300], [0.8639999628067017, 0.11959999799728394, 350], [0.876800000667572, 0.13199999928474426, 400], [0.8863999843597412, 0.14159999787807465, 450], [0.8871999979019165, 0.0729999989271164, 500], [0.8863999843597412, 0.061799999326467514, 550], [0.8855999708175659, 0.029399998486042023, 600], [0.8912000060081482, 0.03099999949336052, 650], [0.8991999626159668, 0.03179999813437462, 700], [0.8983999490737915, 0.03099999949336052, 750], [0.9007999897003174, 0.03019999898970127, 768]]}, "lcc": {"bert-base-multilingual-uncased": [[0.7511999607086182, 0.003599999938160181, 100], [0.8399999737739563, 0.012999999336898327, 150], [0.8695999979972839, 0.013599999248981476, 200], [0.8887999653816223, 0.017999999225139618, 250], [0.8999999761581421, 0.020800000056624413, 300], [0.9047999978065491, 0.03519999980926514, 350], [0.9111999869346619, 0.053599998354911804, 400], [0.9103999733924866, 0.061400000005960464, 450], [0.9167999625205994, 0.06499999761581421, 500], [0.9215999841690063, 0.07959999889135361, 550], [0.9239999651908875, 0.08779999613761902, 600], [0.9296000003814697, 0.09619999676942825, 650], [0.9311999678611755, 0.07639999687671661, 700], [0.9327999949455261, 0.06260000169277191, 750], [0.9375999569892883, 0.06019999831914902, 768]], "mt5-base": [[0.6991999745368958, 0.0973999947309494, 100], [0.7767999768257141, 0.15060000121593475, 150], [0.8375999927520752, 0.19020000100135803, 200], [0.8664000034332275, 0.19779999554157257, 250], [0.8592000007629395, 0.1833999902009964, 300], [0.8623999953269958, 0.23199999332427979, 350], [0.8655999898910522, 0.2621999979019165, 400], [0.8416000008583069, 0.27140000462532043, 450], [0.8495999574661255, 0.2821999788284302, 500], [0.8543999791145325, 0.29679998755455017, 550], [0.8631999492645264, 0.26759999990463257, 600], [0.8671999573707581, 0.2906000018119812, 650], [0.871999979019165, 0.31939998269081116, 700], [0.876800000667572, 0.3199999928474426, 750], [0.8775999546051025, 0.3269999921321869, 768]], "xlm-roberta-base": [[0.646399974822998, 0.007799999788403511, 100], [0.651199996471405, 0.00419999985024333, 150], [0.7031999826431274, 0.004600000102072954, 200], [0.7759999632835388, 0.004399999976158142, 250], [0.7879999876022339, 0.010400000028312206, 300], [0.8199999928474426, 0.014800000004470348, 350], [0.8359999656677246, 0.016599999740719795, 400], [0.8543999791145325, 0.017799999564886093, 450], [0.8511999845504761, 0.0429999977350235, 500], [0.8575999736785889, 0.03460000082850456, 550], [0.8703999519348145, 0.03280000016093254, 600], [0.876800000667572, 0.030799999833106995, 650], [0.8791999816894531, 0.02879999950528145, 700], [0.8759999871253967, 0.03199999779462814, 750], [0.8799999952316284, 0.03099999949336052, 768]], "ernie-m-base_pytorch": [[0.7687999606132507, 0.03399999812245369, 100], [0.8071999549865723, 0.0543999969959259, 150], [0.8136000037193298, 0.07180000096559525, 200], [0.8527999520301819, 0.10399999469518661, 250], [0.8687999844551086, 0.0957999974489212, 300], [0.8727999925613403, 0.11959999799728394, 350], [0.8903999924659729, 0.13199999928474426, 400], [0.8951999545097351, 0.14159999787807465, 450], [0.8887999653816223, 0.0729999989271164, 500], [0.8944000005722046, 0.061799999326467514, 550], [0.892799973487854, 0.029399998486042023, 600], [0.9031999707221985, 0.03099999949336052, 650], [0.9111999869346619, 0.03179999813437462, 700], [0.9127999544143677, 0.03099999949336052, 750], [0.9151999950408936, 0.03019999898970127, 768]]}, "nnca": {"bert-base-multilingual-uncased": [[0.07360000163316727, 0.003599999938160181, 100], [0.1664000004529953, 0.012999999336898327, 150], [0.1703999936580658, 0.013599999248981476, 200], [0.21279999613761902, 0.017999999225139618, 250], [0.3224000036716461, 0.020800000056624413, 300], [0.25360000133514404, 0.03519999980926514, 350], [0.4071999788284302, 0.053599998354911804, 400], [0.31200000643730164, 0.061400000005960464, 450], [0.42399999499320984, 0.06499999761581421, 500], [0.47360000014305115, 0.07959999889135361, 550], [0.5327999591827393, 0.08779999613761902, 600], [0.4959999918937683, 0.09619999676942825, 650], [0.5503999590873718, 0.07639999687671661, 700], [0.4503999948501587, 0.06260000169277191, 750], [0.4407999813556671, 0.06019999831914902, 768]], "mt5-base": [[0.21439999341964722, 0.0973999947309494, 100], [0.23119999468326569, 0.15060000121593475, 150], [0.4943999946117401, 0.19020000100135803, 200], [0.46320000290870667, 0.19779999554157257, 250], [0.48319998383522034, 0.1833999902009964, 300], [0.5, 0.23199999332427979, 350], [0.4943999946117401, 0.2621999979019165, 400], [0.4551999866962433, 0.27140000462532043, 450], [0.5823999643325806, 0.2821999788284302, 500], [0.4927999973297119, 0.29679998755455017, 550], [0.5095999836921692, 0.26759999990463257, 600], [0.6520000100135803, 0.2906000018119812, 650], [0.6439999938011169, 0.31939998269081116, 700], [0.7271999716758728, 0.3199999928474426, 750], [0.6200000047683716, 0.3269999921321869, 768]],