{"de-en": {"bert-base-multilingual-uncased": [[0.9055999517440796, 0.024399999529123306, 100], [0.9503999948501587, 0.06260000169277191, 150], [0.962399959564209, 0.05159999802708626, 200], [0.9687999486923218, 0.05859999731183052, 250], [0.9767999649047852, 0.07800000160932541, 300], [0.9767999649047852, 0.10939999669790268, 350], [0.9775999784469604, 0.121799997985363, 400], [0.9775999784469604, 0.10700000077486038, 450], [0.974399983882904, 0.08379999548196793, 500], [0.974399983882904, 0.0714000016450882, 550], [0.974399983882904, 0.08980000019073486, 600], [0.9759999513626099, 0.08699999749660492, 650], [0.974399983882904, 0.09219999611377716, 700], [0.9775999784469604, 0.11299999803304672, 750], [0.9759999513626099, 0.10239999741315842, 768]], "mt5-base": [[0.8903999924659729, 0.13300000131130219, 100], [0.9192000031471252, 0.21379999816417694, 150], [0.9368000030517578, 0.2574000060558319, 200], [0.946399986743927, 0.2913999855518341, 250], [0.9375999569892883, 0.17080000042915344, 300], [0.9368000030517578, 0.1915999948978424, 350], [0.9487999677658081, 0.19839999079704285, 400], [0.946399986743927, 0.23519998788833618, 450], [0.9440000057220459, 0.24399998784065247, 500], [0.9503999948501587, 0.27399998903274536, 550], [0.9472000002861023, 0.2784000039100647, 600], [0.9455999732017517, 0.28999999165534973, 650], [0.946399986743927, 0.282399982213974, 700], [0.946399986743927, 0.30979999899864197, 750], [0.9487999677658081, 0.30660000443458557, 768]], "xlm-roberta-base": [[0.864799976348877, 0.021800000220537186, 100], [0.9223999977111816, 0.005799999926239252, 150], [0.9351999759674072, 0.012799999676644802, 200], [0.9567999839782715, 0.018400000408291817, 250], [0.9559999704360962, 0.026599999517202377, 300], [0.9639999866485596, 0.030399998649954796, 350], [0.9687999486923218, 0.025999998673796654, 400], [0.9679999947547913, 0.02539999969303608, 450], [0.9663999676704407, 0.03480000048875809, 500], [0.9631999731063843, 0.024399999529123306, 550], [0.9631999731063843, 0.03759999945759773, 600], [0.9655999541282654, 0.039799999445676804, 650], [0.9695999622344971, 0.029600000008940697, 700], [0.9615999460220337, 0.016200000420212746, 750], [0.9631999731063843, 0.016599999740719795, 768]], "ernie-m-base_pytorch": [[0.9551999568939209, 0.2149999886751175, 100], [0.9695999622344971, 0.2223999947309494, 150], [0.9751999974250793, 0.14579999446868896, 200], [0.9783999919891357, 0.20080000162124634, 250], [0.9775999784469604, 0.24539999663829803, 300], [0.9824000000953674, 0.3061999976634979, 350], [0.9839999675750732, 0.3369999825954437, 400], [0.9839999675750732, 0.35580000281333923, 450], [0.9839999675750732, 0.4350000023841858, 500], [0.9871999621391296, 0.4187999963760376, 550], [0.9847999811172485, 0.4733999967575073, 600], [0.9855999946594238, 0.4851999878883362, 650], [0.9863999485969543, 0.47039997577667236, 700], [0.9871999621391296, 0.358599990606308, 750], [0.9863999485969543, 0.3773999810218811, 768]]}}