{"de-en": {"bert-base-multilingual-uncased": [[0.872782826423645, 0.025084124878048897, 100], [0.9259938597679138, 0.06378097832202911, 150], [0.9504587054252625, 0.05078005790710449, 200], [0.963302731513977, 0.06133374199271202, 250], [0.9590213894844055, 0.07785255461931229, 300], [0.9639143347740173, 0.11333741992712021, 350], [0.9620794653892517, 0.12450291216373444, 400], [0.9700305461883545, 0.10737229138612747, 450], [0.9712538123130798, 0.08810034394264221, 500], [0.9700305461883545, 0.07402876019477844, 550], [0.9688073396682739, 0.0945243239402771, 600], [0.9724770188331604, 0.0914652869105339, 650], [0.9724770188331604, 0.09620679169893265, 700], [0.9730886816978455, 0.1200673058629036, 750], [0.9730886816978455, 0.10966657102108002, 768]], "mt5-base": [[0.8477063775062561, 0.11716121435165405, 100], [0.8935779333114624, 0.20174366235733032, 150], [0.9143730401992798, 0.240746408700943, 200], [0.9290519952774048, 0.27424290776252747, 250], [0.9217125177383423, 0.1622820496559143, 300], [0.9235473871231079, 0.17620068788528442, 350], [0.9302752017974854, 0.1899663656949997, 400], [0.9333333373069763, 0.2188742756843567, 450], [0.9376146793365479, 0.22514531016349792, 500], [0.9363914132118225, 0.2534414231777191, 550], [0.9400611519813538, 0.26246559619903564, 600], [0.9431192278862, 0.2734781503677368, 650], [0.9425076246261597, 0.2672071158885956, 700], [0.9418960213661194, 0.2936677932739258, 750], [0.9418960213661194, 0.2899969518184662, 768]], "xlm-roberta-base": [[0.8470947742462158, 0.0061180791817605495, 100], [0.895412802696228, 0.0019883757922798395, 150], [0.9137614369392395, 0.0065769352950155735, 200], [0.9351681470870972, 0.007188742980360985, 250], [0.9290519952774048, 0.00978892669081688, 300], [0.940672755241394, 0.00948302261531353, 350], [0.9504587054252625, 0.009941878728568554, 400], [0.9541284441947937, 0.011471398174762726, 450], [0.9584097862243652, 0.014224533922970295, 500], [0.9577981233596802, 0.010706638917326927, 550], [0.9504587054252625, 0.020189661532640457, 600], [0.9553516507148743, 0.020342612639069557, 650], [0.9559632539749146, 0.016977669671177864, 700], [0.9388378858566284, 0.010706638917326927, 750], [0.9363914132118225, 0.00978892669081688, 768]], "ernie-m-base_pytorch": [[0.9266054630279541, 0.20312023162841797, 100], [0.9529051780700684, 0.19883757829666138, 150], [0.9584097862243652, 0.13750383257865906, 200], [0.9675840735435486, 0.1942490190267563, 250], [0.9694189429283142, 0.24411135911941528, 300], [0.9749235510826111, 0.2973386347293854, 350], [0.9767583608627319, 0.3204343914985657, 400], [0.9767583608627319, 0.3383297920227051, 450], [0.9792048931121826, 0.403946191072464, 500], [0.9779816269874573, 0.37947386503219604, 550], [0.9767583608627319, 0.42413583397865295, 600], [0.9792048931121826, 0.42903029918670654, 650], [0.9804280996322632, 0.41235852241516113, 700], [0.9804280996322632, 0.29045581817626953, 750], [0.9816513657569885, 0.30253902077674866, 768]]}}