{"de-en": {"bert-base-multilingual-uncased": [[0.864831805229187, 0.025084123015403748, 100], [0.9162079691886902, 0.06378097087144852, 150], [0.9376146793365479, 0.050780054181814194, 200], [0.9492354989051819, 0.06133374199271202, 250], [0.9596330523490906, 0.07785255461931229, 300], [0.9584097862243652, 0.11333741247653961, 350], [0.9565749168395996, 0.12450290471315384, 400], [0.9614678621292114, 0.10737228393554688, 450], [0.9639143943786621, 0.08810033649206161, 500], [0.9669724702835083, 0.07402875274419785, 550], [0.9645259976387024, 0.0945243164896965, 600], [0.9675840735435486, 0.09146527945995331, 650], [0.9700306057929993, 0.09620679169893265, 700], [0.9694189429283142, 0.120067298412323, 750], [0.9688073396682739, 0.10966656357049942, 768]], "mt5-base": [[0.8134556412696838, 0.11716121435165405, 100], [0.8709480166435242, 0.20174364745616913, 150], [0.8990825414657593, 0.240746408700943, 200], [0.9137614965438843, 0.2740899324417114, 250], [0.9113149642944336, 0.1622820496559143, 300], [0.9204893112182617, 0.17620067298412323, 350], [0.9235473871231079, 0.1899663507938385, 400], [0.9149847030639648, 0.2188742756843567, 450], [0.9235473871231079, 0.22514531016349792, 500], [0.9204893112182617, 0.25359436869621277, 550], [0.9229357838630676, 0.26246559619903564, 600], [0.9217125177383423, 0.27347812056541443, 650], [0.9253822565078735, 0.26705414056777954, 700], [0.9284403920173645, 0.2936677932739258, 750], [0.9308868646621704, 0.28984397649765015, 768]], "xlm-roberta-base": [[0.8165137767791748, 0.006118078716099262, 100], [0.8721712827682495, 0.001988375559449196, 150], [0.8880733847618103, 0.006576934829354286, 200], [0.9198776483535767, 0.0071887425146996975, 250], [0.9284403920173645, 0.00978892669081688, 300], [0.9418960213661194, 0.00948302261531353, 350], [0.9516819715499878, 0.00994187779724598, 400], [0.9559633135795593, 0.011471398174762726, 450], [0.9461773633956909, 0.014224533922970295, 500], [0.9541284441947937, 0.010706637986004353, 550], [0.9529051780700684, 0.020189659669995308, 600], [0.9565749168395996, 0.020342612639069557, 650], [0.957798182964325, 0.016977669671177864, 700], [0.9565749168395996, 0.010706637986004353, 750], [0.9590213894844055, 0.00978892669081688, 768]], "ernie-m-base_pytorch": [[0.9162079691886902, 0.20312021672725677, 100], [0.9357798099517822, 0.19883756339550018, 150], [0.943730890750885, 0.1373508721590042, 200], [0.9522935748100281, 0.1942490041255951, 250], [0.957798182964325, 0.2441113442182541, 300], [0.9626911282539368, 0.2971856892108917, 350], [0.9700306057929993, 0.320281445980072, 400], [0.9743119478225708, 0.3383297622203827, 450], [0.9651376008987427, 0.4039461612701416, 500], [0.9694189429283142, 0.37932088971138, 550], [0.9639143943786621, 0.4242887794971466, 600], [0.9694189429283142, 0.4291832447052002, 650], [0.9712538123130798, 0.41235852241516113, 700], [0.9718654155731201, 0.29045578837394714, 750], [0.9712538123130798, 0.30253899097442627, 768]]}}