{"de-en": {"bert-base-multilingual-uncased": [[0.8807999491691589, 0.024399999529123306, 100], [0.9287999868392944, 0.06260000169277191, 150], [0.9527999758720398, 0.05159999802708626, 200], [0.9679999947547913, 0.05859999731183052, 250], [0.9711999893188477, 0.07800000160932541, 300], [0.9799999594688416, 0.10939999669790268, 350], [0.9791999459266663, 0.121799997985363, 400], [0.9799999594688416, 0.10700000077486038, 450], [0.9807999730110168, 0.08379999548196793, 500], [0.9751999974250793, 0.0714000016450882, 550], [0.9767999649047852, 0.08980000019073486, 600], [0.9751999974250793, 0.08699999749660492, 650], [0.9775999784469604, 0.09219999611377716, 700], [0.9791999459266663, 0.11299999803304672, 750], [0.9783999919891357, 0.10239999741315842, 768]], "mt5-base": [[0.8527999520301819, 0.13300000131130219, 100], [0.897599995136261, 0.21379999816417694, 150], [0.9247999787330627, 0.2574000060558319, 200], [0.9287999868392944, 0.2913999855518341, 250], [0.9311999678611755, 0.17080000042915344, 300], [0.9335999488830566, 0.1915999948978424, 350], [0.9383999705314636, 0.19839999079704285, 400], [0.9375999569892883, 0.23519998788833618, 450], [0.9391999840736389, 0.24399998784065247, 500], [0.9399999976158142, 0.27399998903274536, 550], [0.9383999705314636, 0.2784000039100647, 600], [0.9375999569892883, 0.28999999165534973, 650], [0.9368000030517578, 0.282399982213974, 700], [0.9375999569892883, 0.30979999899864197, 750], [0.9391999840736389, 0.30660000443458557, 768]], "xlm-roberta-base": [[0.8343999981880188, 0.021800000220537186, 100], [0.9047999978065491, 0.005799999926239252, 150], [0.9192000031471252, 0.012799999676644802, 200], [0.9359999895095825, 0.018400000408291817, 250], [0.9503999948501587, 0.026599999517202377, 300], [0.9575999975204468, 0.030399998649954796, 350], [0.962399959564209, 0.025999998673796654, 400], [0.9687999486923218, 0.02539999969303608, 450], [0.962399959564209, 0.03480000048875809, 500], [0.9655999541282654, 0.024399999529123306, 550], [0.9687999486923218, 0.03759999945759773, 600], [0.9711999893188477, 0.039799999445676804, 650], [0.974399983882904, 0.029600000008940697, 700], [0.9735999703407288, 0.016200000420212746, 750], [0.974399983882904, 0.016599999740719795, 768]], "ernie-m-base_pytorch": [[0.9447999596595764, 0.2149999886751175, 100], [0.9639999866485596, 0.2223999947309494, 150], [0.9639999866485596, 0.14579999446868896, 200], [0.9735999703407288, 0.20080000162124634, 250], [0.9767999649047852, 0.24539999663829803, 300], [0.9815999865531921, 0.3061999976634979, 350], [0.9839999675750732, 0.3369999825954437, 400], [0.9824000000953674, 0.35580000281333923, 450], [0.9775999784469604, 0.4350000023841858, 500], [0.9775999784469604, 0.4187999963760376, 550], [0.9799999594688416, 0.4733999967575073, 600], [0.9815999865531921, 0.4851999878883362, 650], [0.983199954032898, 0.47039997577667236, 700], [0.983199954032898, 0.358599990606308, 750], [0.9824000000953674, 0.3773999810218811, 768]]}}