{"de-en": {"bert-base-multilingual-uncased": [[0.30458715558052063, 0.025084123015403748, 100], [0.483180433511734, 0.06378097087144852, 150], [0.5510703325271606, 0.050780054181814194, 200], [0.684403657913208, 0.06133374199271202, 250], [0.5663608312606812, 0.07785255461931229, 300], [0.7137614488601685, 0.11333741247653961, 350], [0.7675840854644775, 0.12450290471315384, 400], [0.6703363656997681, 0.10737228393554688, 450], [0.7840978503227234, 0.08810033649206161, 500], [0.8318042755126953, 0.07402875274419785, 550], [0.8434250950813293, 0.0945243164896965, 600], [0.8807339668273926, 0.09146527945995331, 650], [0.819571852684021, 0.09620679169893265, 700], [0.8397553563117981, 0.120067298412323, 750], [0.7920489311218262, 0.10966656357049942, 768]], "mt5-base": [[0.29847094416618347, 0.11716121435165405, 100], [0.4171253740787506, 0.20174364745616913, 150], [0.585932731628418, 0.240746408700943, 200], [0.6446483135223389, 0.2740899324417114, 250], [0.6403669714927673, 0.1622820496559143, 300], [0.721100926399231, 0.17620067298412323, 350], [0.8036697506904602, 0.1899663507938385, 400], [0.7914373278617859, 0.2188742756843567, 450], [0.8091742992401123, 0.22514531016349792, 500], [0.8403669595718384, 0.25359436869621277, 550], [0.8036697506904602, 0.26246559619903564, 600], [0.8391437530517578, 0.27347812056541443, 650], [0.8379204869270325, 0.26705414056777954, 700], [0.8446483016014099, 0.2936677932739258, 750], [0.8489296436309814, 0.28984397649765015, 768]], "xlm-roberta-base": [[0.07706422358751297, 0.006118078716099262, 100], [0.078899085521698, 0.001988375559449196, 150], [0.11926605552434921, 0.006576934829354286, 200], [0.2293577939271927, 0.0071887425146996975, 250], [0.349235475063324, 0.00978892669081688, 300], [0.3510703444480896, 0.00948302261531353, 350], [0.47461774945259094, 0.00994187779724598, 400], [0.608562707901001, 0.011471398174762726, 450], [0.5957186818122864, 0.014224533922970295, 500], [0.6782874464988708, 0.010706637986004353, 550], [0.44159021973609924, 0.020189659669995308, 600], [0.49235475063323975, 0.020342612639069557, 650], [0.5272171497344971, 0.016977669671177864, 700], [0.16758409142494202, 0.010706637986004353, 750], [0.1296636015176773, 0.00978892669081688, 768]], "ernie-m-base_pytorch": [[0.5314984917640686, 0.20312021672725677, 100], [0.49969419836997986, 0.19883756339550018, 150], [0.6201834678649902, 0.1373508721590042, 200], [0.7474005818367004, 0.1942490041255951, 250], [0.8434250950813293, 0.2441113442182541, 300], [0.8440366983413696, 0.2971856892108917, 350], [0.8103975653648376, 0.320281445980072, 400], [0.8544342517852783, 0.3383297622203827, 450], [0.8685015439987183, 0.4039461612701416, 500], [0.8581039905548096, 0.37932088971138, 550], [0.8397553563117981, 0.4242887794971466, 600], [0.8666666746139526, 0.4291832447052002, 650], [0.8782874345779419, 0.41235852241516113, 700], [0.8587155938148499, 0.29045578837394714, 750], [0.8752293586730957, 0.30253899097442627, 768]]}}