{"de-en": {"bert-base-multilingual-uncased": [[0.3400000035762787, 0.024399999529123306, 100], [0.58160001039505, 0.06260000169277191, 150], [0.6583999991416931, 0.05159999802708626, 200], [0.6448000073432922, 0.05859999731183052, 250], [0.6959999799728394, 0.07800000160932541, 300], [0.8191999793052673, 0.10939999669790268, 350], [0.7591999769210815, 0.121799997985363, 400], [0.7975999712944031, 0.10700000077486038, 450], [0.8863999843597412, 0.08379999548196793, 500], [0.8871999979019165, 0.0714000016450882, 550], [0.8815999627113342, 0.08980000019073486, 600], [0.8631999492645264, 0.08699999749660492, 650], [0.8664000034332275, 0.09219999611377716, 700], [0.8791999816894531, 0.11299999803304672, 750], [0.8840000033378601, 0.10239999741315842, 768]], "mt5-base": [[0.2856000065803528, 0.13300000131130219, 100], [0.40959998965263367, 0.21379999816417694, 150], [0.5447999835014343, 0.2574000060558319, 200], [0.5848000049591064, 0.2913999855518341, 250], [0.6759999990463257, 0.17080000042915344, 300], [0.7807999849319458, 0.1915999948978424, 350], [0.7775999903678894, 0.19839999079704285, 400], [0.8127999901771545, 0.23519998788833618, 450], [0.823199987411499, 0.24399998784065247, 500], [0.8535999655723572, 0.27399998903274536, 550], [0.8687999844551086, 0.2784000039100647, 600], [0.8471999764442444, 0.28999999165534973, 650], [0.8919999599456787, 0.282399982213974, 700], [0.876800000667572, 0.30979999899864197, 750], [0.8823999762535095, 0.30660000443458557, 768]], "xlm-roberta-base": [[0.09679999947547913, 0.021800000220537186, 100], [0.12479999661445618, 0.005799999926239252, 150], [0.13679999113082886, 0.012799999676644802, 200], [0.19280000030994415, 0.018400000408291817, 250], [0.36399999260902405, 0.026599999517202377, 300], [0.2800000011920929, 0.030399998649954796, 350], [0.4519999921321869, 0.025999998673796654, 400], [0.5311999917030334, 0.02539999969303608, 450], [0.4599999785423279, 0.03480000048875809, 500], [0.592799961566925, 0.024399999529123306, 550], [0.446399986743927, 0.03759999945759773, 600], [0.48399999737739563, 0.039799999445676804, 650], [0.5687999725341797, 0.029600000008940697, 700], [0.2303999960422516, 0.016200000420212746, 750], [0.2768000066280365, 0.016599999740719795, 768]], "ernie-m-base_pytorch": [[0.6255999803543091, 0.2149999886751175, 100], [0.5343999862670898, 0.2223999947309494, 150], [0.6823999881744385, 0.14579999446868896, 200], [0.7784000039100647, 0.20080000162124634, 250], [0.8447999954223633, 0.24539999663829803, 300], [0.8639999628067017, 0.3061999976634979, 350], [0.8631999492645264, 0.3369999825954437, 400], [0.876800000667572, 0.35580000281333923, 450], [0.8727999925613403, 0.4350000023841858, 500], [0.8775999546051025, 0.4187999963760376, 550], [0.8575999736785889, 0.4733999967575073, 600], [0.8999999761581421, 0.4851999878883362, 650], [0.892799973487854, 0.47039997577667236, 700], [0.9088000059127808, 0.358599990606308, 750], [0.8887999653816223, 0.3773999810218811, 768]]}}