{"de-nl": {"bert-base-multilingual-uncased": [[0.9332790214087308, 0.03972917250890478, 100], [0.9648133078270693, 0.07079585216989188, 150], [0.9715589187893792, 0.11732450009699077, 200], [0.9794729329040486, 0.16429101254038592, 250], [0.9791462932106529, 0.19988794704754814, 300], [0.9803275752817038, 0.21082969326361728, 350], [0.9829474126041854, 0.23431108883911705, 400], [0.9823466246575184, 0.21812756756196766, 450], [0.9813841423708137, 0.2262254646958212, 500], [0.9830289420095505, 0.2576881992067684, 550], [0.9859644208890307, 0.2650919367435805, 600], [0.9887573655553069, 0.2533836914088077, 650], [0.9886757698598958, 0.257685335350342, 700], [0.9872281400296917, 0.24058915103853937, 750], [0.9875645227449023, 0.2406945735998267, 768]], "mt5-base": [[0.8984084103686946, 0.27430126668237437, 100], [0.9258522944760106, 0.3877898004648146, 150], [0.9394190750710479, 0.5240334143474107, 200], [0.9462106861081312, 0.5753665502962075, 250], [0.9461212786598157, 0.45872611850169914, 300], [0.9497454867190828, 0.4979617760033254, 350], [0.9532421124442796, 0.5445776343068954, 400], [0.9529134243418133, 0.5636135822723587, 450], [0.9549732293762525, 0.5880198552348357, 500], [0.9567253831847333, 0.6076382760270966, 550], [0.9590946279594651, 0.6089288452976905, 600], [0.9546395876898234, 0.6167905377356092, 650], [0.9554616465265151, 0.6253653732352743, 700], [0.9585193592160416, 0.6390130194520425, 750], [0.957110625665899, 0.6472746723793112, 768]], "xlm-roberta-base": [[0.8807379797435476, 0.03128988153524781, 100], [0.9221822760602463, 0.06781004819242065, 150], [0.9283212932826326, 0.05174906473458572, 200], [0.9418898615168151, 0.06679577731040325, 250], [0.9394843904205967, 0.05862023321272468, 300], [0.9486928463687745, 0.06583442655077996, 350], [0.9552777812080582, 0.06885061918045222, 400], [0.9594719794374839, 0.07085707780953812, 450], [0.9532048871761397, 0.12502333248387176, 500], [0.9544662306365514, 0.12150449200799941, 550], [0.9552585937967603, 0.11081406534016748, 600], [0.957149476450821, 0.11872473637284159, 650], [0.9553523434838171, 0.12158125074258756, 700], [0.9396562447046909, 0.08339213961284056, 750], [0.9395427465999339, 0.0831176820872025, 768]], "ernie-m-base_pytorch": [[0.9566987039584778, 0.34697658765490325, 100], [0.9703124976060526, 0.4169564067882392, 150], [0.9728213616867567, 0.35908939404798446, 200], [0.9772641113512305, 0.4231484600198501, 250], [0.9783112640600228, 0.4214905910797309, 300], [0.977917017810756, 0.4468811301566197, 350], [0.9779482050220185, 0.497446664834618, 400], [0.9802993550035578, 0.5372776117601377, 450], [0.9786475825520724, 0.569839986091899, 500], [0.9794876982093981, 0.5791607572406369, 550], [0.979816123724094, 0.5539533409922005, 600], [0.9796043082037491, 0.5695468008156042, 650], [0.9802486559460878, 0.5955294292343835, 700], [0.9798489762900574, 0.6150827441664872, 750], [0.9807032345524189, 0.6174396254017753, 768]]}}