{"de-nl": {"bert-base-multilingual-uncased": [[0.9531713018632537, 0.0440359984980793, 100], [0.9747690501746316, 0.0763942496490388, 150], [0.9805936201298702, 0.12724700619392135, 200], [0.9860007292616226, 0.17636661660123187, 250], [0.9904006472491906, 0.21420704896146475, 300], [0.9878006639004149, 0.21736921792356256, 350], [0.9882939837398373, 0.2438538454838191, 400], [0.9882539901477833, 0.22700532379614832, 450], [0.9890939994449071, 0.2387437789301499, 500], [0.9888940457108935, 0.271433310490632, 550], [0.9896940314136123, 0.28053415716461866, 600], [0.9896273256452499, 0.26833044925399424, 650], [0.9902273256452497, 0.2711904146466003, 700], [0.9918006530612243, 0.2521252626815343, 750], [0.9918006493506493, 0.25130453106106415, 768]], "mt5-base": [[0.9177880319536056, 0.2886807996968663, 100], [0.9423805406159826, 0.4079456244881205, 150], [0.9515056514970583, 0.5503251457496069, 200], [0.9620337829399441, 0.6009723174270614, 250], [0.9571977164886064, 0.4738793401963201, 300], [0.9590373682773349, 0.5133212039630277, 350], [0.9619978124975572, 0.5615016310899084, 400], [0.960955003341502, 0.5845039572435152, 450], [0.9628349685254416, 0.6117468504122711, 500], [0.9636379332719449, 0.6336597164995681, 550], [0.9662112614493404, 0.6320450832904403, 600], [0.9676257131207793, 0.639746945200059, 650], [0.9654772284448804, 0.6476892742204672, 700], [0.9680596290322712, 0.6607490206946203, 750], [0.9660341394686175, 0.6694214829541539, 768]], "xlm-roberta-base": [[0.9023934460464837, 0.04060347117756716, 100], [0.9367794165983978, 0.0857274025928657, 150], [0.9467587772445608, 0.059716299647283824, 200], [0.9546623858126594, 0.07754328083237484, 250], [0.9545763617871731, 0.06749920962101479, 300], [0.9599834606746668, 0.079302954117399, 350], [0.9682284290421476, 0.08112701118762147, 400], [0.9695502773609415, 0.08281563971076793, 450], [0.9597588931571923, 0.15931119650956072, 500], [0.961569011646291, 0.1569640814423919, 550], [0.9670199038841025, 0.14001929040492156, 600], [0.9689428941297791, 0.14767859412111617, 650], [0.9677198001115804, 0.1536205942883387, 700], [0.9547752894444668, 0.10686227684317352, 750], [0.955828163227652, 0.10665277678131609, 768]], "ernie-m-base_pytorch": [[0.967073332200754, 0.3727657850419498, 100], [0.9807206328529335, 0.4439308943230022, 150], [0.9791283818560252, 0.37409220432984647, 200], [0.9834279487187719, 0.4397063149493698, 250], [0.9858514740758341, 0.441550099595781, 300], [0.9863920638193575, 0.45996368553248856, 350], [0.9899277048163329, 0.5081737795176341, 400], [0.9915448712816407, 0.5488695136019559, 450], [0.9888928757409496, 0.5859318238192035, 500], [0.9886407217416133, 0.597412060312389, 550], [0.9901779518105454, 0.567299032641048, 600], [0.99061604808172, 0.5817868134321501, 650], [0.9913495769718851, 0.6097852756966293, 700], [0.9916298070935788, 0.6286149776070848, 750], [0.9905752917749662, 0.6324095726497619, 768]]}}