{"de-nl": {"bert-base-multilingual-uncased": [[0.9347137965546998, 0.0440359984980793, 100], [0.9637318050484677, 0.0763942496490388, 150], [0.9715487719298248, 0.12724700619392135, 200], [0.9767644444444444, 0.17636661660123187, 250], [0.9855066666666665, 0.21420704896146475, 300], [0.9856021052631578, 0.21736921792356256, 350], [0.9852444444444444, 0.2438538454838191, 400], [0.9859754385964911, 0.22700532379614832, 450], [0.9894647619047618, 0.2387437789301499, 500], [0.9894399999999998, 0.271433310490632, 550], [0.9874421052631578, 0.28053415716461866, 600], [0.9878444444444443, 0.26833044925399424, 650], [0.98945, 0.2711904146466003, 700], [0.9889087719298244, 0.2521252626815343, 750], [0.9885087719298244, 0.25130453106106415, 768]], "mt5-base": [[0.8931180610663949, 0.2886807996968663, 100], [0.9193617408299327, 0.4079456244881205, 150], [0.9354176766547331, 0.5503251457496069, 200], [0.9452435422600154, 0.6009723174270614, 250], [0.9381927053381882, 0.4738793401963201, 300], [0.9431060076987594, 0.5133212039630277, 350], [0.946616409427816, 0.5615016310899084, 400], [0.9437423082131827, 0.5845039572435152, 450], [0.944752858448611, 0.6117468504122711, 500], [0.9470628423213576, 0.6336597164995681, 550], [0.9497852004610499, 0.6320450832904403, 600], [0.9501320102470868, 0.639746945200059, 650], [0.9500633723405811, 0.6476892742204672, 700], [0.9543000643729712, 0.6607490206946203, 750], [0.9556113805678251, 0.6694214829541539, 768]], "xlm-roberta-base": [[0.8756042508720843, 0.04060347117756716, 100], [0.9059983970211213, 0.0857274025928657, 150], [0.9117134686113911, 0.059716299647283824, 200], [0.940752656747551, 0.07754328083237484, 250], [0.9494979380144276, 0.06749920962101479, 300], [0.9585362549062818, 0.079302954117399, 350], [0.9647316351608766, 0.08112701118762147, 400], [0.9702111708283614, 0.08281563971076793, 450], [0.9651048830503258, 0.15931119650956072, 500], [0.9680447021378937, 0.1569640814423919, 550], [0.9646389971560224, 0.14001929040492156, 600], [0.9678374573311903, 0.14767859412111617, 650], [0.9713474153575736, 0.1536205942883387, 700], [0.9737809495070667, 0.10686227684317352, 750], [0.9731320614798047, 0.10665277678131609, 768]], "ernie-m-base_pytorch": [[0.961272609236121, 0.3727657850419498, 100], [0.9689770195721279, 0.4439308943230022, 150], [0.9702712301349998, 0.37409220432984647, 200], [0.978380008854675, 0.4397063149493698, 250], [0.9820946926703602, 0.441550099595781, 300], [0.9869144585091418, 0.45996368553248856, 350], [0.9877337382451942, 0.5081737795176341, 400], [0.9909764566395665, 0.5488695136019559, 450], [0.9871795809375664, 0.5859318238192035, 500], [0.9885435959827286, 0.597412060312389, 550], [0.9888048961813211, 0.567299032641048, 600], [0.9887123049389225, 0.5817868134321501, 650], [0.9886879792695923, 0.6097852756966293, 700], [0.9894253754578757, 0.6286149776070848, 750], [0.9902553899240857, 0.6324095726497619, 768]]}}