{"de-nl": {"bert-base-multilingual-uncased": [[0.9164803649958506, 0.03972881968966542, 100], [0.9489679776329281, 0.07079586640378449, 150], [0.9626290742050053, 0.11732452278387491, 200], [0.9699872289758047, 0.164287353200665, 250], [0.9744363205601737, 0.199887263124196, 300], [0.9770049400141144, 0.2108043013804948, 350], [0.9798701769074052, 0.23431118416896785, 400], [0.9802216774950182, 0.21812754693649522, 450], [0.9821175918882341, 0.22622558637303794, 500], [0.9840334277732484, 0.2576932965093103, 550], [0.9844120590934977, 0.2650918966949959, 600], [0.984696561864363, 0.25338337935208677, 650], [0.9852844569434995, 0.25769814911389666, 700], [0.9861197652940774, 0.24058872897620565, 750], [0.9855676805480571, 0.2406951110814469, 768]], "mt5-base": [[0.8770450329932785, 0.2743012218071339, 100], [0.9055365791185696, 0.38779074989204715, 150], [0.9239176480225507, 0.5240334700887557, 200], [0.9312861325315773, 0.5753663272813796, 250], [0.931005265362617, 0.4587266792009233, 300], [0.93862039483053, 0.49796108300892855, 350], [0.9406135331407662, 0.5445781221649415, 400], [0.9398206948429658, 0.5636927704253002, 450], [0.9436962515287463, 0.5880199238320768, 500], [0.9397202574517235, 0.6076370660578589, 550], [0.9427394314809242, 0.6089288387085603, 600], [0.9447096236734719, 0.6167905611695241, 650], [0.9452578878173535, 0.6253675003723619, 700], [0.9460619804807243, 0.6390124957487393, 750], [0.947674816483258, 0.6472746013009767, 768]], "xlm-roberta-base": [[0.8529552367089536, 0.03128987622501853, 100], [0.8831511463187861, 0.06781016668650625, 150], [0.8963708660340766, 0.05174894700863471, 200], [0.9253674751038458, 0.06678940992931631, 250], [0.9340324205806261, 0.05861889386130448, 300], [0.9493343357670638, 0.06583268513859779, 350], [0.9565514664437514, 0.06883727916567993, 400], [0.9625760821553168, 0.07085635518584305, 450], [0.9543915307333484, 0.12502336631616867, 500], [0.958587573973353, 0.12150262333426168, 550], [0.9571175538357405, 0.11081486244406667, 600], [0.9579511833298504, 0.11872705068088202, 650], [0.958267505000841, 0.1215908345621388, 700], [0.960281822647159, 0.08341371075877739, 750], [0.9608306743014201, 0.08315575811211749, 768]], "ernie-m-base_pytorch": [[0.941875341257559, 0.346979324726102, 100], [0.9515471548393791, 0.4169691525393614, 150], [0.9583804581773747, 0.3590898237181698, 200], [0.967093593732531, 0.423122361047708, 250], [0.9705558556422101, 0.4214905634867741, 300], [0.9742026413326924, 0.4469006045504301, 350], [0.9780643314662625, 0.4973782237349161, 400], [0.9785583699369683, 0.5372775089243317, 450], [0.9741978991422551, 0.5698451802662788, 500], [0.9758401372390001, 0.5791620321471403, 550], [0.9738154244658643, 0.5539707975516458, 600], [0.9760099452345372, 0.5695353213320522, 650], [0.9768268100072512, 0.5954533462851516, 700], [0.9793623684211858, 0.6150484025172251, 750], [0.9796229995121294, 0.6174470334666003, 768]]}}