{"de-nl": {"bert-base-multilingual-uncased": [[0.3772801289376171, 0.03972881968966542, 100], [0.4867235239888909, 0.07079586640378449, 150], [0.6321295532371346, 0.11732452278387491, 200], [0.6443372630083654, 0.164287353200665, 250], [0.7954275295888854, 0.199887263124196, 300], [0.8246362031319354, 0.2108043013804948, 350], [0.8404136917750352, 0.23431118416896785, 400], [0.765227066730047, 0.21812754693649522, 450], [0.8253686032030092, 0.22622558637303794, 500], [0.8598019882964191, 0.2576932965093103, 550], [0.900935419750614, 0.2650918966949959, 600], [0.897089517613217, 0.25338337935208677, 650], [0.8821804646371671, 0.25769814911389666, 700], [0.9148767072560827, 0.24058872897620565, 750], [0.9161781119482796, 0.2406951110814469, 768]], "mt5-base": [[0.5593790427807717, 0.2743012218071339, 100], [0.6807420555283928, 0.38779074989204715, 150], [0.716071220096094, 0.5240334700887557, 200], [0.8119239288923362, 0.5753663272813796, 250], [0.7966810684538524, 0.4587266792009233, 300], [0.8404020212350884, 0.49796108300892855, 350], [0.8337526204316471, 0.5445781221649415, 400], [0.7971928677589192, 0.5636927704253002, 450], [0.8391528863248657, 0.5880199238320768, 500], [0.8233973094629943, 0.6076370660578589, 550], [0.851505068864553, 0.6089288387085603, 600], [0.8692242267237714, 0.6167905611695241, 650], [0.88136511242611, 0.6253675003723619, 700], [0.8820101077929633, 0.6390124957487393, 750], [0.8851918630733726, 0.6472746013009767, 768]], "xlm-roberta-base": [[0.24946122523925646, 0.03128987622501853, 100], [0.21245673639406776, 0.06781016668650625, 150], [0.3304641176564215, 0.05174894700863471, 200], [0.42343343912113246, 0.06678940992931631, 250], [0.47182505808619474, 0.05861889386130448, 300], [0.5673366004601768, 0.06583268513859779, 350], [0.6423693110239144, 0.06883727916567993, 400], [0.656519639293459, 0.07085635518584305, 450], [0.6804894662015551, 0.12502336631616867, 500], [0.7170506640907882, 0.12150262333426168, 550], [0.6133207394639757, 0.11081486244406667, 600], [0.6818256937861649, 0.11872705068088202, 650], [0.683433124539804, 0.1215908345621388, 700], [0.39940398390415327, 0.08341371075877739, 750], [0.32716538527842365, 0.08315575811211749, 768]], "ernie-m-base_pytorch": [[0.7215259497326679, 0.346979324726102, 100], [0.5939555602664305, 0.4169691525393614, 150], [0.7515062768472239, 0.3590898237181698, 200], [0.7668595471614289, 0.423122361047708, 250], [0.8188611316725675, 0.4214905634867741, 300], [0.8525826792248332, 0.4469006045504301, 350], [0.8614423587116766, 0.4973782237349161, 400], [0.894935171921737, 0.5372775089243317, 450], [0.9064881029315506, 0.5698451802662788, 500], [0.902744094945571, 0.5791620321471403, 550], [0.9102656576144813, 0.5539707975516458, 600], [0.9222248178632684, 0.5695353213320522, 650], [0.9147744332353155, 0.5954533462851516, 700], [0.9210945973709045, 0.6150484025172251, 750], [0.9042568114184267, 0.6174470334666003, 768]]}}