{"de-nl": {"bert-base-multilingual-uncased": [[0.4421758503107002, 0.0440359984980793, 100], [0.44697020357814343, 0.0763942496490388, 150], [0.5336925397834803, 0.12724700619392135, 200], [0.7442222444599043, 0.17636661660123187, 250], [0.7184132313325907, 0.21420704896146475, 300], [0.8017667762384275, 0.21736921792356256, 350], [0.8265496454533955, 0.2438538454838191, 400], [0.8123484339323158, 0.22700532379614832, 450], [0.8496046934809653, 0.2387437789301499, 500], [0.8036800183144996, 0.271433310490632, 550], [0.8005683123461251, 0.28053415716461866, 600], [0.9089842462492548, 0.26833044925399424, 650], [0.8733011500005243, 0.2711904146466003, 700], [0.9012683739574638, 0.2521252626815343, 750], [0.8864686384590744, 0.25130453106106415, 768]], "mt5-base": [[0.609122087409837, 0.2886807996968663, 100], [0.6882509809431495, 0.4079456244881205, 150], [0.7510311559345246, 0.5503251457496069, 200], [0.8104334458861108, 0.6009723174270614, 250], [0.8174973490726914, 0.4738793401963201, 300], [0.8678878244346965, 0.5133212039630277, 350], [0.8665468016682002, 0.5615016310899084, 400], [0.8053078137057278, 0.5845039572435152, 450], [0.8533094336774161, 0.6117468504122711, 500], [0.8646772118178389, 0.6336597164995681, 550], [0.8762466036138199, 0.6320450832904403, 600], [0.9098476244764017, 0.639746945200059, 650], [0.8960178781684548, 0.6476892742204672, 700], [0.8958791622791441, 0.6607490206946203, 750], [0.9080831940259155, 0.6694214829541539, 768]], "xlm-roberta-base": [[0.2968295784223538, 0.04060347117756716, 100], [0.2225873853006115, 0.0857274025928657, 150], [0.3937750956967694, 0.059716299647283824, 200], [0.41870034522473015, 0.07754328083237484, 250], [0.5244312993939735, 0.06749920962101479, 300], [0.6857879768363814, 0.079302954117399, 350], [0.625024518772364, 0.08112701118762147, 400], [0.5849555501632879, 0.08281563971076793, 450], [0.6786703611187602, 0.15931119650956072, 500], [0.7646470729074707, 0.1569640814423919, 550], [0.5597736688903076, 0.14001929040492156, 600], [0.5916801607587089, 0.14767859412111617, 650], [0.6513822162359099, 0.1536205942883387, 700], [0.4910519886781923, 0.10686227684317352, 750], [0.5361911039070345, 0.10665277678131609, 768]], "ernie-m-base_pytorch": [[0.7289897623018304, 0.3727657850419498, 100], [0.5663230066978685, 0.4439308943230022, 150], [0.6491525420369291, 0.37409220432984647, 200], [0.768582387090716, 0.4397063149493698, 250], [0.8287316888116837, 0.441550099595781, 300], [0.8806866967610983, 0.45996368553248856, 350], [0.8804749057820118, 0.5081737795176341, 400], [0.9043755381946338, 0.5488695136019559, 450], [0.9052621854322133, 0.5859318238192035, 500], [0.907755489663507, 0.597412060312389, 550], [0.9221656694038839, 0.567299032641048, 600], [0.9273722446248858, 0.5817868134321501, 650], [0.9375244630302897, 0.6097852756966293, 700], [0.938861912082781, 0.6286149776070848, 750], [0.9263047890147443, 0.6324095726497619, 768]]}}