{"nl-en": {"bert-base-multilingual-uncased": [[0.8882535989050874, 0.021440488201582057, 100], [0.937181074725069, 0.04549103364567916, 150], [0.958293853841377, 0.044936963377278115, 200], [0.968231221001221, 0.05665398491115742, 250], [0.9712417765567765, 0.06353728136407366, 300], [0.9723417116217117, 0.06891091762540921, 350], [0.9718882828282829, 0.06420353954933242, 400], [0.9744260606060606, 0.061441438289763756, 450], [0.975567012987013, 0.07674052350863306, 500], [0.9750341880341881, 0.07305099500600885, 550], [0.9755584126984127, 0.08309577302330248, 600], [0.974967619047619, 0.08419513213034376, 650], [0.9765476190476191, 0.09003864610017384, 700], [0.9783209523809523, 0.10817479318233654, 750], [0.9780466666666667, 0.10735284475192422, 768]], "mt5-base": [[0.9039828588901184, 0.18588355086043185, 100], [0.9409036874032772, 0.2683881260502836, 150], [0.9548710234060769, 0.3377880331912104, 200], [0.9535003245772874, 0.3547912108780946, 250], [0.9539799231593316, 0.21535653826971146, 300], [0.9563613444135372, 0.23171294407763357, 350], [0.9585519665018919, 0.23802922133335028, 400], [0.9578540685652613, 0.23383089292567724, 450], [0.9576736445459021, 0.22983263220932185, 500], [0.9564264508970957, 0.24318998508623163, 550], [0.9582139246026385, 0.28827393571573406, 600], [0.9578006520476531, 0.29817098204589637, 650], [0.9567921215840616, 0.3109850015514964, 700], [0.9578614748448768, 0.3236812360331336, 750], [0.9567469751926199, 0.32728338365390963, 768]], "xlm-roberta-base": [[0.8612293741411507, 0.04985937317482281, 100], [0.9224435617742746, 0.04057901532418776, 150], [0.9266531546464261, 0.059845486690918596, 200], [0.9423020104017145, 0.07054343818378156, 250], [0.9475605892991571, 0.07111254135938305, 300], [0.9563535568095669, 0.07566898112723885, 350], [0.9575896370314958, 0.09333266041000879, 400], [0.964433429573912, 0.09624271512549092, 450], [0.9587090738744549, 0.12635514078535998, 500], [0.960317045780287, 0.14077702221540284, 550], [0.9589429730419111, 0.1530685536268052, 600], [0.9599096469040065, 0.15229830935082372, 650], [0.9609609025730182, 0.14627669201378798, 700], [0.9557098152453438, 0.12500801969200948, 750], [0.9549418788499298, 0.1314848110750641, 768]], "ernie-m-base_pytorch": [[0.9545209858589695, 0.3736502015432759, 100], [0.964918324061354, 0.2783679859554535, 150], [0.9694507472922947, 0.32752490470040957, 200], [0.9755637544766365, 0.422688499650471, 250], [0.9711512008064684, 0.3453136445030806, 300], [0.9728277854231828, 0.41182729042173305, 350], [0.9771493107391501, 0.477367043832612, 400], [0.9788059878595524, 0.5124550426799873, 450], [0.9793372993197279, 0.48136789313681727, 500], [0.982677902000432, 0.4802937434534645, 550], [0.9794598652897998, 0.5112681267701591, 600], [0.9819943392945853, 0.5239711110654808, 650], [0.9837274784130997, 0.5366371200087483, 700], [0.9837730041418852, 0.4667881810079569, 750], [0.9846663454620038, 0.47944991779715945, 768]]}}