{"nl-en": {"bert-base-multilingual-uncased": [[0.8762553903175986, 0.021144484851944603, 100], [0.9236498951122197, 0.045400979554384414, 150], [0.9435344788502457, 0.044726912887675996, 200], [0.9562781366569698, 0.05636871861468541, 250], [0.9592939504309097, 0.06403384865446635, 300], [0.9617788884700567, 0.0697802184041472, 350], [0.9646021223085439, 0.06524581711667866, 400], [0.96655347344145, 0.06240224544517298, 450], [0.9662574424955016, 0.0765065831379782, 500], [0.965545527357454, 0.07246061227454403, 550], [0.9665874220461376, 0.08163636084313339, 600], [0.9692754773915072, 0.08278037082474125, 650], [0.9678961632314544, 0.08759537130550109, 700], [0.9674907756285585, 0.10392107153687521, 750], [0.9677648109550835, 0.10298396729643297, 768]], "mt5-base": [[0.8879267142667941, 0.16800476482740095, 100], [0.9208652920970423, 0.25568585130901855, 150], [0.9361618879775171, 0.3286104088759451, 200], [0.9422378055460092, 0.33725382705038387, 250], [0.944283118251353, 0.20721916088001485, 300], [0.9484901505724261, 0.22232001849753283, 350], [0.9505399746609753, 0.23160053673001513, 400], [0.9483866089152311, 0.22314818806965453, 450], [0.9489759970463332, 0.22063514666225653, 500], [0.9498749566618131, 0.23578465657685105, 550], [0.9504481078730324, 0.2765939477365186, 600], [0.9499365000819545, 0.28156152431020814, 650], [0.9503637207654659, 0.2959109727568295, 700], [0.948764510726987, 0.31116587223080017, 750], [0.9489037402970955, 0.31409343787647537, 768]], "xlm-roberta-base": [[0.8388468735136344, 0.04411182102964846, 100], [0.9021041733519503, 0.032142735284420756, 150], [0.907681514663353, 0.046482316549741845, 200], [0.9257418247172056, 0.054266664897346176, 250], [0.9293211177199624, 0.06158352574445723, 300], [0.9417895743449851, 0.06901851143338746, 350], [0.9430609053867184, 0.08124446654218437, 400], [0.9492905025205963, 0.08380425573195603, 450], [0.9466689380110447, 0.10518637219612842, 500], [0.9514344664491449, 0.11685551044565257, 550], [0.9426594972023415, 0.1302518966914991, 600], [0.9457629805197727, 0.1307878242853234, 650], [0.9487550223980395, 0.12778213429626797, 700], [0.9245951240504627, 0.1135266914848758, 750], [0.928372293111741, 0.11909100758678436, 768]], "ernie-m-base_pytorch": [[0.9331491439412788, 0.35805737263330734, 100], [0.9486385762526058, 0.2547575814545607, 150], [0.9524891393905341, 0.3101057661511415, 200], [0.9591900114474076, 0.4007387392462006, 250], [0.9619846035359917, 0.32428999964526056, 300], [0.9689560494739234, 0.38835656337709584, 350], [0.971489348334811, 0.45183719870525624, 400], [0.9760031156007875, 0.490901702202691, 450], [0.9746655627569898, 0.4581555219825419, 500], [0.9744344838893189, 0.4538656237423374, 550], [0.9721615186113135, 0.48214578954588805, 600], [0.9711325274293376, 0.49962519617449136, 650], [0.9720171980025721, 0.5151438690624925, 700], [0.9724370038883617, 0.445313220853858, 750], [0.9733207705800985, 0.4573484148276455, 768]]}}