{"nl-en": {"bert-base-multilingual-uncased": [[0.8634256414093953, 0.021440488201582057, 100], [0.9170478669043374, 0.04549103364567916, 150], [0.9396601445922499, 0.044936963377278115, 200], [0.9516967661578188, 0.05665398491115742, 250], [0.9606401587301588, 0.06353728136407366, 300], [0.9658658730158731, 0.06891091762540921, 350], [0.9668626984126986, 0.06420353954933242, 400], [0.9706165079365082, 0.061441438289763756, 450], [0.9714842857142859, 0.07674052350863306, 500], [0.9683573626373627, 0.07305099500600885, 550], [0.9687787301587303, 0.08309577302330248, 600], [0.9708631746031746, 0.08419513213034376, 650], [0.9708641269841269, 0.09003864610017384, 700], [0.9744409523809523, 0.10817479318233654, 750], [0.9732041269841267, 0.10735284475192422, 768]], "mt5-base": [[0.8824689540351283, 0.18588355086043185, 100], [0.9143676848841469, 0.2683881260502836, 150], [0.9377740257246217, 0.3377880331912104, 200], [0.9430302861040843, 0.3547912108780946, 250], [0.9391910070268875, 0.21535653826971146, 300], [0.946050429910358, 0.23171294407763357, 350], [0.9472992385796968, 0.23802922133335028, 400], [0.9431760699303273, 0.23383089292567724, 450], [0.9431508717549879, 0.22983263220932185, 500], [0.9472866132622472, 0.24318998508623163, 550], [0.950747959659822, 0.28827393571573406, 600], [0.9504405151419151, 0.29817098204589637, 650], [0.9503790902553648, 0.3109850015514964, 700], [0.9543364109064029, 0.3236812360331336, 750], [0.9567795536328727, 0.32728338365390963, 768]], "xlm-roberta-base": [[0.8343553633664269, 0.04985937317482281, 100], [0.8793796980314295, 0.04057901532418776, 150], [0.8830879129730603, 0.059845486690918596, 200], [0.9111445593870209, 0.07054343818378156, 250], [0.9199551611322415, 0.07111254135938305, 300], [0.9393043318747234, 0.07566898112723885, 350], [0.9481442271909211, 0.09333266041000879, 400], [0.9561770929229738, 0.09624271512549092, 450], [0.9556379051838788, 0.12635514078535998, 500], [0.9588374062378298, 0.14077702221540284, 550], [0.9577903305553779, 0.1530685536268052, 600], [0.9587724104981822, 0.15229830935082372, 650], [0.961037161177176, 0.14627669201378798, 700], [0.9609998202118153, 0.12500801969200948, 750], [0.962046912106025, 0.1314848110750641, 768]], "ernie-m-base_pytorch": [[0.9414538986240332, 0.3736502015432759, 100], [0.9548796424336974, 0.2783679859554535, 150], [0.9475893003940772, 0.32752490470040957, 200], [0.9592186043425172, 0.422688499650471, 250], [0.9649108463297773, 0.3453136445030806, 300], [0.969219462437733, 0.41182729042173305, 350], [0.9748879346151044, 0.477367043832612, 400], [0.9716869311139439, 0.5124550426799873, 450], [0.9747121348731982, 0.48136789313681727, 500], [0.974734171961763, 0.4802937434534645, 550], [0.9768922266072206, 0.5112681267701591, 600], [0.9770444946815038, 0.5239711110654808, 650], [0.9774668107460486, 0.5366371200087483, 700], [0.9778066148543912, 0.4667881810079569, 750], [0.9774511128087597, 0.47944991779715945, 768]]}}