{"nl-en": {"bert-base-multilingual-uncased": [[0.8408778401414837, 0.02114446622273456, 100], [0.9015583536036128, 0.045400968089513036, 150], [0.9240804469133993, 0.04472691018280453, 200], [0.94349888259915, 0.05636882287787459, 250], [0.9486190367332342, 0.06403355500453531, 300], [0.9563472376977815, 0.06978280544660884, 350], [0.9554535138763415, 0.06524649568882215, 400], [0.9580451149081787, 0.06240112649094903, 450], [0.9631946920889541, 0.0765065920283551, 500], [0.9607505057807338, 0.07246060574586172, 550], [0.9623870634598244, 0.08163623583003868, 600], [0.9651361642197676, 0.08277934263386413, 650], [0.9650399996515711, 0.08759026622525996, 700], [0.966079595603015, 0.10392007985723081, 750], [0.9662273922136306, 0.1029740106088704, 768]], "mt5-base": [[0.8576615151958813, 0.16800473722518272, 100], [0.9038767522451081, 0.25568594330164074, 150], [0.9310257108998156, 0.3286104846831173, 200], [0.9362309692507108, 0.33725416676999204, 250], [0.9258016825612214, 0.20721862944157254, 300], [0.9280885126649299, 0.22233146474535206, 350], [0.9330338327552786, 0.2316096300999139, 400], [0.9315187027347884, 0.22315584250597173, 450], [0.936439542125165, 0.22063506375936728, 500], [0.9353007415952103, 0.23578565575596303, 550], [0.9368776211638097, 0.276593560381145, 600], [0.93794996748447, 0.2815624512316754, 650], [0.9405511659932838, 0.2959059190100357, 700], [0.9420008526185573, 0.31116096234152046, 750], [0.9439131711901773, 0.31409341649982797, 768]], "xlm-roberta-base": [[0.8157926179416496, 0.044111821219957555, 100], [0.853000454719957, 0.03214271204071894, 150], [0.860050091316346, 0.04648348810848394, 200], [0.8883258513961201, 0.05426665487111582, 250], [0.9081274091068784, 0.0615814224387145, 300], [0.9200813246021133, 0.06901889986571212, 350], [0.9313575461010614, 0.0812473305117318, 400], [0.9403682583661451, 0.08380427109867933, 450], [0.9377647562582034, 0.10519161452765748, 500], [0.9425466656568987, 0.11685565250342501, 550], [0.9432749779611618, 0.13024850015688655, 600], [0.9493047147237482, 0.1307530906613376, 650], [0.9502749521035855, 0.12778418295174598, 700], [0.9514309767480977, 0.1135778376977276, 750], [0.9512572819219154, 0.11913691513694172, 768]], "ernie-m-base_pytorch": [[0.9208174286137711, 0.35806246959618837, 100], [0.9360587269374792, 0.2547589179252419, 150], [0.9318969496838981, 0.3101096141941539, 200], [0.9434619893054964, 0.400738914035691, 250], [0.9507223718258155, 0.32430248401570333, 300], [0.956487494798231, 0.3883527721663542, 350], [0.9605065494640173, 0.4518352652972107, 400], [0.9617379147904467, 0.49090173921389163, 450], [0.9629366847538395, 0.4581559423953285, 500], [0.9630254661236619, 0.45386557535261735, 550], [0.9632562953345831, 0.48213891480808, 600], [0.9640292989997445, 0.49963796537879945, 650], [0.9666218481582289, 0.5151350147161211, 700], [0.9663969379391004, 0.44531987812599133, 750], [0.9662873114323745, 0.4573096145147625, 768]]}}