{"nl-en": {"bert-base-multilingual-uncased": [[0.2934373691650671, 0.021440488201582057, 100], [0.45081696743797556, 0.04549103364567916, 150], [0.40886108133801563, 0.044936963377278115, 200], [0.49664814804834334, 0.05665398491115742, 250], [0.6528937224220622, 0.06353728136407366, 300], [0.6099816783529779, 0.06891091762540921, 350], [0.6614409117125847, 0.06420353954933242, 400], [0.769052875008516, 0.061441438289763756, 450], [0.8034357765309263, 0.07674052350863306, 500], [0.7893861647859868, 0.07305099500600885, 550], [0.8186920373547694, 0.08309577302330248, 600], [0.8394566032769788, 0.08419513213034376, 650], [0.8386573228249705, 0.09003864610017384, 700], [0.8941211730867735, 0.10817479318233654, 750], [0.8897073089483621, 0.10735284475192422, 768]], "mt5-base": [[0.3332668141879082, 0.18588355086043185, 100], [0.4313099238155931, 0.2683881260502836, 150], [0.6269002721616429, 0.3377880331912104, 200], [0.6836495812625387, 0.3547912108780946, 250], [0.7638120018970889, 0.21535653826971146, 300], [0.764488087405769, 0.23171294407763357, 350], [0.8331224863463034, 0.23802922133335028, 400], [0.8707723896949788, 0.23383089292567724, 450], [0.8377390612109937, 0.22983263220932185, 500], [0.8610175991095482, 0.24318998508623163, 550], [0.859679019294484, 0.28827393571573406, 600], [0.885971913390146, 0.29817098204589637, 650], [0.890559234177534, 0.3109850015514964, 700], [0.889753825415642, 0.3236812360331336, 750], [0.8864972556203291, 0.32728338365390963, 768]], "xlm-roberta-base": [[0.20174297494810559, 0.04985937317482281, 100], [0.26246264728183816, 0.04057901532418776, 150], [0.14626231889722954, 0.059845486690918596, 200], [0.3013163170231242, 0.07054343818378156, 250], [0.38575602897369804, 0.07111254135938305, 300], [0.5959024901284191, 0.07566898112723885, 350], [0.5720148825184302, 0.09333266041000879, 400], [0.6920423457124376, 0.09624271512549092, 450], [0.6757358313733823, 0.12635514078535998, 500], [0.692687406749658, 0.14077702221540284, 550], [0.7153469922267925, 0.1530685536268052, 600], [0.6573824232169541, 0.15229830935082372, 650], [0.7496080763823938, 0.14627669201378798, 700], [0.6020426255525521, 0.12500801969200948, 750], [0.6363357942672286, 0.1314848110750641, 768]], "ernie-m-base_pytorch": [[0.6454542338431742, 0.3736502015432759, 100], [0.6208629733073203, 0.2783679859554535, 150], [0.7409376790108924, 0.32752490470040957, 200], [0.8282600912867436, 0.422688499650471, 250], [0.8438482023393921, 0.3453136445030806, 300], [0.8655182321736744, 0.41182729042173305, 350], [0.8793222150120151, 0.477367043832612, 400], [0.9182782106878651, 0.5124550426799873, 450], [0.8868071870762575, 0.48136789313681727, 500], [0.8995943587765088, 0.4802937434534645, 550], [0.8553710973440019, 0.5112681267701591, 600], [0.8721605929975994, 0.5239711110654808, 650], [0.8844981812805363, 0.5366371200087483, 700], [0.8682863814121913, 0.4667881810079569, 750], [0.8981185345265361, 0.47944991779715945, 768]]}}