{"nl-en": {"bert-base-multilingual-uncased": [[0.2255979869283208, 0.02114446622273456, 100], [0.3720558749955857, 0.045400968089513036, 150], [0.37642971291527594, 0.04472691018280453, 200], [0.5027711867132808, 0.05636882287787459, 250], [0.5845071080273471, 0.06403355500453531, 300], [0.5024033499412496, 0.06978280544660884, 350], [0.6243763822523686, 0.06524649568882215, 400], [0.695052910494108, 0.06240112649094903, 450], [0.676550293406933, 0.0765065920283551, 500], [0.7506998614605996, 0.07246060574586172, 550], [0.7461353249828923, 0.08163623583003868, 600], [0.7777887682397315, 0.08277934263386413, 650], [0.8363079665751155, 0.08759026622525996, 700], [0.7945817294176429, 0.10392007985723081, 750], [0.7407687700791273, 0.1029740106088704, 768]], "mt5-base": [[0.2743543316054485, 0.16800473722518272, 100], [0.42208647676676453, 0.25568594330164074, 150], [0.592438816976389, 0.3286104846831173, 200], [0.6615783713962631, 0.33725416676999204, 250], [0.7227756805111873, 0.20721862944157254, 300], [0.776516690583984, 0.22233146474535206, 350], [0.8130057714276097, 0.2316096300999139, 400], [0.7960541926656569, 0.22315584250597173, 450], [0.8262767805040852, 0.22063506375936728, 500], [0.8550803176592019, 0.23578565575596303, 550], [0.8510265051977886, 0.276593560381145, 600], [0.8647215809963135, 0.2815624512316754, 650], [0.858666137120993, 0.2959059190100357, 700], [0.8739590485717249, 0.31116096234152046, 750], [0.8726570731695379, 0.31409341649982797, 768]], "xlm-roberta-base": [[0.18656505504396564, 0.044111821219957555, 100], [0.21339530350889716, 0.03214271204071894, 150], [0.12767598015220383, 0.04648348810848394, 200], [0.20310752361677217, 0.05426665487111582, 250], [0.38964713915877397, 0.0615814224387145, 300], [0.5559824245301188, 0.06901889986571212, 350], [0.5476516116909959, 0.0812473305117318, 400], [0.6416637599661685, 0.08380427109867933, 450], [0.6162365992650004, 0.10519161452765748, 500], [0.7010739472794707, 0.11685565250342501, 550], [0.5707694839213047, 0.13024850015688655, 600], [0.6488500379218243, 0.1307530906613376, 650], [0.5687123875865088, 0.12778418295174598, 700], [0.5007940944322963, 0.1135778376977276, 750], [0.5310934254206952, 0.11913691513694172, 768]], "ernie-m-base_pytorch": [[0.5699963397703011, 0.35806246959618837, 100], [0.6235041611370289, 0.2547589179252419, 150], [0.6779649823729249, 0.3101096141941539, 200], [0.8185760191478909, 0.400738914035691, 250], [0.8498809526541077, 0.32430248401570333, 300], [0.8652783132231004, 0.3883527721663542, 350], [0.8899757903470779, 0.4518352652972107, 400], [0.8847155184820676, 0.49090173921389163, 450], [0.8511664833869137, 0.4581559423953285, 500], [0.8856281932440293, 0.45386557535261735, 550], [0.8562027947390255, 0.48213891480808, 600], [0.8400582148169327, 0.49963796537879945, 650], [0.8712256080031372, 0.5151350147161211, 700], [0.8464175467547047, 0.44531987812599133, 750], [0.8200191955487147, 0.4573096145147625, 768]]}}