{"ro-fr": {"bert-base-multilingual-uncased": [[0.9231999516487122, 0.008200000040233135, 100], [0.9447999596595764, 0.029199998825788498, 150], [0.9527999758720398, 0.05079999938607216, 200], [0.9559999704360962, 0.041999999433755875, 250], [0.9607999920845032, 0.053199999034404755, 300], [0.9648000001907349, 0.0705999955534935, 350], [0.9648000001907349, 0.09959999471902847, 400], [0.9679999947547913, 0.12780000269412994, 450], [0.9687999486923218, 0.14479999244213104, 500], [0.9703999757766724, 0.14839999377727509, 550], [0.9687999486923218, 0.1762000024318695, 600], [0.967199981212616, 0.1955999881029129, 650], [0.9663999676704407, 0.17719998955726624, 700], [0.967199981212616, 0.17019999027252197, 750], [0.9663999676704407, 0.16859999299049377, 768]], "mt5-base": [[0.823199987411499, 0.13220000267028809, 100], [0.8783999681472778, 0.18879999220371246, 150], [0.8919999599456787, 0.22360000014305115, 200], [0.9031999707221985, 0.23999999463558197, 250], [0.9031999707221985, 0.21859999001026154, 300], [0.9063999652862549, 0.21539999544620514, 350], [0.9095999598503113, 0.27320000529289246, 400], [0.9088000059127808, 0.2733999788761139, 450], [0.9103999733924866, 0.28839999437332153, 500], [0.9095999598503113, 0.3041999936103821, 550], [0.913599967956543, 0.3019999861717224, 600], [0.9071999788284302, 0.31679999828338623, 650], [0.9088000059127808, 0.3369999825954437, 700], [0.9071999788284302, 0.3346000015735626, 750], [0.9071999788284302, 0.34219998121261597, 768]], "xlm-roberta-base": [[0.7975999712944031, 0.016999999061226845, 100], [0.8511999845504761, 0.01719999872148037, 150], [0.8399999737739563, 0.01939999870955944, 200], [0.8736000061035156, 0.024000000208616257, 250], [0.8695999979972839, 0.05260000005364418, 300], [0.8855999708175659, 0.045399997383356094, 350], [0.892799973487854, 0.04859999939799309, 400], [0.9039999842643738, 0.06019999831914902, 450], [0.9016000032424927, 0.05079999938607216, 500], [0.8991999626159668, 0.05859999731183052, 550], [0.8944000005722046, 0.11059999465942383, 600], [0.9031999707221985, 0.10999999940395355, 650], [0.9079999923706055, 0.11099999397993088, 700], [0.8999999761581421, 0.05379999801516533, 750], [0.8991999626159668, 0.055799998342990875, 768]], "ernie-m-base_pytorch": [[0.8583999872207642, 0.05819999799132347, 100], [0.8703999519348145, 0.08779999613761902, 150], [0.8615999817848206, 0.10499999672174454, 200], [0.8831999897956848, 0.1371999979019165, 250], [0.8847999572753906, 0.13840000331401825, 300], [0.8991999626159668, 0.16099999845027924, 350], [0.9120000004768372, 0.19539999961853027, 400], [0.9127999544143677, 0.23519998788833618, 450], [0.9016000032424927, 0.13979999721050262, 500], [0.9031999707221985, 0.15699999034404755, 550], [0.9103999733924866, 0.09999999403953552, 600], [0.9143999814987183, 0.10740000009536743, 650], [0.91839998960495, 0.11239999532699585, 700], [0.9175999760627747, 0.10659999400377274, 750], [0.920799970626831, 0.10379999876022339, 768]]}}