{"ro-fr": {"bert-base-multilingual-uncased": [[0.9064220190048218, 0.006423983257263899, 100], [0.9284403324127197, 0.026766596361994743, 150], [0.9345565438270569, 0.04252064973115921, 200], [0.9443424940109253, 0.04236769676208496, 250], [0.9474005699157715, 0.05720404163002968, 300], [0.9498470425605774, 0.06913429498672485, 350], [0.9553516507148743, 0.0966656506061554, 400], [0.9565749168395996, 0.11991435289382935, 450], [0.9565749168395996, 0.13689202070236206, 500], [0.9571865200996399, 0.1382685899734497, 550], [0.9559632539749146, 0.17222392559051514, 600], [0.9565749168395996, 0.18583665788173676, 650], [0.954740047454834, 0.1696237474679947, 700], [0.9571865200996399, 0.1625879555940628, 750], [0.9535167813301086, 0.1628938615322113, 768]], "mt5-base": [[0.7938838005065918, 0.12358520179986954, 100], [0.8366972208023071, 0.17818905413150787, 150], [0.872782826423645, 0.21627409756183624, 200], [0.8825687766075134, 0.22942796349525452, 250], [0.8770642280578613, 0.20510859787464142, 300], [0.8856269121170044, 0.20052003860473633, 350], [0.8850152492523193, 0.2528296113014221, 400], [0.8856269121170044, 0.2549709379673004, 450], [0.8886849880218506, 0.2713368237018585, 500], [0.8880733847618103, 0.28494954109191895, 550], [0.8929663300514221, 0.28617316484451294, 600], [0.8899082541465759, 0.30070358514785767, 650], [0.8911314606666565, 0.3193637430667877, 700], [0.8886849880218506, 0.3167635500431061, 750], [0.8892965912818909, 0.3236463963985443, 768]], "xlm-roberta-base": [[0.7871559262275696, 0.013918629847466946, 100], [0.8262996673583984, 0.015142246149480343, 150], [0.8189602494239807, 0.016059957444667816, 200], [0.8525993824005127, 0.02278984524309635, 250], [0.8525993824005127, 0.05276843160390854, 300], [0.8746176958084106, 0.045120835304260254, 350], [0.8862385153770447, 0.0480269230902195, 400], [0.8917431235313416, 0.06087488681077957, 450], [0.9027522802352905, 0.048944633454084396, 500], [0.9039754867553711, 0.05643928050994873, 550], [0.8960244655609131, 0.11073723435401917, 600], [0.9021406769752502, 0.10660752654075623, 650], [0.9058103561401367, 0.10431324690580368, 700], [0.8709480166435242, 0.05322729051113129, 750], [0.8746176958084106, 0.05659223347902298, 768]], "ernie-m-base_pytorch": [[0.8275229334831238, 0.05246252939105034, 100], [0.8385320901870728, 0.08397063612937927, 150], [0.8262996673583984, 0.09651269763708115, 200], [0.8672782778739929, 0.12985622882843018, 250], [0.8654434084892273, 0.13153870403766632, 300], [0.8825687766075134, 0.15172836184501648, 350], [0.8917431235313416, 0.18308351933956146, 400], [0.9021406769752502, 0.22070971131324768, 450], [0.9039754867553711, 0.13199755549430847, 500], [0.9039754867553711, 0.1453043818473816, 550], [0.9021406769752502, 0.08779443800449371, 600], [0.9107033610343933, 0.09804221987724304, 650], [0.9125382304191589, 0.10354848951101303, 700], [0.9149847030639648, 0.0942184180021286, 750], [0.9162079095840454, 0.0923829972743988, 768]]}}