{"ro-fr": {"bert-base-multilingual-uncased": [[0.8868501782417297, 0.0064239827916026115, 100], [0.9186544418334961, 0.026766594499349594, 150], [0.9229357838630676, 0.04252064973115921, 200], [0.9339449405670166, 0.04236769676208496, 250], [0.940672755241394, 0.05720403790473938, 300], [0.9455657601356506, 0.06913429498672485, 350], [0.9498471021652222, 0.0966656506061554, 400], [0.9522935748100281, 0.120067298412323, 450], [0.955351710319519, 0.13689202070236206, 500], [0.9541284441947937, 0.1382685899734497, 550], [0.9498471021652222, 0.17222392559051514, 600], [0.9510703086853027, 0.18583664298057556, 650], [0.9535168409347534, 0.1696237325668335, 700], [0.955351710319519, 0.1625879406929016, 750], [0.9535168409347534, 0.1628938466310501, 768]], "mt5-base": [[0.7590214014053345, 0.12358519434928894, 100], [0.8103975653648376, 0.17818905413150787, 150], [0.8409786224365234, 0.21627408266067505, 200], [0.8623853325843811, 0.22942796349525452, 250], [0.8489296436309814, 0.20510859787464142, 300], [0.8581039905548096, 0.20052003860473633, 350], [0.8629969358444214, 0.2528296113014221, 400], [0.8593271970748901, 0.2549709379673004, 450], [0.8574923276901245, 0.27133679389953613, 500], [0.8574923276901245, 0.28494951128959656, 550], [0.8660550713539124, 0.2860201895236969, 600], [0.8636085391044617, 0.3008565306663513, 650], [0.8678898811340332, 0.31936371326446533, 700], [0.8746177554130554, 0.3167635500431061, 750], [0.8740060925483704, 0.3236463665962219, 768]], "xlm-roberta-base": [[0.7370030283927917, 0.013918629847466946, 100], [0.7529051899909973, 0.015142245218157768, 150], [0.7816513776779175, 0.016059957444667816, 200], [0.8342507481575012, 0.022789843380451202, 250], [0.8464831709861755, 0.05276843160390854, 300], [0.8697247505187988, 0.045120831578969955, 350], [0.8825688362121582, 0.0480269193649292, 400], [0.8905198574066162, 0.06102783605456352, 450], [0.8892966508865356, 0.0489446297287941, 500], [0.8972477316856384, 0.05643927678465843, 550], [0.9003058075904846, 0.11073722690343857, 600], [0.9051987528800964, 0.10660752654075623, 650], [0.9088684916496277, 0.10431324690580368, 700], [0.9064220190048218, 0.05322728678584099, 750], [0.9064220190048218, 0.05674518272280693, 768]], "ernie-m-base_pytorch": [[0.8091742992401123, 0.05246252566576004, 100], [0.8409786224365234, 0.08397063612937927, 150], [0.8366972208023071, 0.09651269763708115, 200], [0.8678898811340332, 0.12985622882843018, 250], [0.8837920427322388, 0.13153870403766632, 300], [0.8911315202713013, 0.15172836184501648, 350], [0.8941895961761475, 0.18308350443840027, 400], [0.8990825414657593, 0.2207096964120865, 450], [0.9003058075904846, 0.13199755549430847, 500], [0.9045871496200562, 0.1453043818473816, 550], [0.9058104157447815, 0.08794738352298737, 600], [0.9051987528800964, 0.09804221242666245, 650], [0.9058104157447815, 0.10354848206043243, 700], [0.9045871496200562, 0.0942184180021286, 750], [0.9076452851295471, 0.0923829898238182, 768]]}}