{"ro-fr": {"bert-base-multilingual-uncased": [[0.1706421971321106, 0.0064239827916026115, 100], [0.26605504751205444, 0.026766594499349594, 150], [0.5064220428466797, 0.04252064973115921, 200], [0.38837921619415283, 0.04236769676208496, 250], [0.6354740262031555, 0.05720403790473938, 300], [0.5314984917640686, 0.06913429498672485, 350], [0.5541284680366516, 0.0966656506061554, 400], [0.5480122566223145, 0.120067298412323, 450], [0.7559633255004883, 0.13689202070236206, 500], [0.6409785747528076, 0.1382685899734497, 550], [0.5657492280006409, 0.17222392559051514, 600], [0.7596330046653748, 0.18583664298057556, 650], [0.729663610458374, 0.1696237325668335, 700], [0.7896024584770203, 0.1625879406929016, 750], [0.7932721972465515, 0.1628938466310501, 768]], "mt5-base": [[0.1651376187801361, 0.12358519434928894, 100], [0.3412843942642212, 0.17818905413150787, 150], [0.5033639073371887, 0.21627408266067505, 200], [0.4862385392189026, 0.22942796349525452, 250], [0.49480122327804565, 0.20510859787464142, 300], [0.5125382542610168, 0.20052003860473633, 350], [0.6275229454040527, 0.2528296113014221, 400], [0.6293578147888184, 0.2549709379673004, 450], [0.6299694180488586, 0.27133679389953613, 500], [0.6501529216766357, 0.28494951128959656, 550], [0.6581040024757385, 0.2860201895236969, 600], [0.7076452374458313, 0.3008565306663513, 650], [0.6929663419723511, 0.31936371326446533, 700], [0.7149847149848938, 0.3167635500431061, 750], [0.710091769695282, 0.3236463665962219, 768]], "xlm-roberta-base": [[0.04097859188914299, 0.013918629847466946, 100], [0.08807339519262314, 0.015142245218157768, 150], [0.0330275222659111, 0.016059957444667816, 200], [0.04648318141698837, 0.022789843380451202, 250], [0.06055045872926712, 0.05276843160390854, 300], [0.09051987528800964, 0.045120831578969955, 350], [0.11498470604419708, 0.0480269193649292, 400], [0.08623853325843811, 0.06102783605456352, 450], [0.2923547327518463, 0.0489446297287941, 500], [0.2593272030353546, 0.05643927678465843, 550], [0.17370030283927917, 0.11073722690343857, 600], [0.5302752256393433, 0.10660752654075623, 650], [0.280122309923172, 0.10431324690580368, 700], [0.2666666805744171, 0.05322728678584099, 750], [0.37003058195114136, 0.05674518272280693, 768]], "ernie-m-base_pytorch": [[0.10581039637327194, 0.05246252566576004, 100], [0.06238532066345215, 0.08397063612937927, 150], [0.0458715595304966, 0.09651269763708115, 200], [0.10091742873191833, 0.12985622882843018, 250], [0.13088685274124146, 0.13153870403766632, 300], [0.162691131234169, 0.15172836184501648, 350], [0.23241589963436127, 0.18308350443840027, 400], [0.2550458610057831, 0.2207096964120865, 450], [0.23730887472629547, 0.13199755549430847, 500], [0.39082568883895874, 0.1453043818473816, 550], [0.3688073456287384, 0.08794738352298737, 600], [0.3278287351131439, 0.09804221242666245, 650], [0.3914373219013214, 0.10354848206043243, 700], [0.3896024525165558, 0.0942184180021286, 750], [0.42568808794021606, 0.0923829898238182, 768]]}}