{"ro-fr": {"bert-base-multilingual-uncased": [[0.11599999666213989, 0.008200000040233135, 100], [0.3911999762058258, 0.029199998825788498, 150], [0.48319998383522034, 0.05079999938607216, 200], [0.4519999921321869, 0.041999999433755875, 250], [0.5503999590873718, 0.053199999034404755, 300], [0.5623999834060669, 0.0705999955534935, 350], [0.7239999771118164, 0.09959999471902847, 400], [0.37439998984336853, 0.12780000269412994, 450], [0.7495999932289124, 0.14479999244213104, 500], [0.7239999771118164, 0.14839999377727509, 550], [0.7663999795913696, 0.1762000024318695, 600], [0.8319999575614929, 0.1955999881029129, 650], [0.746399998664856, 0.17719998955726624, 700], [0.8303999900817871, 0.17019999027252197, 750], [0.7943999767303467, 0.16859999299049377, 768]], "mt5-base": [[0.2247999906539917, 0.13220000267028809, 100], [0.4327999949455261, 0.18879999220371246, 150], [0.5663999915122986, 0.22360000014305115, 200], [0.5591999888420105, 0.23999999463558197, 250], [0.6304000020027161, 0.21859999001026154, 300], [0.6480000019073486, 0.21539999544620514, 350], [0.6735999584197998, 0.27320000529289246, 400], [0.6423999667167664, 0.2733999788761139, 450], [0.6407999992370605, 0.28839999437332153, 500], [0.6487999558448792, 0.3041999936103821, 550], [0.6847999691963196, 0.3019999861717224, 600], [0.7119999527931213, 0.31679999828338623, 650], [0.7519999742507935, 0.3369999825954437, 700], [0.764799952507019, 0.3346000015735626, 750], [0.7504000067710876, 0.34219998121261597, 768]], "xlm-roberta-base": [[0.03759999945759773, 0.016999999061226845, 100], [0.08799999952316284, 0.01719999872148037, 150], [0.07360000163316727, 0.01939999870955944, 200], [0.10480000078678131, 0.024000000208616257, 250], [0.15760000050067902, 0.05260000005364418, 300], [0.2784000039100647, 0.045399997383356094, 350], [0.20559999346733093, 0.04859999939799309, 400], [0.2800000011920929, 0.06019999831914902, 450], [0.5031999945640564, 0.05079999938607216, 500], [0.25599998235702515, 0.05859999731183052, 550], [0.1656000018119812, 0.11059999465942383, 600], [0.384799987077713, 0.10999999940395355, 650], [0.3527999818325043, 0.11099999397993088, 700], [0.08720000088214874, 0.05379999801516533, 750], [0.19679999351501465, 0.055799998342990875, 768]], "ernie-m-base_pytorch": [[0.07759999483823776, 0.05819999799132347, 100], [0.07519999891519547, 0.08779999613761902, 150], [0.030399998649954796, 0.10499999672174454, 200], [0.1096000000834465, 0.1371999979019165, 250], [0.12159999459981918, 0.13840000331401825, 300], [0.13679999113082886, 0.16099999845027924, 350], [0.19999998807907104, 0.19539999961853027, 400], [0.21199999749660492, 0.23519998788833618, 450], [0.30959999561309814, 0.13979999721050262, 500], [0.4007999897003174, 0.15699999034404755, 550], [0.335999995470047, 0.09999999403953552, 600], [0.3983999788761139, 0.10740000009536743, 650], [0.41920000314712524, 0.11239999532699585, 700], [0.47919997572898865, 0.10659999400377274, 750], [0.47679999470710754, 0.10379999876022339, 768]]}}