{"de-ro": {"bert-base-multilingual-uncased": [[0.8836174652394763, 0.03295216305096252, 100], [0.9390445526073216, 0.030415881492501008, 150], [0.9533408064795278, 0.0336604562242362, 200], [0.9623197216360563, 0.033865987922056896, 250], [0.9661956407454673, 0.040627703703257335, 300], [0.9678551690135346, 0.03512293061879966, 350], [0.9690036291053692, 0.032557358808888284, 400], [0.9713635246558601, 0.031254740167462415, 450], [0.9724609807062777, 0.03387461160811194, 500], [0.9732796597199828, 0.032695944808549864, 550], [0.9754975726814624, 0.033133449060999104, 600], [0.9749984043999884, 0.03210361120678553, 650], [0.9734443467790613, 0.03676298573875746, 700], [0.973885443078495, 0.03453952030061217, 750], [0.97234480624302, 0.0353308582665971, 768]], "mt5-base": [[0.8378823633281709, 0.08462425886436681, 100], [0.8915085980175455, 0.1246586013512983, 150], [0.917022168160818, 0.17590845996537724, 200], [0.9209631752680932, 0.20589615605004982, 250], [0.9146530757573679, 0.21562594734390392, 300], [0.921872774891496, 0.19231505861602446, 350], [0.9294645464047023, 0.21182933600955076, 400], [0.9274233582915986, 0.2273210950877182, 450], [0.9284796617678296, 0.23309999453664865, 500], [0.9332233544703756, 0.2505261245447236, 550], [0.937838351668348, 0.2451575760157433, 600], [0.9337964024441188, 0.25513602043875083, 650], [0.9346702081848444, 0.2313005071628384, 700], [0.9340554343341886, 0.24318933389656963, 750], [0.9342181092921903, 0.2532053174566912, 768]], "xlm-roberta-base": [[0.8327436640563155, 0.02704694434688265, 100], [0.8882981047187936, 0.014482872930328045, 150], [0.9061711639215974, 0.008124975488423131, 200], [0.9248250040306378, 0.009280336734543242, 250], [0.9262688453218918, 0.009839234060162998, 300], [0.9310443310909635, 0.010746413919294802, 350], [0.9399955007665703, 0.011657237545586643, 400], [0.9431511271789753, 0.012879660860981537, 450], [0.9306271023594221, 0.024507860254211925, 500], [0.9327670156722017, 0.012633668737767247, 550], [0.9305960739311342, 0.01615116354586374, 600], [0.9331724339911125, 0.016498848416298686, 650], [0.938711291444461, 0.01742411161382887, 700], [0.9264924224908991, 0.02011408853256329, 750], [0.9267036043505377, 0.020376935647506512, 768]], "ernie-m-base_pytorch": [[0.8907531925998239, 0.04499566931284535, 100], [0.9210428189413497, 0.02920180537848746, 150], [0.9380618456708487, 0.022059858771078456, 200], [0.9442415613785128, 0.027411751312264084, 250], [0.9484983650951005, 0.028121196803937522, 300], [0.9559606690195674, 0.03246504506083025, 350], [0.9568812808070905, 0.039853537795706405, 400], [0.9578396695223872, 0.04313442672048742, 450], [0.9594574160059721, 0.05103581463938614, 500], [0.9581910189111981, 0.03870559758885351, 550], [0.956582666618679, 0.03629081811244554, 600], [0.9602301360750227, 0.03857260996344848, 650], [0.9634403959093747, 0.04112194198658349, 700], [0.9642794700106997, 0.03883584779478918, 750], [0.9633221703416257, 0.038933535029211694, 768]]}}