{"de-ro": {"bert-base-multilingual-uncased": [[0.8696397093849896, 0.031551024338853054, 100], [0.9249785717233255, 0.026833538301042653, 150], [0.9385121684529428, 0.02798156011181189, 200], [0.9445991381313269, 0.028668055360510935, 250], [0.9500179342543004, 0.03473660877561028, 300], [0.9548815867868304, 0.02890009628472934, 350], [0.9568408627426427, 0.02742343515845212, 400], [0.9562644514643858, 0.02641662479263758, 450], [0.9569580798893741, 0.028378341576535418, 500], [0.9583978449481452, 0.027868427415098207, 550], [0.9595418806102799, 0.028348216943594625, 600], [0.9583036626995343, 0.028447568919309857, 650], [0.9601572026710092, 0.03178676400792644, 700], [0.9616694545632692, 0.029839329707975266, 750], [0.9613822587730652, 0.03038403553722658, 768]], "mt5-base": [[0.8156545009225813, 0.06291268318147836, 100], [0.8740927589104023, 0.08382197542391419, 150], [0.8925388634752002, 0.12741451206726048, 200], [0.9053556974300052, 0.1546526667014596, 250], [0.9040651134957712, 0.16887546736941927, 300], [0.9112753276552007, 0.14455210944522492, 350], [0.91925475832681, 0.16035563837172864, 400], [0.9149105323388987, 0.17191543580904461, 450], [0.9197793477669918, 0.18003344726960477, 500], [0.9228847281926796, 0.19487052345967004, 550], [0.9236736114852485, 0.19098091129137748, 600], [0.9249938696285174, 0.19621365919647277, 650], [0.9256397708153149, 0.17955992025527692, 700], [0.9282885922847177, 0.18650219935899784, 750], [0.9261650480070817, 0.19214816403431462, 768]], "xlm-roberta-base": [[0.8011633162210342, 0.017355014329057488, 100], [0.8661219344963383, 0.009534642061518135, 150], [0.8877116566205554, 0.006406348083079037, 200], [0.9079327962683936, 0.00800528191231504, 250], [0.9083107637966807, 0.00939884101824853, 300], [0.9146007967580493, 0.010107679901830159, 350], [0.9241457472416922, 0.010944918263307011, 400], [0.9253207802393913, 0.012157102385107768, 450], [0.9223930283114699, 0.019537503941856653, 500], [0.9199424406586227, 0.011378302311673059, 550], [0.9224349695960012, 0.014533167999313102, 600], [0.9251891556440904, 0.015011528585210786, 650], [0.9283600029636581, 0.015674301129342146, 700], [0.9079197812434933, 0.01659304553131949, 750], [0.9078082462499649, 0.01682074113978546, 768]], "ernie-m-base_pytorch": [[0.8631511670931216, 0.04118070237325545, 100], [0.8981905480437274, 0.025634483653968396, 150], [0.9078224861801495, 0.019492919844160742, 200], [0.9196715759769101, 0.023741985121334824, 250], [0.9285686657709399, 0.02432259210927524, 300], [0.9359536697094413, 0.030083073901148127, 350], [0.9402237154930795, 0.03647641078571616, 400], [0.9378621072938225, 0.040329670136236666, 450], [0.9407144230516757, 0.048760081045073504, 500], [0.9411950410479487, 0.037465978925154825, 550], [0.9377487198382415, 0.034063294833034906, 600], [0.9403997545390504, 0.03648308351737529, 650], [0.9424467554191555, 0.03861680589210813, 700], [0.9425389242908719, 0.03609655638789698, 750], [0.941705947664765, 0.03619868579514219, 768]]}}