{"de-ro": {"bert-base-multilingual-uncased": [[0.8600975550382279, 0.03155103038893279, 100], [0.9162706815937752, 0.02683357380942749, 150], [0.928999241208481, 0.027981562049473198, 200], [0.9414920992836466, 0.028668026795271733, 250], [0.9447859407324868, 0.03473659295851391, 300], [0.9463724471340029, 0.028893249087371037, 350], [0.9506221441680065, 0.02742328489373143, 400], [0.952870272612553, 0.026416613647533768, 450], [0.952650032049846, 0.028378339029692917, 500], [0.954025516999444, 0.027868428405847537, 550], [0.955626829012922, 0.02834821605526216, 600], [0.9574653644135502, 0.0284476904397775, 650], [0.9582419487808657, 0.031786756466185416, 700], [0.9608025196134213, 0.029838209624118903, 750], [0.9605584671889348, 0.030384049005676518, 768]], "mt5-base": [[0.8053560125104459, 0.0629126804212198, 100], [0.8605793872175534, 0.08381991245837747, 150], [0.8779608057082757, 0.12744022125772841, 200], [0.8931733754856892, 0.1546529501141515, 250], [0.889731771943294, 0.16888349067825373, 300], [0.8969728769027784, 0.14455166705700526, 350], [0.9059612524406444, 0.16035424560640685, 400], [0.8983523941861251, 0.17191542499499063, 450], [0.9018422324416691, 0.18005882918564595, 500], [0.9049546429450374, 0.19486833274249912, 550], [0.9092003300616143, 0.19098112477061135, 600], [0.9137556539729854, 0.19621380080051373, 650], [0.917027615370086, 0.1795606599722695, 700], [0.9192601262832665, 0.1865109810498278, 750], [0.9204926196810481, 0.19214853052145583, 768]], "xlm-roberta-base": [[0.7759756605248255, 0.01735501282985074, 100], [0.819690038013082, 0.009534659668968933, 150], [0.843192796700876, 0.006406341752177658, 200], [0.8816726723659212, 0.008005294234180576, 250], [0.8800251937543498, 0.009398852105032204, 300], [0.8925756624199426, 0.010094935160444733, 350], [0.9039441609259482, 0.010944893263491047, 400], [0.9088039294746881, 0.012157129919112525, 450], [0.9040619620262047, 0.019537298605612242, 500], [0.9074246572327098, 0.011378322082546207, 550], [0.9097841133932001, 0.01453196416562481, 600], [0.9140035715667119, 0.015011442231225088, 650], [0.918729008209709, 0.015674333495693984, 700], [0.9216808525114586, 0.01659101370269372, 750], [0.9218690557902757, 0.016794958901226092, 768]], "ernie-m-base_pytorch": [[0.8371873129683608, 0.04118066703490978, 100], [0.873258381465748, 0.02563446864135221, 150], [0.8816369938077618, 0.019492863966278078, 200], [0.9006613049732951, 0.023741942030913035, 250], [0.9093201270956224, 0.024322593465312257, 300], [0.9168973325234591, 0.030083613787999064, 350], [0.9202480380487139, 0.036476417961153335, 400], [0.9220835875431727, 0.040329780308620944, 450], [0.9181520306987171, 0.04876010588818714, 500], [0.9237688961958497, 0.03746695272394576, 550], [0.9211307661762739, 0.03405965351070972, 600], [0.9273080071794739, 0.036490521979473896, 650], [0.9288051176717411, 0.038617186690431134, 700], [0.9319774412573056, 0.03609655369871524, 750], [0.9340490267951121, 0.03619780056612643, 768]]}}