{"de-ro": {"bert-base-multilingual-uncased": [[0.8722702682496869, 0.03295216305096252, 100], [0.9329328682522006, 0.030415881492501008, 150], [0.9444422676516271, 0.0336604562242362, 200], [0.9533379595748954, 0.033865987922056896, 250], [0.9579407270401623, 0.040627703703257335, 300], [0.9609927267032387, 0.03512293061879966, 350], [0.966215460944404, 0.032557358808888284, 400], [0.9646932939233966, 0.031254740167462415, 450], [0.9659279322300279, 0.03387461160811194, 500], [0.9664016880026449, 0.032695944808549864, 550], [0.9691805629257979, 0.033133449060999104, 600], [0.9690137661982308, 0.03210361120678553, 650], [0.9699566414217609, 0.03676298573875746, 700], [0.9700920991448251, 0.03453952030061217, 750], [0.970753158961932, 0.0353308582665971, 768]], "mt5-base": [[0.8266892169450039, 0.08462425886436681, 100], [0.8776918916022997, 0.1246586013512983, 150], [0.9054293275134251, 0.17590845996537724, 200], [0.9199836259941989, 0.20589615605004982, 250], [0.911344968928269, 0.21562594734390392, 300], [0.9222540823674527, 0.19231505861602446, 350], [0.9278012636256059, 0.21182933600955076, 400], [0.9121662129066355, 0.2273210950877182, 450], [0.9204997136690772, 0.23309999453664865, 500], [0.9241969767682884, 0.2505261245447236, 550], [0.9284047981135631, 0.2451575760157433, 600], [0.9312538606154014, 0.25513602043875083, 650], [0.9340062849640651, 0.2313005071628384, 700], [0.9346629299087014, 0.24318933389656963, 750], [0.9344227749741307, 0.2532053174566912, 768]], "xlm-roberta-base": [[0.8044889859015651, 0.02704694434688265, 100], [0.8560908352022745, 0.014482872930328045, 150], [0.8749339626268356, 0.008124975488423131, 200], [0.9036474424881057, 0.009280336734543242, 250], [0.9109584706046646, 0.009839234060162998, 300], [0.925307865473953, 0.010746413919294802, 350], [0.9318110183341499, 0.011657237545586643, 400], [0.9398642853082457, 0.012879660860981537, 450], [0.9284402457955429, 0.024507860254211925, 500], [0.9335779855993034, 0.012633668737767247, 550], [0.9374017685780526, 0.01615116354586374, 600], [0.9403135480496527, 0.016498848416298686, 650], [0.9408825564078035, 0.01742411161382887, 700], [0.9427313033564573, 0.02011408853256329, 750], [0.9436188771897233, 0.020376935647506512, 768]], "ernie-m-base_pytorch": [[0.8596800678327516, 0.04499566931284535, 100], [0.8967764960503724, 0.02920180537848746, 150], [0.9089602089322075, 0.022059858771078456, 200], [0.9266444279193662, 0.027411751312264084, 250], [0.9354112912659163, 0.028121196803937522, 300], [0.9443222480497576, 0.03246504506083025, 350], [0.9404667088237757, 0.039853537795706405, 400], [0.9432877489491246, 0.04313442672048742, 450], [0.94151680413984, 0.05103581463938614, 500], [0.9452879312085466, 0.03870559758885351, 550], [0.9457427537489581, 0.03629081811244554, 600], [0.9497854385644232, 0.03857260996344848, 650], [0.9520171354975335, 0.04112194198658349, 700], [0.9512329020732466, 0.03883584779478918, 750], [0.9526640151400813, 0.038933535029211694, 768]]}}