{"de-ro": {"bert-base-multilingual-uncased": [[0.26524512189016786, 0.03295216305096252, 100], [0.32742404728609603, 0.030415881492501008, 150], [0.3907400035261489, 0.0336604562242362, 200], [0.3552353840910186, 0.033865987922056896, 250], [0.42740032117451554, 0.040627703703257335, 300], [0.6007017976120668, 0.03512293061879966, 350], [0.6493427964234485, 0.032557358808888284, 400], [0.640953873318269, 0.031254740167462415, 450], [0.6332411864659455, 0.03387461160811194, 500], [0.6815742733301106, 0.032695944808549864, 550], [0.6819799667159053, 0.033133449060999104, 600], [0.646963078915316, 0.03210361120678553, 650], [0.6751574794956838, 0.03676298573875746, 700], [0.6916228819218375, 0.03453952030061217, 750], [0.664432196845266, 0.0353308582665971, 768]], "mt5-base": [[0.2641768293852953, 0.08462425886436681, 100], [0.2575913972826402, 0.1246586013512983, 150], [0.23749602094687994, 0.17590845996537724, 200], [0.3298904240465603, 0.20589615605004982, 250], [0.42617188745594187, 0.21562594734390392, 300], [0.4592000535627031, 0.19231505861602446, 350], [0.44909948328398097, 0.21182933600955076, 400], [0.4848703244256275, 0.2273210950877182, 450], [0.5007685818932478, 0.23309999453664865, 500], [0.5155749993664481, 0.2505261245447236, 550], [0.44701759059232116, 0.2451575760157433, 600], [0.46204485727911626, 0.25513602043875083, 650], [0.4898811175392698, 0.2313005071628384, 700], [0.5279539426572115, 0.24318933389656963, 750], [0.586778319099854, 0.2532053174566912, 768]], "xlm-roberta-base": [[0.1172906043712768, 0.02704694434688265, 100], [0.13356424245349868, 0.014482872930328045, 150], [0.1309090675687651, 0.008124975488423131, 200], [0.21975175930866234, 0.009280336734543242, 250], [0.29188195162892416, 0.009839234060162998, 300], [0.3941384607839567, 0.010746413919294802, 350], [0.37351593159657936, 0.011657237545586643, 400], [0.5837839831660951, 0.012879660860981537, 450], [0.29305180129824504, 0.024507860254211925, 500], [0.4798447282621907, 0.012633668737767247, 550], [0.2094032190259231, 0.01615116354586374, 600], [0.2319299658678328, 0.016498848416298686, 650], [0.2139984350014096, 0.01742411161382887, 700], [0.12046171747054248, 0.02011408853256329, 750], [0.12777609230245418, 0.020376935647506512, 768]], "ernie-m-base_pytorch": [[0.325677297691942, 0.04499566931284535, 100], [0.34105708178221583, 0.02920180537848746, 150], [0.3572600018491974, 0.022059858771078456, 200], [0.4713471134532594, 0.027411751312264084, 250], [0.4311679922031983, 0.028121196803937522, 300], [0.5881899839208127, 0.03246504506083025, 350], [0.5796129573148407, 0.039853537795706405, 400], [0.5388451036374303, 0.04313442672048742, 450], [0.4992272630249691, 0.05103581463938614, 500], [0.557126826128741, 0.03870559758885351, 550], [0.20414640557912447, 0.03629081811244554, 600], [0.21907232071302965, 0.03857260996344848, 650], [0.27980185463752644, 0.04112194198658349, 700], [0.23247999942624323, 0.03883584779478918, 750], [0.2574195383895212, 0.038933535029211694, 768]]}}