{"de-ro": {"bert-base-multilingual-uncased": [[0.2856750297024408, 0.03155103038893279, 100], [0.27856821256035197, 0.02683357380942749, 150], [0.2935543824372891, 0.027981562049473198, 200], [0.2870749030824135, 0.028668026795271733, 250], [0.46425265186508635, 0.03473659295851391, 300], [0.4369418071316482, 0.028893249087371037, 350], [0.5021588580126392, 0.02742328489373143, 400], [0.577484949386705, 0.026416613647533768, 450], [0.5856322235353364, 0.028378339029692917, 500], [0.6593059406025424, 0.027868428405847537, 550], [0.5916799489080864, 0.02834821605526216, 600], [0.6380897442655813, 0.0284476904397775, 650], [0.6265553771021803, 0.031786756466185416, 700], [0.6330488630540201, 0.029838209624118903, 750], [0.5192144145379982, 0.030384049005676518, 768]], "mt5-base": [[0.2783615687909377, 0.0629126804212198, 100], [0.21839468884169252, 0.08381991245837747, 150], [0.2371828001265081, 0.12744022125772841, 200], [0.369828136637132, 0.1546529501141515, 250], [0.4784867391613364, 0.16888349067825373, 300], [0.4798377792604932, 0.14455166705700526, 350], [0.41729277393459435, 0.16035424560640685, 400], [0.4627338803863312, 0.17191542499499063, 450], [0.4421385095030386, 0.18005882918564595, 500], [0.5343521497910028, 0.19486833274249912, 550], [0.5066314635370575, 0.19098112477061135, 600], [0.523092729621026, 0.19621380080051373, 650], [0.5468769772224004, 0.1795606599722695, 700], [0.5576618913418345, 0.1865109810498278, 750], [0.5887571813507956, 0.19214853052145583, 768]], "xlm-roberta-base": [[0.07775435378832683, 0.01735501282985074, 100], [0.0655631085586069, 0.009534659668968933, 150], [0.13765153545303993, 0.006406341752177658, 200], [0.18409249318738968, 0.008005294234180576, 250], [0.2621625668005575, 0.009398852105032204, 300], [0.43900154162847804, 0.010094935160444733, 350], [0.4029704757858001, 0.010944893263491047, 400], [0.5850679027003353, 0.012157129919112525, 450], [0.40234619378024894, 0.019537298605612242, 500], [0.44450170722372034, 0.011378322082546207, 550], [0.25090881943762827, 0.01453196416562481, 600], [0.2690181741782672, 0.015011442231225088, 650], [0.23490018335803795, 0.015674333495693984, 700], [0.11613512851712848, 0.01659101370269372, 750], [0.0949359836664591, 0.016794958901226092, 768]], "ernie-m-base_pytorch": [[0.3141447173283208, 0.04118066703490978, 100], [0.31853212212292736, 0.02563446864135221, 150], [0.29968013047632014, 0.019492863966278078, 200], [0.39650487384603683, 0.023741942030913035, 250], [0.40245686372010775, 0.024322593465312257, 300], [0.5679898879832359, 0.030083613787999064, 350], [0.5574683760869664, 0.036476417961153335, 400], [0.5869806831595958, 0.040329780308620944, 450], [0.4969337827227571, 0.04876010588818714, 500], [0.5062118818099183, 0.03746695272394576, 550], [0.22738753054490807, 0.03405965351070972, 600], [0.2613868871654738, 0.036490521979473896, 650], [0.2713509314012441, 0.038617186690431134, 700], [0.2399876030655658, 0.03609655369871524, 750], [0.2566135431736321, 0.03619780056612643, 768]]}}