{"fr-en": {"bert-base-multilingual-uncased": [[0.9217125177383423, 0.04817987233400345, 100], [0.9480122327804565, 0.05567451938986778, 150], [0.963302731513977, 0.0726521909236908, 200], [0.9663608074188232, 0.05766289681196213, 250], [0.9700305461883545, 0.05567451938986778, 300], [0.9724770188331604, 0.06179260089993477, 350], [0.9737002849578857, 0.06194555014371872, 400], [0.9749235510826111, 0.07693484425544739, 450], [0.9779816269874573, 0.06882838904857635, 500], [0.9785932302474976, 0.07800550758838654, 550], [0.977370023727417, 0.0942184180021286, 600], [0.9798164963722229, 0.0929948017001152, 650], [0.9822629690170288, 0.09054756909608841, 700], [0.9804280996322632, 0.08641786873340607, 750], [0.9798164963722229, 0.08534720540046692, 768]], "mt5-base": [[0.83058100938797, 0.0948302298784256, 100], [0.8770642280578613, 0.13306821882724762, 150], [0.9021406769752502, 0.20587337017059326, 200], [0.9064220190048218, 0.2300397753715515, 250], [0.9125382304191589, 0.2170388549566269, 300], [0.9186544418334961, 0.24472317099571228, 350], [0.9198776483535767, 0.26460692286491394, 400], [0.9247705936431885, 0.26491281390190125, 450], [0.9308868050575256, 0.27363109588623047, 500], [0.9296635985374451, 0.30192720890045166, 550], [0.9296635985374451, 0.321963906288147, 600], [0.9302752017974854, 0.280208021402359, 650], [0.9308868050575256, 0.31079843640327454, 700], [0.9308868050575256, 0.30590397119522095, 750], [0.932110071182251, 0.3155399262905121, 768]], "xlm-roberta-base": [[0.8477063775062561, 0.011318446137011051, 100], [0.8923547267913818, 0.008871214464306831, 150], [0.8966360688209534, 0.01957785338163376, 200], [0.9186544418334961, 0.02799021266400814, 250], [0.9253822565078735, 0.02768430858850479, 300], [0.932110071182251, 0.017130620777606964, 350], [0.9449540972709656, 0.016365861520171165, 400], [0.9431192278862, 0.012236158363521099, 450], [0.9388378858566284, 0.015601102262735367, 500], [0.9467889666557312, 0.014530437998473644, 550], [0.9418960213661194, 0.014683390036225319, 600], [0.9486238360404968, 0.013153870590031147, 650], [0.9486238360404968, 0.012389110401272774, 700], [0.9272171258926392, 0.015295198187232018, 750], [0.9302752017974854, 0.015142246149480343, 768]], "ernie-m-base_pytorch": [[0.9308868050575256, 0.2191801816225052, 100], [0.9455657005310059, 0.2330988198518753, 150], [0.9590213894844055, 0.2878556251525879, 200], [0.9639143347740173, 0.3684613108634949, 250], [0.965749204158783, 0.2875497341156006, 300], [0.9737002849578857, 0.37121444940567017, 350], [0.9755351543426514, 0.41924136877059937, 400], [0.9749235510826111, 0.4665035307407379, 450], [0.9730886816978455, 0.4790455996990204, 500], [0.9749235510826111, 0.4169470965862274, 550], [0.974311888217926, 0.4178647994995117, 600], [0.9755351543426514, 0.44447845220565796, 650], [0.977370023727417, 0.45793822407722473, 700], [0.9755351543426514, 0.4184766113758087, 750], [0.9755351543426514, 0.4258183240890503, 768]]}}