{"fr-en": {"bert-base-multilingual-uncased": [[0.9155963063240051, 0.04817987233400345, 100], [0.9461773633956909, 0.05567451938986778, 150], [0.954740047454834, 0.0726521909236908, 200], [0.9602446556091309, 0.05766289308667183, 250], [0.9681957364082336, 0.05567451938986778, 300], [0.9681957364082336, 0.06179259717464447, 350], [0.9737002849578857, 0.06194555014371872, 400], [0.9724770784378052, 0.07693484425544739, 450], [0.9737002849578857, 0.06882838904857635, 500], [0.9749235510826111, 0.07800550758838654, 550], [0.9755351543426514, 0.0942184180021286, 600], [0.9779816269874573, 0.0929948017001152, 650], [0.9779816269874573, 0.09070052206516266, 700], [0.977370023727417, 0.08641786128282547, 750], [0.977370023727417, 0.08534719794988632, 768]], "mt5-base": [[0.7957186698913574, 0.094830222427845, 100], [0.8550458550453186, 0.13306821882724762, 150], [0.884403645992279, 0.20587335526943207, 200], [0.8929663896560669, 0.23003976047039032, 250], [0.884403645992279, 0.2170388549566269, 300], [0.8972477316856384, 0.2447231560945511, 350], [0.9021406769752502, 0.26460692286491394, 400], [0.8972477316856384, 0.26491281390190125, 450], [0.9033639430999756, 0.2736310660839081, 500], [0.9082568883895874, 0.30192720890045166, 550], [0.9070336222648621, 0.321963906288147, 600], [0.910091757774353, 0.280208021402359, 650], [0.9125382304191589, 0.31079840660095215, 700], [0.9143730998039246, 0.30590394139289856, 750], [0.9174311757087708, 0.3155399262905121, 768]], "xlm-roberta-base": [[0.8366972208023071, 0.011318446137011051, 100], [0.8642202019691467, 0.008871214464306831, 150], [0.8801223039627075, 0.01957785338163376, 200], [0.9107033610343933, 0.02799021080136299, 250], [0.9259938597679138, 0.027684306725859642, 300], [0.932110071182251, 0.017130620777606964, 350], [0.9443424940109253, 0.016365861520171165, 400], [0.9522935748100281, 0.012236157432198524, 450], [0.9461773633956909, 0.015601101331412792, 500], [0.9486238360404968, 0.01453043706715107, 550], [0.9504587054252625, 0.014683389104902744, 600], [0.954740047454834, 0.013153869658708572, 650], [0.9535168409347534, 0.012389109469950199, 700], [0.9559633135795593, 0.015295197255909443, 750], [0.9559633135795593, 0.015142245218157768, 768]], "ernie-m-base_pytorch": [[0.9198776483535767, 0.2191801816225052, 100], [0.9278287291526794, 0.2330988049507141, 150], [0.9376146793365479, 0.2878556251525879, 200], [0.9486238360404968, 0.3684613108634949, 250], [0.9541284441947937, 0.2875497043132782, 300], [0.9626911282539368, 0.37121444940567017, 350], [0.9669724702835083, 0.41924136877059937, 400], [0.9681957364082336, 0.4665035307407379, 450], [0.9590213894844055, 0.479045569896698, 500], [0.9596330523490906, 0.41694706678390503, 550], [0.9590213894844055, 0.4178647994995117, 600], [0.9626911282539368, 0.4443254768848419, 650], [0.9620795249938965, 0.45793819427490234, 700], [0.9626911282539368, 0.4184766113758087, 750], [0.9645259976387024, 0.42597123980522156, 768]]}}