{"fr-en": {"bert-base-multilingual-uncased": [[0.38532111048698425, 0.04817987233400345, 100], [0.47706422209739685, 0.05567451938986778, 150], [0.6801223158836365, 0.0726521909236908, 200], [0.7626911401748657, 0.05766289308667183, 250], [0.7351682186126709, 0.05567451938986778, 300], [0.8079510927200317, 0.06179259717464447, 350], [0.8171253800392151, 0.06194555014371872, 400], [0.8856269121170044, 0.07693484425544739, 450], [0.7718654274940491, 0.06882838904857635, 500], [0.800000011920929, 0.07800550758838654, 550], [0.8880733847618103, 0.0942184180021286, 600], [0.90152907371521, 0.0929948017001152, 650], [0.8948011994361877, 0.09070052206516266, 700], [0.9003058075904846, 0.08641786128282547, 750], [0.8703364133834839, 0.08534719794988632, 768]], "mt5-base": [[0.19510702788829803, 0.094830222427845, 100], [0.23241589963436127, 0.13306821882724762, 150], [0.4452599287033081, 0.20587335526943207, 200], [0.5229358077049255, 0.23003976047039032, 250], [0.6574923396110535, 0.2170388549566269, 300], [0.684403657913208, 0.2447231560945511, 350], [0.7168195843696594, 0.26460692286491394, 400], [0.7455657720565796, 0.26491281390190125, 450], [0.6678898930549622, 0.2736310660839081, 500], [0.7259938716888428, 0.30192720890045166, 550], [0.7853211164474487, 0.321963906288147, 600], [0.7596330046653748, 0.280208021402359, 650], [0.7816513776779175, 0.31079840660095215, 700], [0.8042813539505005, 0.30590394139289856, 750], [0.7938838005065918, 0.3155399262905121, 768]], "xlm-roberta-base": [[0.09785933047533035, 0.011318446137011051, 100], [0.1143730878829956, 0.008871214464306831, 150], [0.07522935420274734, 0.01957785338163376, 200], [0.09051987528800964, 0.02799021080136299, 250], [0.17737002670764923, 0.027684306725859642, 300], [0.2880733907222748, 0.017130620777606964, 350], [0.2978593409061432, 0.016365861520171165, 400], [0.2666666805744171, 0.012236157432198524, 450], [0.3162079453468323, 0.015601101331412792, 500], [0.2972477078437805, 0.01453043706715107, 550], [0.2996941804885864, 0.014683389104902744, 600], [0.3620795011520386, 0.013153869658708572, 650], [0.40611621737480164, 0.012389109469950199, 700], [0.12171253561973572, 0.015295197255909443, 750], [0.2648318111896515, 0.015142245218157768, 768]], "ernie-m-base_pytorch": [[0.6201834678649902, 0.2191801816225052, 100], [0.7302752137184143, 0.2330988049507141, 150], [0.7498471140861511, 0.2878556251525879, 200], [0.8489296436309814, 0.3684613108634949, 250], [0.8446483016014099, 0.2875497043132782, 300], [0.8238531947135925, 0.37121444940567017, 350], [0.8483180403709412, 0.41924136877059937, 400], [0.875840961933136, 0.4665035307407379, 450], [0.845259964466095, 0.479045569896698, 500], [0.8428134322166443, 0.41694706678390503, 550], [0.8110091686248779, 0.4178647994995117, 600], [0.8024464845657349, 0.4443254768848419, 650], [0.8434250950813293, 0.45793819427490234, 700], [0.8415902256965637, 0.4184766113758087, 750], [0.8501529097557068, 0.42597123980522156, 768]]}}