{"fr-en": {"bert-base-multilingual-uncased": [[0.4511999785900116, 0.04439999908208847, 100], [0.42239999771118164, 0.053999997675418854, 150], [0.6967999935150146, 0.07000000029802322, 200], [0.6911999583244324, 0.055799998342990875, 250], [0.7215999960899353, 0.05299999937415123, 300], [0.7752000093460083, 0.057999998331069946, 350], [0.8671999573707581, 0.058399997651576996, 400], [0.7991999983787537, 0.07360000163316727, 450], [0.8871999979019165, 0.06560000032186508, 500], [0.9103999733924866, 0.07479999959468842, 550], [0.9192000031471252, 0.08879999816417694, 600], [0.9343999624252319, 0.08899999409914017, 650], [0.9287999868392944, 0.08619999885559082, 700], [0.9311999678611755, 0.08299999684095383, 750], [0.925599992275238, 0.08259999752044678, 768]], "mt5-base": [[0.20799998939037323, 0.10920000076293945, 100], [0.295199990272522, 0.14139999449253082, 150], [0.5144000053405762, 0.21639999747276306, 200], [0.5655999779701233, 0.2443999946117401, 250], [0.6607999801635742, 0.2287999987602234, 300], [0.7295999526977539, 0.25619998574256897, 350], [0.8039999604225159, 0.2784000039100647, 400], [0.7799999713897705, 0.2807999849319458, 450], [0.7928000092506409, 0.28599998354911804, 500], [0.7623999714851379, 0.3155999779701233, 550], [0.8255999684333801, 0.337799996137619, 600], [0.8479999899864197, 0.29580000042915344, 650], [0.8263999819755554, 0.3278000056743622, 700], [0.8399999737739563, 0.3211999833583832, 750], [0.8687999844551086, 0.32999998331069946, 768]], "xlm-roberta-base": [[0.09919999539852142, 0.011799999512732029, 100], [0.15760000050067902, 0.009999999776482582, 150], [0.09119999408721924, 0.021399999037384987, 200], [0.17679999768733978, 0.02879999950528145, 250], [0.26159998774528503, 0.029199998825788498, 300], [0.2719999849796295, 0.017799999564886093, 350], [0.3351999819278717, 0.01599999889731407, 400], [0.24799999594688416, 0.011799999512732029, 450], [0.4472000002861023, 0.015599999576807022, 500], [0.3215999901294708, 0.013799999840557575, 550], [0.3903999924659729, 0.014399999752640724, 600], [0.5080000162124634, 0.012399999424815178, 650], [0.42239999771118164, 0.011799999512732029, 700], [0.2184000015258789, 0.014399999752640724, 750], [0.25920000672340393, 0.014800000004470348, 768]], "ernie-m-base_pytorch": [[0.5888000130653381, 0.22659999132156372, 100], [0.6976000070571899, 0.24039998650550842, 150], [0.7871999740600586, 0.3009999990463257, 200], [0.8495999574661255, 0.37619999051094055, 250], [0.8592000007629395, 0.30559998750686646, 300], [0.8607999682426453, 0.38999998569488525, 350], [0.8736000061035156, 0.43639999628067017, 400], [0.8863999843597412, 0.4787999987602234, 450], [0.8871999979019165, 0.49139997363090515, 500], [0.8695999979972839, 0.4309999942779541, 550], [0.8471999764442444, 0.42980000376701355, 600], [0.8575999736785889, 0.4607999920845032, 650], [0.8863999843597412, 0.4717999994754791, 700], [0.8743999600410461, 0.438400000333786, 750], [0.9007999897003174, 0.4438000023365021, 768]]}}