{"nl-ro": {"bert-base-multilingual-uncased": [[0.7418960332870483, 0.005353319458663464, 100], [0.8250764608383179, 0.00703579094260931, 150], [0.8654434084892273, 0.005965127144008875, 200], [0.8788990378379822, 0.005200367420911789, 250], [0.8935779333114624, 0.00458855926990509, 300], [0.898470938205719, 0.004435607232153416, 350], [0.9033638834953308, 0.00489446334540844, 400], [0.9076452255249023, 0.005353319458663464, 450], [0.909480094909668, 0.006729886867105961, 500], [0.9100916981697083, 0.00703579094260931, 550], [0.9119265675544739, 0.0068828389048576355, 600], [0.918042778968811, 0.0073416950181126595, 650], [0.9155963063240051, 0.007800551131367683, 700], [0.921100914478302, 0.0065769352950155735, 750], [0.9198776483535767, 0.0068828389048576355, 768]], "mt5-base": [[0.698470950126648, 0.040226370096206665, 100], [0.7871559262275696, 0.06745181977748871, 150], [0.8220183253288269, 0.08886510133743286, 200], [0.8452599048614502, 0.09819517284631729, 250], [0.8452599048614502, 0.08657082170248032, 300], [0.856269121170044, 0.0948302298784256, 350], [0.8678898811340332, 0.10568981617689133, 400], [0.8574923276901245, 0.0926889032125473, 450], [0.8660550117492676, 0.09895993024110794, 500], [0.8709480166435242, 0.10431324690580368, 550], [0.8752293586730957, 0.10813704878091812, 600], [0.8746176958084106, 0.11930254101753235, 650], [0.8764525651931763, 0.12312634289264679, 700], [0.8721712231636047, 0.13260936737060547, 750], [0.8740060925483704, 0.13872744143009186, 768]], "xlm-roberta-base": [[0.6379204988479614, 0.005506271496415138, 100], [0.7345565557479858, 0.0015295197954401374, 150], [0.760244607925415, 0.0021413275972008705, 200], [0.796941876411438, 0.0018354237545281649, 250], [0.8048929572105408, 0.0026001837104558945, 300], [0.8360856175422668, 0.002294279634952545, 350], [0.8458715677261353, 0.0029060875531286, 400], [0.8623852729797363, 0.0032119916286319494, 450], [0.8568807244300842, 0.0036708475090563297, 500], [0.8544342517852783, 0.0021413275972008705, 550], [0.8440366983413696, 0.0036708475090563297, 600], [0.8489296436309814, 0.0033649434335529804, 650], [0.8483180403709412, 0.003517895471304655, 700], [0.796941876411438, 0.004282655194401741, 750], [0.7981651425361633, 0.003976751584559679, 768]], "ernie-m-base_pytorch": [[0.7474005818367004, 0.014989294111728668, 100], [0.8067278265953064, 0.008412359282374382, 150], [0.8244647979736328, 0.007647599093616009, 200], [0.8464831709861755, 0.007647599093616009, 250], [0.8605504631996155, 0.015142246149480343, 300], [0.8709480166435242, 0.01835423707962036, 350], [0.8899082541465759, 0.02401346154510975, 400], [0.8972476720809937, 0.026154788210988045, 450], [0.886850118637085, 0.020495565608143806, 500], [0.8966360688209534, 0.017283573746681213, 550], [0.8899082541465759, 0.015601102262735367, 600], [0.8941895961761475, 0.015907006338238716, 650], [0.895412802696228, 0.017283573746681213, 700], [0.8917431235313416, 0.016212910413742065, 750], [0.895412802696228, 0.015907006338238716, 768]]}}