{"nl-ro": {"bert-base-multilingual-uncased": [[0.7655999660491943, 0.004600000102072954, 100], [0.8527999520301819, 0.006399999838322401, 150], [0.8895999789237976, 0.005399999674409628, 200], [0.9127999544143677, 0.004399999976158142, 250], [0.9296000003814697, 0.0037999998312443495, 300], [0.9343999624252319, 0.003999999724328518, 350], [0.94159996509552, 0.005799999926239252, 400], [0.9368000030517578, 0.00559999980032444, 450], [0.9423999786376953, 0.006799999624490738, 500], [0.9440000057220459, 0.006799999624490738, 550], [0.9423999786376953, 0.007199999876320362, 600], [0.9407999515533447, 0.007799999788403511, 650], [0.9447999596595764, 0.008200000040233135, 700], [0.9440000057220459, 0.006599999964237213, 750], [0.9423999786376953, 0.006599999964237213, 768]], "mt5-base": [[0.7351999878883362, 0.04899999871850014, 100], [0.7967999577522278, 0.08379999548196793, 150], [0.8503999710083008, 0.10279999673366547, 200], [0.8775999546051025, 0.10480000078678131, 250], [0.8759999871253967, 0.09099999815225601, 300], [0.8775999546051025, 0.09779999405145645, 350], [0.8831999897956848, 0.1136000007390976, 400], [0.8840000033378601, 0.09879999607801437, 450], [0.8831999897956848, 0.10480000078678131, 500], [0.892799973487854, 0.11059999465942383, 550], [0.8912000060081482, 0.11739999800920486, 600], [0.8935999870300293, 0.1273999959230423, 650], [0.8959999680519104, 0.13220000267028809, 700], [0.8959999680519104, 0.1419999897480011, 750], [0.8944000005722046, 0.14919999241828918, 768]], "xlm-roberta-base": [[0.667199969291687, 0.004999999888241291, 100], [0.7871999740600586, 0.0011999999405816197, 150], [0.7983999848365784, 0.002199999988079071, 200], [0.8271999955177307, 0.0015999999595806003, 250], [0.8335999846458435, 0.001999999862164259, 300], [0.8623999953269958, 0.0017999999690800905, 350], [0.8664000034332275, 0.002199999988079071, 400], [0.8815999627113342, 0.0026000000070780516, 450], [0.8751999735832214, 0.00279999990016222, 500], [0.8759999871253967, 0.0017999999690800905, 550], [0.8703999519348145, 0.00279999990016222, 600], [0.8791999816894531, 0.0026000000070780516, 650], [0.8887999653816223, 0.0026000000070780516, 700], [0.8479999899864197, 0.0037999998312443495, 750], [0.8495999574661255, 0.003599999938160181, 768]], "ernie-m-base_pytorch": [[0.7839999794960022, 0.014599999412894249, 100], [0.8423999547958374, 0.01759999990463257, 150], [0.8607999682426453, 0.011599999852478504, 200], [0.8840000033378601, 0.012399999424815178, 250], [0.8863999843597412, 0.017999999225139618, 300], [0.9016000032424927, 0.01939999870955944, 350], [0.9047999978065491, 0.02419999986886978, 400], [0.9095999598503113, 0.026200000196695328, 450], [0.9175999760627747, 0.02199999988079071, 500], [0.9264000058174133, 0.01679999940097332, 550], [0.9120000004768372, 0.015599999576807022, 600], [0.920799970626831, 0.016599999740719795, 650], [0.91839998960495, 0.01759999990463257, 700], [0.9264000058174133, 0.016999999061226845, 750], [0.9264000058174133, 0.015799999237060547, 768]]}}