{"nl-ro": {"bert-base-multilingual-uncased": [[0.7039755582809448, 0.005353318993002176, 100], [0.7981651425361633, 0.00703579094260931, 150], [0.842201828956604, 0.005965127144008875, 200], [0.8623853325843811, 0.005200366955250502, 250], [0.8776758313179016, 0.00458855926990509, 300], [0.8886849880218506, 0.004435607232153416, 350], [0.8923547267913818, 0.00489446334540844, 400], [0.8892966508865356, 0.005353318993002176, 450], [0.884403645992279, 0.006729886867105961, 500], [0.8935779929161072, 0.00703579094260931, 550], [0.898470938205719, 0.0068828389048576355, 600], [0.9021406769752502, 0.007341694552451372, 650], [0.9033639430999756, 0.007800550665706396, 700], [0.9039755463600159, 0.006576934829354286, 750], [0.9045871496200562, 0.0068828389048576355, 768]], "mt5-base": [[0.6899082660675049, 0.040226370096206665, 100], [0.7535167932510376, 0.06745181977748871, 150], [0.8012232184410095, 0.08886509388685226, 200], [0.8244648575782776, 0.0981951653957367, 250], [0.8171253800392151, 0.08657081425189972, 300], [0.8330275416374207, 0.094830222427845, 350], [0.8385320901870728, 0.10568981617689133, 400], [0.8360856175422668, 0.0926888957619667, 450], [0.8324158787727356, 0.09895993024110794, 500], [0.8434250950813293, 0.10431324690580368, 550], [0.842201828956604, 0.10813704133033752, 600], [0.8470947742462158, 0.11930254101753235, 650], [0.8483180403709412, 0.12312633544206619, 700], [0.8550458550453186, 0.13260936737060547, 750], [0.8544342517852783, 0.13872744143009186, 768]], "xlm-roberta-base": [[0.5969418883323669, 0.005506271030753851, 100], [0.6373088955879211, 0.0015295196790248156, 150], [0.6703363656997681, 0.0021413275972008705, 200], [0.7425076365470886, 0.001835423638112843, 250], [0.7590214014053345, 0.002600183477625251, 300], [0.7908256649971008, 0.002294279634952545, 350], [0.808562695980072, 0.0029060875531286, 400], [0.8244648575782776, 0.0032119913958013058, 450], [0.8232415914535522, 0.003670847276225686, 500], [0.8220183253288269, 0.0021413275972008705, 550], [0.8354740142822266, 0.003670847276225686, 600], [0.8501529097557068, 0.0033649434335529804, 650], [0.8464831709861755, 0.003517895471304655, 700], [0.8525993824005127, 0.004282655194401741, 750], [0.8525993824005127, 0.003976751118898392, 768]], "ernie-m-base_pytorch": [[0.71804279088974, 0.014989293180406094, 100], [0.7712538242340088, 0.008412358351051807, 150], [0.7761467695236206, 0.0076475986279547215, 200], [0.8103975653648376, 0.0076475986279547215, 250], [0.8336391448974609, 0.015142245218157768, 300], [0.8525993824005127, 0.01835423707962036, 350], [0.8642202019691467, 0.0240134596824646, 400], [0.8654434084892273, 0.026154788210988045, 450], [0.8495413064956665, 0.020495563745498657, 500], [0.8556575179100037, 0.017283573746681213, 550], [0.8593271970748901, 0.015601101331412792, 600], [0.8666666746139526, 0.015907004475593567, 650], [0.875840961933136, 0.017283573746681213, 700], [0.8776758313179016, 0.016212908551096916, 750], [0.8795107007026672, 0.015907004475593567, 768]]}}