{"nl-ro": {"bert-base-multilingual-uncased": [[0.736799955368042, 0.004600000102072954, 100], [0.8279999494552612, 0.006399999838322401, 150], [0.8527999520301819, 0.005399999674409628, 200], [0.8799999952316284, 0.004399999976158142, 250], [0.9031999707221985, 0.0037999998312443495, 300], [0.9127999544143677, 0.003999999724328518, 350], [0.9167999625205994, 0.005799999926239252, 400], [0.9111999869346619, 0.00559999980032444, 450], [0.913599967956543, 0.006799999624490738, 500], [0.9175999760627747, 0.006799999624490738, 550], [0.9231999516487122, 0.007199999876320362, 600], [0.9264000058174133, 0.007799999788403511, 650], [0.925599992275238, 0.008200000040233135, 700], [0.9264000058174133, 0.006599999964237213, 750], [0.9271999597549438, 0.006599999964237213, 768]], "mt5-base": [[0.7215999960899353, 0.04899999871850014, 100], [0.7871999740600586, 0.08379999548196793, 150], [0.8312000036239624, 0.10279999673366547, 200], [0.85999995470047, 0.10480000078678131, 250], [0.8535999655723572, 0.09099999815225601, 300], [0.8664000034332275, 0.09779999405145645, 350], [0.8751999735832214, 0.1136000007390976, 400], [0.8623999953269958, 0.09879999607801437, 450], [0.8711999654769897, 0.10480000078678131, 500], [0.8791999816894531, 0.11059999465942383, 550], [0.8815999627113342, 0.11739999800920486, 600], [0.8887999653816223, 0.1273999959230423, 650], [0.8912000060081482, 0.13220000267028809, 700], [0.8959999680519104, 0.1419999897480011, 750], [0.8967999815940857, 0.14919999241828918, 768]], "xlm-roberta-base": [[0.6304000020027161, 0.004999999888241291, 100], [0.6759999990463257, 0.0011999999405816197, 150], [0.7039999961853027, 0.002199999988079071, 200], [0.7599999904632568, 0.0015999999595806003, 250], [0.7807999849319458, 0.001999999862164259, 300], [0.8175999522209167, 0.0017999999690800905, 350], [0.8351999521255493, 0.002199999988079071, 400], [0.8463999629020691, 0.0026000000070780516, 450], [0.8423999547958374, 0.00279999990016222, 500], [0.8479999899864197, 0.0017999999690800905, 550], [0.8551999926567078, 0.00279999990016222, 600], [0.8679999709129333, 0.0026000000070780516, 650], [0.8711999654769897, 0.0026000000070780516, 700], [0.8727999925613403, 0.0037999998312443495, 750], [0.8759999871253967, 0.003599999938160181, 768]], "ernie-m-base_pytorch": [[0.7631999850273132, 0.014599999412894249, 100], [0.7983999848365784, 0.01759999990463257, 150], [0.8032000064849854, 0.011599999852478504, 200], [0.8327999711036682, 0.012399999424815178, 250], [0.8495999574661255, 0.017999999225139618, 300], [0.8519999980926514, 0.01939999870955944, 350], [0.8679999709129333, 0.02419999986886978, 400], [0.8775999546051025, 0.026200000196695328, 450], [0.8671999573707581, 0.02199999988079071, 500], [0.8815999627113342, 0.01679999940097332, 550], [0.8823999762535095, 0.015599999576807022, 600], [0.8944000005722046, 0.016599999740719795, 650], [0.8991999626159668, 0.01759999990463257, 700], [0.9047999978065491, 0.016999999061226845, 750], [0.9055999517440796, 0.015799999237060547, 768]]}}