{"nl-ro": {"bert-base-multilingual-uncased": [[0.05999999865889549, 0.004600000102072954, 100], [0.12479999661445618, 0.006399999838322401, 150], [0.18959999084472656, 0.005399999674409628, 200], [0.19759999215602875, 0.004399999976158142, 250], [0.35839998722076416, 0.0037999998312443495, 300], [0.36079999804496765, 0.003999999724328518, 350], [0.4039999842643738, 0.005799999926239252, 400], [0.42080000042915344, 0.00559999980032444, 450], [0.46639999747276306, 0.006799999624490738, 500], [0.47039997577667236, 0.006799999624490738, 550], [0.46719998121261597, 0.007199999876320362, 600], [0.47439998388290405, 0.007799999788403511, 650], [0.47519999742507935, 0.008200000040233135, 700], [0.47759997844696045, 0.006599999964237213, 750], [0.4983999729156494, 0.006599999964237213, 768]], "mt5-base": [[0.13359999656677246, 0.04899999871850014, 100], [0.20559999346733093, 0.08379999548196793, 150], [0.18799999356269836, 0.10279999673366547, 200], [0.14319999516010284, 0.10480000078678131, 250], [0.31279999017715454, 0.09099999815225601, 300], [0.26479998230934143, 0.09779999405145645, 350], [0.3215999901294708, 0.1136000007390976, 400], [0.24719999730587006, 0.09879999607801437, 450], [0.29600000381469727, 0.10480000078678131, 500], [0.2759999930858612, 0.11059999465942383, 550], [0.3391999900341034, 0.11739999800920486, 600], [0.323199987411499, 0.1273999959230423, 650], [0.35920000076293945, 0.13220000267028809, 700], [0.3879999816417694, 0.1419999897480011, 750], [0.3840000033378601, 0.14919999241828918, 768]], "xlm-roberta-base": [[0.02879999950528145, 0.004999999888241291, 100], [0.10480000078678131, 0.0011999999405816197, 150], [0.07999999821186066, 0.002199999988079071, 200], [0.1623999923467636, 0.0015999999595806003, 250], [0.3303999900817871, 0.001999999862164259, 300], [0.30559998750686646, 0.0017999999690800905, 350], [0.4359999895095825, 0.002199999988079071, 400], [0.4007999897003174, 0.0026000000070780516, 450], [0.35679998993873596, 0.00279999990016222, 500], [0.31200000643730164, 0.0017999999690800905, 550], [0.20559999346733093, 0.00279999990016222, 600], [0.1679999977350235, 0.0026000000070780516, 650], [0.1599999964237213, 0.0026000000070780516, 700], [0.07360000163316727, 0.0037999998312443495, 750], [0.09679999947547913, 0.003599999938160181, 768]], "ernie-m-base_pytorch": [[0.14479999244213104, 0.014599999412894249, 100], [0.14720000326633453, 0.01759999990463257, 150], [0.12799999117851257, 0.011599999852478504, 200], [0.20160000026226044, 0.012399999424815178, 250], [0.19039998948574066, 0.017999999225139618, 300], [0.2680000066757202, 0.01939999870955944, 350], [0.2703999876976013, 0.02419999986886978, 400], [0.274399995803833, 0.026200000196695328, 450], [0.2800000011920929, 0.02199999988079071, 500], [0.2807999849319458, 0.01679999940097332, 550], [0.10239999741315842, 0.015599999576807022, 600], [0.14239999651908875, 0.016599999740719795, 650], [0.10799999535083771, 0.01759999990463257, 700], [0.12479999661445618, 0.016999999061226845, 750], [0.14319999516010284, 0.015799999237060547, 768]]}}