{"nl-ro": {"bert-base-multilingual-uncased": [[0.03975535184144974, 0.005353318993002176, 100], [0.07828745990991592, 0.00703579094260931, 150], [0.15840978920459747, 0.005965127144008875, 200], [0.1602446436882019, 0.005200366955250502, 250], [0.22752293944358826, 0.00458855926990509, 300], [0.32721713185310364, 0.004435607232153416, 350], [0.3180428147315979, 0.00489446334540844, 400], [0.37492355704307556, 0.005353318993002176, 450], [0.4550458788871765, 0.006729886867105961, 500], [0.46666666865348816, 0.00703579094260931, 550], [0.4152905344963074, 0.0068828389048576355, 600], [0.47217124700546265, 0.007341694552451372, 650], [0.39816513657569885, 0.007800550665706396, 700], [0.36758410930633545, 0.006576934829354286, 750], [0.31743118166923523, 0.0068828389048576355, 768]], "mt5-base": [[0.10091742873191833, 0.040226370096206665, 100], [0.12232416123151779, 0.06745181977748871, 150], [0.14617736637592316, 0.08886509388685226, 200], [0.16941896080970764, 0.0981951653957367, 250], [0.26360857486724854, 0.08657081425189972, 300], [0.25871559977531433, 0.094830222427845, 350], [0.3100917339324951, 0.10568981617689133, 400], [0.3033639192581177, 0.0926888957619667, 450], [0.29174312949180603, 0.09895993024110794, 500], [0.2868501543998718, 0.10431324690580368, 550], [0.3021406829357147, 0.10813704133033752, 600], [0.3162079453468323, 0.11930254101753235, 650], [0.31131497025489807, 0.12312633544206619, 700], [0.49785932898521423, 0.13260936737060547, 750], [0.46483179926872253, 0.13872744143009186, 768]], "xlm-roberta-base": [[0.023241590708494186, 0.005506271030753851, 100], [0.050764527171850204, 0.0015295196790248156, 150], [0.12354739755392075, 0.0021413275972008705, 200], [0.09051987528800964, 0.001835423638112843, 250], [0.28562691807746887, 0.002600183477625251, 300], [0.24097859859466553, 0.002294279634952545, 350], [0.29602447152137756, 0.0029060875531286, 400], [0.3663608431816101, 0.0032119913958013058, 450], [0.37553516030311584, 0.003670847276225686, 500], [0.2666666805744171, 0.0021413275972008705, 550], [0.11926605552434921, 0.003670847276225686, 600], [0.14617736637592316, 0.0033649434335529804, 650], [0.22691132128238678, 0.003517895471304655, 700], [0.1474006175994873, 0.004282655194401741, 750], [0.13577981293201447, 0.003976751118898392, 768]], "ernie-m-base_pytorch": [[0.12354739755392075, 0.014989293180406094, 100], [0.13088685274124146, 0.008412358351051807, 150], [0.10214067250490189, 0.0076475986279547215, 200], [0.162691131234169, 0.0076475986279547215, 250], [0.22446483373641968, 0.015142245218157768, 300], [0.24587155878543854, 0.01835423707962036, 350], [0.2923547327518463, 0.0240134596824646, 400], [0.29174312949180603, 0.026154788210988045, 450], [0.2538226246833801, 0.020495563745498657, 500], [0.27155962586402893, 0.017283573746681213, 550], [0.07522935420274734, 0.015601101331412792, 600], [0.07767584174871445, 0.015907004475593567, 650], [0.08868501335382462, 0.017283573746681213, 700], [0.08318042755126953, 0.016212908551096916, 750], [0.10275229066610336, 0.015907004475593567, 768]]}}