{"fr-ro": {"bert-base-multilingual-uncased": [[0.8960244655609131, 0.015754053369164467, 100], [0.9247705936431885, 0.01973080448806286, 150], [0.9302752017974854, 0.01407158188521862, 200], [0.9351681470870972, 0.017130620777606964, 250], [0.9400611519813538, 0.022636892274022102, 300], [0.9455657005310059, 0.016365861520171165, 350], [0.9467889666557312, 0.015448150224983692, 400], [0.9474005699157715, 0.015754053369164467, 450], [0.9510703086853027, 0.01407158188521862, 500], [0.9559632539749146, 0.014683390036225319, 550], [0.9553516507148743, 0.015754053369164467, 600], [0.9535167813301086, 0.01835423707962036, 650], [0.9510703086853027, 0.021872133016586304, 700], [0.9535167813301086, 0.020954420790076256, 750], [0.9510703086853027, 0.022330988198518753, 768]], "mt5-base": [[0.7590214014053345, 0.05766289681196213, 100], [0.8073394298553467, 0.10813704878091812, 150], [0.8409785628318787, 0.15188132226467133, 200], [0.8550458550453186, 0.17436525225639343, 250], [0.8593271970748901, 0.1853778064250946, 300], [0.8611620664596558, 0.1878250241279602, 350], [0.8685014843940735, 0.2431936413049698, 400], [0.8623852729797363, 0.21535637974739075, 450], [0.8703363537788391, 0.2327929139137268, 500], [0.8782874345779419, 0.25237077474594116, 550], [0.8782874345779419, 0.2669011950492859, 600], [0.8770642280578613, 0.26705417037010193, 650], [0.8764525651931763, 0.29917407035827637, 700], [0.8752293586730957, 0.3060569167137146, 750], [0.8764525651931763, 0.30988070368766785, 768]], "xlm-roberta-base": [[0.7669724822044373, 0.0018354237545281649, 100], [0.807951033115387, 0.00122361583635211, 150], [0.8250764608383179, 0.0013765678741037846, 200], [0.8544342517852783, 0.0026001837104558945, 250], [0.8513761162757874, 0.005965127144008875, 300], [0.8636085391044617, 0.0032119916286319494, 350], [0.8776758313179016, 0.0033649434335529804, 400], [0.8850152492523193, 0.0030590395908802748, 450], [0.8831803798675537, 0.006423983257263899, 500], [0.8831803798675537, 0.007800551131367683, 550], [0.8807339072227478, 0.007800551131367683, 600], [0.8837920427322388, 0.005965127144008875, 650], [0.8923547267913818, 0.005506271496415138, 700], [0.8636085391044617, 0.0061180791817605495, 750], [0.8709480166435242, 0.006423983257263899, 768]], "ernie-m-base_pytorch": [[0.8214067220687866, 0.026307741180062294, 100], [0.8581039309501648, 0.015448150224983692, 150], [0.875840961933136, 0.016365861520171165, 200], [0.8856269121170044, 0.031508106738328934, 250], [0.8923547267913818, 0.03686142712831497, 300], [0.8990825414657593, 0.04420312121510506, 350], [0.9009174108505249, 0.06209850311279297, 400], [0.9039754867553711, 0.06913429498672485, 450], [0.8990825414657593, 0.058886513113975525, 500], [0.9021406769752502, 0.06531049311161041, 550], [0.9082568883895874, 0.05796879902482033, 600], [0.909480094909668, 0.0683695375919342, 650], [0.9070336222648621, 0.0723462849855423, 700], [0.9119265675544739, 0.05781584978103638, 750], [0.9082568883895874, 0.05536861717700958, 768]]}}