{"fr-ro": {"bert-base-multilingual-uncased": [[0.9007999897003174, 0.015599999576807022, 100], [0.9447999596595764, 0.02019999921321869, 150], [0.9575999975204468, 0.017400000244379044, 200], [0.9583999514579773, 0.02019999921321869, 250], [0.9639999866485596, 0.025599999353289604, 300], [0.9679999947547913, 0.017999999225139618, 350], [0.972000002861023, 0.015399999916553497, 400], [0.972000002861023, 0.015799999237060547, 450], [0.9727999567985535, 0.015199999324977398, 500], [0.9703999757766724, 0.015199999324977398, 550], [0.9711999893188477, 0.01719999872148037, 600], [0.9727999567985535, 0.02019999921321869, 650], [0.9695999622344971, 0.023399999365210533, 700], [0.9695999622344971, 0.022599998861551285, 750], [0.9679999947547913, 0.025200000032782555, 768]], "mt5-base": [[0.7831999659538269, 0.06619999557733536, 100], [0.8367999792098999, 0.11759999394416809, 150], [0.8711999654769897, 0.16380000114440918, 200], [0.8815999627113342, 0.18539999425411224, 250], [0.8871999979019165, 0.19999998807907104, 300], [0.8887999653816223, 0.20179998874664307, 350], [0.9016000032424927, 0.26639997959136963, 400], [0.8951999545097351, 0.23659999668598175, 450], [0.897599995136261, 0.25220000743865967, 500], [0.8999999761581421, 0.2694000005722046, 550], [0.9007999897003174, 0.2847999930381775, 600], [0.8935999870300293, 0.28679999709129333, 650], [0.9031999707221985, 0.31700000166893005, 700], [0.9023999571800232, 0.3240000009536743, 750], [0.9016000032424927, 0.32760000228881836, 768]], "xlm-roberta-base": [[0.7999999523162842, 0.001999999862164259, 100], [0.8367999792098999, 0.00139999995008111, 150], [0.8447999954223633, 0.0017999999690800905, 200], [0.8736000061035156, 0.0031999999191612005, 250], [0.8871999979019165, 0.00839999970048666, 300], [0.8967999815940857, 0.003399999812245369, 350], [0.9071999788284302, 0.003599999938160181, 400], [0.9095999598503113, 0.003399999812245369, 450], [0.9047999978065491, 0.00699999975040555, 500], [0.9071999788284302, 0.008999999612569809, 550], [0.897599995136261, 0.013599999248981476, 600], [0.9039999842643738, 0.010599999688565731, 650], [0.9055999517440796, 0.009999999776482582, 700], [0.8863999843597412, 0.010799999348819256, 750], [0.887999951839447, 0.011599999852478504, 768]], "ernie-m-base_pytorch": [[0.8575999736785889, 0.030799999833106995, 100], [0.892799973487854, 0.018400000408291817, 150], [0.8951999545097351, 0.020399998873472214, 200], [0.9095999598503113, 0.035999998450279236, 250], [0.91839998960495, 0.036399997770786285, 300], [0.9271999597549438, 0.04259999841451645, 350], [0.9343999624252319, 0.06059999763965607, 400], [0.9303999543190002, 0.06780000030994415, 450], [0.9287999868392944, 0.05819999799132347, 500], [0.9296000003814697, 0.06340000033378601, 550], [0.9264000058174133, 0.05900000035762787, 600], [0.9279999732971191, 0.06859999895095825, 650], [0.9303999543190002, 0.07319999486207962, 700], [0.9319999814033508, 0.05779999867081642, 750], [0.9335999488830566, 0.055399999022483826, 768]]}}