{"fr-ro": {"bert-base-multilingual-uncased": [[0.8991999626159668, 0.015599999576807022, 100], [0.9327999949455261, 0.02019999921321869, 150], [0.9447999596595764, 0.017400000244379044, 200], [0.9559999704360962, 0.02019999921321869, 250], [0.9607999920845032, 0.025599999353289604, 300], [0.9599999785423279, 0.017999999225139618, 350], [0.9655999541282654, 0.015399999916553497, 400], [0.967199981212616, 0.015799999237060547, 450], [0.967199981212616, 0.015199999324977398, 500], [0.9583999514579773, 0.015199999324977398, 550], [0.9615999460220337, 0.01719999872148037, 600], [0.9631999731063843, 0.02019999921321869, 650], [0.9639999866485596, 0.023399999365210533, 700], [0.9631999731063843, 0.022599998861551285, 750], [0.962399959564209, 0.025200000032782555, 768]], "mt5-base": [[0.7784000039100647, 0.06619999557733536, 100], [0.8295999765396118, 0.11759999394416809, 150], [0.8567999601364136, 0.16380000114440918, 200], [0.8687999844551086, 0.18539999425411224, 250], [0.8679999709129333, 0.19999998807907104, 300], [0.8751999735832214, 0.20179998874664307, 350], [0.8831999897956848, 0.26639997959136963, 400], [0.871999979019165, 0.23659999668598175, 450], [0.8703999519348145, 0.25220000743865967, 500], [0.8687999844551086, 0.2694000005722046, 550], [0.8759999871253967, 0.2847999930381775, 600], [0.876800000667572, 0.28679999709129333, 650], [0.8815999627113342, 0.31700000166893005, 700], [0.8823999762535095, 0.3240000009536743, 750], [0.887999951839447, 0.32760000228881836, 768]], "xlm-roberta-base": [[0.7583999633789062, 0.001999999862164259, 100], [0.7879999876022339, 0.00139999995008111, 150], [0.8087999820709229, 0.0017999999690800905, 200], [0.8543999791145325, 0.0031999999191612005, 250], [0.8664000034332275, 0.00839999970048666, 300], [0.8863999843597412, 0.003399999812245369, 350], [0.8935999870300293, 0.003599999938160181, 400], [0.8999999761581421, 0.003399999812245369, 450], [0.8912000060081482, 0.00699999975040555, 500], [0.8887999653816223, 0.008999999612569809, 550], [0.8951999545097351, 0.013599999248981476, 600], [0.9047999978065491, 0.010599999688565731, 650], [0.9031999707221985, 0.009999999776482582, 700], [0.9023999571800232, 0.010799999348819256, 750], [0.9055999517440796, 0.011599999852478504, 768]], "ernie-m-base_pytorch": [[0.8416000008583069, 0.030799999833106995, 100], [0.8671999573707581, 0.018400000408291817, 150], [0.8623999953269958, 0.020399998873472214, 200], [0.8847999572753906, 0.035999998450279236, 250], [0.9007999897003174, 0.036399997770786285, 300], [0.9039999842643738, 0.04259999841451645, 350], [0.9095999598503113, 0.06059999763965607, 400], [0.9159999489784241, 0.06780000030994415, 450], [0.913599967956543, 0.05819999799132347, 500], [0.9167999625205994, 0.06340000033378601, 550], [0.9143999814987183, 0.05900000035762787, 600], [0.9192000031471252, 0.06859999895095825, 650], [0.920799970626831, 0.07319999486207962, 700], [0.925599992275238, 0.05779999867081642, 750], [0.9239999651908875, 0.055399999022483826, 768]]}}