{"fr-ro": {"bert-base-multilingual-uncased": [[0.8868501782417297, 0.015754053369164467, 100], [0.9125382304191589, 0.01973080448806286, 150], [0.9247706532478333, 0.01407158188521862, 200], [0.9333333373069763, 0.017130620777606964, 250], [0.940672755241394, 0.022636892274022102, 300], [0.943730890750885, 0.016365861520171165, 350], [0.9449541568756104, 0.015448149293661118, 400], [0.9431192874908447, 0.015754053369164467, 450], [0.9443424940109253, 0.01407158188521862, 500], [0.9455657601356506, 0.014683389104902744, 550], [0.943730890750885, 0.015754053369164467, 600], [0.9455657601356506, 0.01835423707962036, 650], [0.9461773633956909, 0.021872133016586304, 700], [0.9467889666557312, 0.020954420790076256, 750], [0.9480122327804565, 0.022330988198518753, 768]], "mt5-base": [[0.7229357957839966, 0.05766289308667183, 100], [0.7944954037666321, 0.10813704133033752, 150], [0.8373088836669922, 0.15188130736351013, 200], [0.853822648525238, 0.17436525225639343, 250], [0.8373088836669922, 0.1853777915239334, 300], [0.8489296436309814, 0.1878250241279602, 350], [0.853210985660553, 0.2431936413049698, 400], [0.8519877791404724, 0.21535637974739075, 450], [0.8477064371109009, 0.2327928990125656, 500], [0.8519877791404724, 0.2523707449436188, 550], [0.8568807244300842, 0.2669011950492859, 600], [0.8636085391044617, 0.2669011950492859, 650], [0.8678898811340332, 0.29917407035827637, 700], [0.8672782778739929, 0.3060568869113922, 750], [0.8691131472587585, 0.30988070368766785, 768]], "xlm-roberta-base": [[0.7474005818367004, 0.001835423638112843, 100], [0.7559633255004883, 0.00122361583635211, 150], [0.7871559858322144, 0.0013765677576884627, 200], [0.8379204869270325, 0.002600183477625251, 250], [0.842201828956604, 0.005965127144008875, 300], [0.8544342517852783, 0.0032119913958013058, 350], [0.8642202019691467, 0.0033649434335529804, 400], [0.876452624797821, 0.003059039358049631, 450], [0.8733944892883301, 0.0064239827916026115, 500], [0.878899097442627, 0.007800550665706396, 550], [0.8721712827682495, 0.007800550665706396, 600], [0.8819571733474731, 0.005965127144008875, 650], [0.88746178150177, 0.005506271030753851, 700], [0.88746178150177, 0.006118078716099262, 750], [0.8862385153770447, 0.0064239827916026115, 768]], "ernie-m-base_pytorch": [[0.8103975653648376, 0.026307739317417145, 100], [0.8397553563117981, 0.015448149293661118, 150], [0.8269113302230835, 0.016365861520171165, 200], [0.8525993824005127, 0.031508106738328934, 250], [0.8697247505187988, 0.03686142712831497, 300], [0.8795107007026672, 0.04420312121510506, 350], [0.884403645992279, 0.06209849938750267, 400], [0.8905198574066162, 0.06913429498672485, 450], [0.8868501782417297, 0.058886509388685226, 500], [0.8917431235313416, 0.06531049311161041, 550], [0.8899082541465759, 0.05796879902482033, 600], [0.8954128623008728, 0.06836953014135361, 650], [0.9027522802352905, 0.0723462849855423, 700], [0.9021406769752502, 0.05781584605574608, 750], [0.8996942043304443, 0.05552156642079353, 768]]}}