{"fr-ro": {"bert-base-multilingual-uncased": [[0.11840000003576279, 0.015599999576807022, 100], [0.2703999876976013, 0.02019999921321869, 150], [0.47519999742507935, 0.017400000244379044, 200], [0.3879999816417694, 0.02019999921321869, 250], [0.5727999806404114, 0.025599999353289604, 300], [0.5511999726295471, 0.017999999225139618, 350], [0.6327999830245972, 0.015399999916553497, 400], [0.5591999888420105, 0.015799999237060547, 450], [0.6344000101089478, 0.015199999324977398, 500], [0.6096000075340271, 0.015199999324977398, 550], [0.5983999967575073, 0.01719999872148037, 600], [0.6295999884605408, 0.02019999921321869, 650], [0.7008000016212463, 0.023399999365210533, 700], [0.6007999777793884, 0.022599998861551285, 750], [0.613599956035614, 0.025200000032782555, 768]], "mt5-base": [[0.2272000014781952, 0.06619999557733536, 100], [0.24799999594688416, 0.11759999394416809, 150], [0.24639999866485596, 0.16380000114440918, 200], [0.2784000039100647, 0.18539999425411224, 250], [0.3791999816894531, 0.19999998807907104, 300], [0.282399982213974, 0.20179998874664307, 350], [0.3240000009536743, 0.26639997959136963, 400], [0.3928000032901764, 0.23659999668598175, 450], [0.384799987077713, 0.25220000743865967, 500], [0.3983999788761139, 0.2694000005722046, 550], [0.3431999981403351, 0.2847999930381775, 600], [0.3255999982357025, 0.28679999709129333, 650], [0.3416000008583069, 0.31700000166893005, 700], [0.4087999761104584, 0.3240000009536743, 750], [0.4423999786376953, 0.32760000228881836, 768]], "xlm-roberta-base": [[0.04319999739527702, 0.001999999862164259, 100], [0.06079999729990959, 0.00139999995008111, 150], [0.10480000078678131, 0.0017999999690800905, 200], [0.13199999928474426, 0.0031999999191612005, 250], [0.23919999599456787, 0.00839999970048666, 300], [0.18879999220371246, 0.003399999812245369, 350], [0.1687999963760376, 0.003599999938160181, 400], [0.17759999632835388, 0.003399999812245369, 450], [0.19839999079704285, 0.00699999975040555, 500], [0.1671999990940094, 0.008999999612569809, 550], [0.18079999089241028, 0.013599999248981476, 600], [0.23279999196529388, 0.010599999688565731, 650], [0.15600000321865082, 0.009999999776482582, 700], [0.26639997959136963, 0.010799999348819256, 750], [0.12879998981952667, 0.011599999852478504, 768]], "ernie-m-base_pytorch": [[0.15919999778270721, 0.030799999833106995, 100], [0.19599999487400055, 0.018400000408291817, 150], [0.2263999879360199, 0.020399998873472214, 200], [0.2847999930381775, 0.035999998450279236, 250], [0.20960000157356262, 0.036399997770786285, 300], [0.23279999196529388, 0.04259999841451645, 350], [0.25759997963905334, 0.06059999763965607, 400], [0.2735999822616577, 0.06780000030994415, 450], [0.2655999958515167, 0.05819999799132347, 500], [0.2919999957084656, 0.06340000033378601, 550], [0.13840000331401825, 0.05900000035762787, 600], [0.11919999867677689, 0.06859999895095825, 650], [0.14639998972415924, 0.07319999486207962, 700], [0.12079999595880508, 0.05779999867081642, 750], [0.11679999530315399, 0.055399999022483826, 768]]}}