{"fr-ro": {"bert-base-multilingual-uncased": [[0.08746177703142166, 0.015754053369164467, 100], [0.2593272030353546, 0.01973080448806286, 150], [0.38776758313179016, 0.01407158188521862, 200], [0.41834861040115356, 0.017130620777606964, 250], [0.4935779869556427, 0.022636892274022102, 300], [0.518042802810669, 0.016365861520171165, 350], [0.5975534915924072, 0.015448149293661118, 400], [0.5694189667701721, 0.015754053369164467, 450], [0.5871559381484985, 0.01407158188521862, 500], [0.6006116271018982, 0.014683389104902744, 550], [0.6636085510253906, 0.015754053369164467, 600], [0.7009174227714539, 0.01835423707962036, 650], [0.6629969477653503, 0.021872133016586304, 700], [0.6654434204101562, 0.020954420790076256, 750], [0.6366972327232361, 0.022330988198518753, 768]], "mt5-base": [[0.1859327256679535, 0.05766289308667183, 100], [0.1553516834974289, 0.10813704133033752, 150], [0.18165136873722076, 0.15188130736351013, 200], [0.1908256858587265, 0.17436525225639343, 250], [0.3009174168109894, 0.1853777915239334, 300], [0.2972477078437805, 0.1878250241279602, 350], [0.2850152850151062, 0.2431936413049698, 400], [0.2831804156303406, 0.21535637974739075, 450], [0.33700305223464966, 0.2327928990125656, 500], [0.36452600359916687, 0.2523707449436188, 550], [0.33211007714271545, 0.2669011950492859, 600], [0.2831804156303406, 0.2669011950492859, 650], [0.3357798159122467, 0.29917407035827637, 700], [0.3584097921848297, 0.3060568869113922, 750], [0.3951070308685303, 0.30988070368766785, 768]], "xlm-roberta-base": [[0.05932721868157387, 0.001835423638112843, 100], [0.06911315023899078, 0.00122361583635211, 150], [0.07584097981452942, 0.0013765677576884627, 200], [0.07033639401197433, 0.002600183477625251, 250], [0.13944953680038452, 0.005965127144008875, 300], [0.2513761520385742, 0.0032119913958013058, 350], [0.5051987767219543, 0.0033649434335529804, 400], [0.2844036817550659, 0.003059039358049631, 450], [0.3388379216194153, 0.0064239827916026115, 500], [0.4409785866737366, 0.007800550665706396, 550], [0.3712538182735443, 0.007800550665706396, 600], [0.2012232393026352, 0.005965127144008875, 650], [0.29602447152137756, 0.005506271030753851, 700], [0.13639143109321594, 0.006118078716099262, 750], [0.08073394745588303, 0.0064239827916026115, 768]], "ernie-m-base_pytorch": [[0.140061154961586, 0.026307739317417145, 100], [0.17247706651687622, 0.015448149293661118, 150], [0.19143730401992798, 0.016365861520171165, 200], [0.24648317694664001, 0.031508106738328934, 250], [0.20795106887817383, 0.03686142712831497, 300], [0.2642201781272888, 0.04420312121510506, 350], [0.2293577939271927, 0.06209849938750267, 400], [0.3608562648296356, 0.06913429498672485, 450], [0.2923547327518463, 0.058886509388685226, 500], [0.3663608431816101, 0.06531049311161041, 550], [0.1272171288728714, 0.05796879902482033, 600], [0.13149847090244293, 0.06836953014135361, 650], [0.13639143109321594, 0.0723462849855423, 700], [0.11743119359016418, 0.05781584605574608, 750], [0.12293577939271927, 0.05552156642079353, 768]]}}