{"en-ro": {"bert-base-multilingual-uncased": [[0.926026436917723, 0.049095817808620726, 100], [0.9490863160002502, 0.043946427065787594, 150], [0.9628757670139793, 0.046013742469693156, 200], [0.9659023969173264, 0.05141338723250267, 250], [0.9679719937857962, 0.05493122677551682, 300], [0.9690538252845985, 0.04843042333234286, 350], [0.9716147488982045, 0.04259572152363709, 400], [0.973596201654339, 0.04215880042366552, 450], [0.9725488916798563, 0.04324641142059436, 500], [0.9771665282545873, 0.044997188808290726, 550], [0.978290594577124, 0.04935727905406512, 600], [0.9780609822480294, 0.04769842876141141, 650], [0.9767403528809696, 0.054104403664914556, 700], [0.9767428030767659, 0.05092593309232377, 750], [0.9761297300349053, 0.05370057249195568, 768]], "mt5-base": [[0.9152597055704218, 0.09399482483136765, 100], [0.934101010245275, 0.13606255819561155, 150], [0.9486472961408741, 0.1870233843764481, 200], [0.9534451029497408, 0.2575426550723417, 250], [0.9547122922869535, 0.3197409631689492, 300], [0.956325211346133, 0.3088099471649448, 350], [0.9585431843579366, 0.3817973065112213, 400], [0.9559886784976823, 0.34062530007827313, 450], [0.9559429521645183, 0.3503681873846226, 500], [0.9578638378629354, 0.3918260067752454, 550], [0.957305549583349, 0.4091326162360095, 600], [0.9571337285958811, 0.384824305813707, 650], [0.9598969487808897, 0.3996531366914132, 700], [0.9596112741070636, 0.4221222394305315, 750], [0.9601708446549415, 0.4303317691744456, 768]], "xlm-roberta-base": [[0.9149882480161233, 0.06913224959981777, 100], [0.935487910550209, 0.05908712141547404, 150], [0.9429418265927217, 0.020217684637937224, 200], [0.9489314464646011, 0.030009226896403483, 250], [0.9501502419144683, 0.02611790486972083, 300], [0.9547230960575882, 0.03285471684086288, 350], [0.9574371439491808, 0.03758854075048693, 400], [0.9592458330199845, 0.04137990908542268, 450], [0.9556811775692753, 0.10122715622203518, 500], [0.9547257277739103, 0.04819502297826705, 550], [0.9576596996704011, 0.05670624575345163, 600], [0.9590337810948366, 0.06158522374556817, 650], [0.9615999333343445, 0.05995316250518783, 700], [0.9566037789896391, 0.07706485866783296, 750], [0.9585339081862947, 0.07246711833195589, 768]], "ernie-m-base_pytorch": [[0.9453244676472963, 0.09498654975832876, 100], [0.955188947397641, 0.06571892855401379, 150], [0.9527257408073719, 0.061486156377109365, 200], [0.9614130429601438, 0.08825368157221194, 250], [0.9642802796716553, 0.08125229314488289, 300], [0.9660029973986564, 0.0981745312921301, 350], [0.9689525197835103, 0.12165529478797492, 400], [0.9712344363533668, 0.13375842438983904, 450], [0.9707918327695452, 0.1829728340930525, 500], [0.9679007747740201, 0.11701320218749552, 550], [0.9706722841313864, 0.11304848634954963, 600], [0.9717785009407868, 0.13169515699410017, 650], [0.9714088621630017, 0.14126855068830552, 700], [0.9703310766097814, 0.15836230102415894, 750], [0.9705109998507508, 0.14703072785951657, 768]]}}