{"en-ro": {"bert-base-multilingual-uncased": [[0.9134919618634003, 0.046366181737416474, 100], [0.9387186802601072, 0.042619510745926986, 150], [0.9468172962111925, 0.04406264853437769, 200], [0.9500744334581871, 0.04897612379047846, 250], [0.9535865243311931, 0.05168137243273912, 300], [0.9574394828066753, 0.04320774994321855, 350], [0.9574951999107284, 0.03918902030846974, 400], [0.9599521378588054, 0.03820231446339926, 450], [0.9622171482612399, 0.03961668996788047, 500], [0.963685379849436, 0.04180374315758506, 550], [0.9644512904699949, 0.04528047708099974, 600], [0.9650201524866782, 0.0446185464739403, 650], [0.9657130524952319, 0.05026635563684272, 700], [0.9670889136513128, 0.04717711257336419, 750], [0.9673209565342549, 0.050257383044551754, 768]], "mt5-base": [[0.9010995690486959, 0.0841343737280497, 100], [0.9257498480902165, 0.12113155607288072, 150], [0.9368018409074348, 0.1734727196954282, 200], [0.9406873093734113, 0.2376957544420843, 250], [0.93574557237318, 0.2980927080465455, 300], [0.942355429737969, 0.2930725297158618, 350], [0.9431852835395623, 0.36250919780560314, 400], [0.9419848495151624, 0.32153134013846685, 450], [0.9414182676085493, 0.33207603302921074, 500], [0.9426129820532088, 0.3731821653777796, 550], [0.9422931933834279, 0.38959987542244107, 600], [0.9414591589247234, 0.3634537331225927, 650], [0.9421655225832013, 0.37804285622175965, 700], [0.9431482926854079, 0.39868622694905936, 750], [0.9426624597931677, 0.406552650602513, 768]], "xlm-roberta-base": [[0.8901513665054597, 0.05807042731667037, 100], [0.9192862642387839, 0.04900023424428152, 150], [0.9133830193127813, 0.017447751496899717, 200], [0.923249300017241, 0.026041486837777246, 250], [0.9257325746198507, 0.02368985324046121, 300], [0.9306286227325781, 0.029097778964719333, 350], [0.9369398114812276, 0.03336783526686109, 400], [0.9420779343361603, 0.0366053757785494, 450], [0.9414266981929751, 0.09128301881872956, 500], [0.9384656690233321, 0.042526486754401446, 550], [0.9404539184918074, 0.04704083029192712, 600], [0.9395208719580449, 0.050738868395993696, 650], [0.9433475062069698, 0.0488330225661348, 700], [0.931869807216488, 0.06138203696730948, 750], [0.9343396397958118, 0.05831126395250926, 768]], "ernie-m-base_pytorch": [[0.9157151214940712, 0.0905763524480113, 100], [0.929100757761757, 0.06059992565734874, 150], [0.9285857877907857, 0.058058861608861624, 200], [0.9363681532304491, 0.08442092898508016, 250], [0.937006352340526, 0.07899818490250707, 300], [0.9404892137877594, 0.09565008655785737, 350], [0.9439563874304868, 0.1186832945124562, 400], [0.9464630870385476, 0.12955912555463053, 450], [0.9511057485377405, 0.18321605155508106, 500], [0.9511377933833085, 0.11636302440173922, 550], [0.9523592302331372, 0.11258637256903987, 600], [0.9527951304858662, 0.13069938431369454, 650], [0.9544969630054707, 0.14011959099832808, 700], [0.952915749679813, 0.1565471302013199, 750], [0.9512599267993753, 0.14526524679044145, 768]]}}