{"en-ro": {"bert-base-multilingual-uncased": [[0.8990910727342745, 0.04636592121206555, 100], [0.9283200585116226, 0.042619515354190715, 150], [0.9347448999096214, 0.04406270910615099, 200], [0.9421357883635774, 0.04897614270289681, 250], [0.946217302300109, 0.05168138225819461, 300], [0.9518072868313188, 0.043206485513530776, 350], [0.9527999303875894, 0.03918902099057868, 400], [0.9563183724499396, 0.03820228304862606, 450], [0.9572792987877289, 0.0396166751302901, 500], [0.956166276938332, 0.04180341750978667, 550], [0.954752880799702, 0.04528082945739329, 600], [0.9585393919812312, 0.04461884868908935, 650], [0.9580950226038849, 0.050266331814434184, 700], [0.9605437075655423, 0.04717693575283263, 750], [0.9603455755296848, 0.05025763710506235, 768]], "mt5-base": [[0.8907478150968116, 0.08413439141300863, 100], [0.9135113227454138, 0.12113160688248467, 150], [0.9292568879448199, 0.17347265249312285, 200], [0.9321673547582302, 0.23769584239785782, 250], [0.9273735830446421, 0.29809232579488115, 300], [0.9315687267078127, 0.29307154717854805, 350], [0.9358400970284737, 0.36250963262151575, 400], [0.9326373686646161, 0.32153094206374816, 450], [0.9341082693993465, 0.3320635929250525, 500], [0.9327624466815313, 0.3731801802342187, 550], [0.9330437961632382, 0.3895984964690903, 600], [0.9374585919717162, 0.3634696137707608, 650], [0.9376300370605837, 0.3780399052772916, 700], [0.9388282046214654, 0.3986864392034252, 750], [0.9395380607031939, 0.40655192946287605, 768]], "xlm-roberta-base": [[0.8698698165065284, 0.05807033888306455, 100], [0.8841761073427824, 0.04900023652572198, 150], [0.8984039591579388, 0.01744773923238757, 200], [0.9169279805009324, 0.026041584731166443, 250], [0.9139936657769866, 0.023715346477232373, 300], [0.9236322192920414, 0.02909759559511452, 350], [0.9271703828676361, 0.033367855699073315, 400], [0.9302629350592624, 0.036604540156821824, 450], [0.9302518097176503, 0.09120583336590954, 500], [0.9307359746824869, 0.042526482932096085, 550], [0.9343799669721427, 0.047037277002346, 600], [0.9361119176270744, 0.05073889459291095, 650], [0.9381769480691363, 0.048904902540031145, 700], [0.9379123244691174, 0.06138015888613863, 750], [0.9367938350579584, 0.058272141653205045, 768]], "ernie-m-base_pytorch": [[0.9097580792903626, 0.09057633497856794, 100], [0.923509991817755, 0.06060204920008425, 150], [0.9224462749096315, 0.05805885894390124, 200], [0.9330877013903339, 0.08442083748451645, 250], [0.9338232839060324, 0.07899806495229696, 300], [0.937116664304094, 0.09564995045142502, 350], [0.9398534472233903, 0.11868331467505834, 400], [0.9430422710193684, 0.12955914635878982, 450], [0.9448392664841608, 0.18321593707180392, 500], [0.946085024486878, 0.11636206600646558, 550], [0.9441036723655217, 0.11259234968608273, 600], [0.9474823348234642, 0.13070190725861153, 650], [0.9517777666276785, 0.14011711363144047, 700], [0.9532841235709449, 0.15654374458516437, 750], [0.9518207122625721, 0.14526760066744465, 768]]}}