{"en-ro": {"bert-base-multilingual-uncased": [[0.9121726985750632, 0.049095817808620726, 100], [0.9465726762709729, 0.043946427065787594, 150], [0.9577993605530571, 0.046013742469693156, 200], [0.9621012532220804, 0.05141338723250267, 250], [0.9654147553987877, 0.05493122677551682, 300], [0.9686485412027147, 0.04843042333234286, 350], [0.9691319365383503, 0.04259572152363709, 400], [0.9691541362332758, 0.04215880042366552, 450], [0.9692811974765069, 0.04324641142059436, 500], [0.9701950158604126, 0.044997188808290726, 550], [0.9702945994696258, 0.04935727905406512, 600], [0.972030925662424, 0.04769842876141141, 650], [0.9733861947944943, 0.054104403664914556, 700], [0.9747439265419489, 0.05092593309232377, 750], [0.9748269493219197, 0.05370057249195568, 768]], "mt5-base": [[0.9081943690539398, 0.09399482483136765, 100], [0.9272852959622675, 0.13606255819561155, 150], [0.9426756152475125, 0.1870233843764481, 200], [0.9498030269144383, 0.2575426550723417, 250], [0.9504198640288005, 0.3197409631689492, 300], [0.9522620920656818, 0.3088099471649448, 350], [0.9521641902612029, 0.3817973065112213, 400], [0.9502903954580514, 0.34062530007827313, 450], [0.9510303555202269, 0.3503681873846226, 500], [0.9526295122565173, 0.3918260067752454, 550], [0.9532582283049005, 0.4091326162360095, 600], [0.9530022039675974, 0.384824305813707, 650], [0.9542274136551392, 0.3996531366914132, 700], [0.9546743873022231, 0.4221222394305315, 750], [0.9555222643215908, 0.4303317691744456, 768]], "xlm-roberta-base": [[0.8936702082280482, 0.06913224959981777, 100], [0.9178995220907654, 0.05908712141547404, 150], [0.9270723619318578, 0.020217684637937224, 200], [0.9369804120583394, 0.030009226896403483, 250], [0.9443279042132364, 0.02611790486972083, 300], [0.9531584854782077, 0.03285471684086288, 350], [0.9539183673069838, 0.03758854075048693, 400], [0.9574372300876622, 0.04137990908542268, 450], [0.9555919789473901, 0.10122715622203518, 500], [0.9567353667411839, 0.04819502297826705, 550], [0.9566513811242469, 0.05670624575345163, 600], [0.9581502715795616, 0.06158522374556817, 650], [0.9590961217766338, 0.05995316250518783, 700], [0.9601312593034148, 0.07706485866783296, 750], [0.9622757071615786, 0.07246711833195589, 768]], "ernie-m-base_pytorch": [[0.9324112629812212, 0.09498654975832876, 100], [0.9453170000535829, 0.06571892855401379, 150], [0.9501371992119665, 0.061486156377109365, 200], [0.9591723895493467, 0.08825368157221194, 250], [0.9603208467279385, 0.08125229314488289, 300], [0.9637282500269343, 0.0981745312921301, 350], [0.9662188723945911, 0.12165529478797492, 400], [0.9653533571535023, 0.13375842438983904, 450], [0.9659291548381439, 0.1829728340930525, 500], [0.9691243475377583, 0.11701320218749552, 550], [0.9685889782104903, 0.11304848634954963, 600], [0.9700847289127372, 0.13169515699410017, 650], [0.9702433546929021, 0.14126855068830552, 700], [0.9714886734268974, 0.15836230102415894, 750], [0.9718166982600487, 0.14703072785951657, 768]]}}