{"en-ro": {"bert-base-multilingual-uncased": [[0.403249142756028, 0.049095817808620726, 100], [0.4559344056433196, 0.043946427065787594, 150], [0.5193925306554067, 0.046013742469693156, 200], [0.6269951202149924, 0.05141338723250267, 250], [0.6602016714988027, 0.05493122677551682, 300], [0.5958074074432268, 0.04843042333234286, 350], [0.6319593501870654, 0.04259572152363709, 400], [0.7169484435207009, 0.04215880042366552, 450], [0.7082500695440566, 0.04324641142059436, 500], [0.7624175252920111, 0.044997188808290726, 550], [0.7594898030245195, 0.04935727905406512, 600], [0.759418285238531, 0.04769842876141141, 650], [0.7839519822805787, 0.054104403664914556, 700], [0.7815270906675339, 0.05092593309232377, 750], [0.7673999392576357, 0.05370057249195568, 768]], "mt5-base": [[0.4062559874973789, 0.09399482483136765, 100], [0.507676395633507, 0.13606255819561155, 150], [0.4970312555496901, 0.1870233843764481, 200], [0.5203497992511984, 0.2575426550723417, 250], [0.6556642733432219, 0.3197409631689492, 300], [0.6617433813648859, 0.3088099471649448, 350], [0.6155268678348295, 0.3817973065112213, 400], [0.6171984450239879, 0.34062530007827313, 450], [0.6230590365810963, 0.3503681873846226, 500], [0.6776625089432249, 0.3918260067752454, 550], [0.6858657976377421, 0.4091326162360095, 600], [0.7331509151553424, 0.384824305813707, 650], [0.7458316353579898, 0.3996531366914132, 700], [0.79637398072473, 0.4221222394305315, 750], [0.7489188005044207, 0.4303317691744456, 768]], "xlm-roberta-base": [[0.26178018567661404, 0.06913224959981777, 100], [0.2361735775608101, 0.05908712141547404, 150], [0.27101137557072097, 0.020217684637937224, 200], [0.41832207715464464, 0.030009226896403483, 250], [0.4958133140524058, 0.02611790486972083, 300], [0.5852749303041028, 0.03285471684086288, 350], [0.6985503105453226, 0.03758854075048693, 400], [0.7041148263830345, 0.04137990908542268, 450], [0.7136893955969655, 0.10122715622203518, 500], [0.6706384350088076, 0.04819502297826705, 550], [0.4168554538298288, 0.05670624575345163, 600], [0.43557569956519765, 0.06158522374556817, 650], [0.44841068947474877, 0.05995316250518783, 700], [0.2564995714922216, 0.07706485866783296, 750], [0.3087402881495629, 0.07246711833195589, 768]], "ernie-m-base_pytorch": [[0.45456457848673937, 0.09498654975832876, 100], [0.3754794708384208, 0.06571892855401379, 150], [0.4556770655387654, 0.061486156377109365, 200], [0.6248585454559484, 0.08825368157221194, 250], [0.5750299214718191, 0.08125229314488289, 300], [0.640846418511922, 0.0981745312921301, 350], [0.6861284556080423, 0.12165529478797492, 400], [0.7002945372957073, 0.13375842438983904, 450], [0.6049026871016309, 0.1829728340930525, 500], [0.5681004582394468, 0.11701320218749552, 550], [0.2935528434444059, 0.11304848634954963, 600], [0.3274064297307673, 0.13169515699410017, 650], [0.38780159841770157, 0.14126855068830552, 700], [0.39875590438355585, 0.15836230102415894, 750], [0.40954086351167446, 0.14703072785951657, 768]]}}