{"en-ro": {"bert-base-multilingual-uncased": [[0.35900377333517525, 0.046366181737416474, 100], [0.41018761574628043, 0.042619510745926986, 150], [0.45750336892730575, 0.04406264853437769, 200], [0.5456901918956544, 0.04897612379047846, 250], [0.6519727402067167, 0.05168137243273912, 300], [0.6011962369712844, 0.04320774994321855, 350], [0.6504817871883867, 0.03918902030846974, 400], [0.683457428703553, 0.03820231446339926, 450], [0.7270232629074912, 0.03961668996788047, 500], [0.7227360479354625, 0.04180374315758506, 550], [0.7348739112977417, 0.04528047708099974, 600], [0.7719117807680026, 0.0446185464739403, 650], [0.7635332977828131, 0.05026635563684272, 700], [0.7727650171982214, 0.04717711257336419, 750], [0.7639449305396692, 0.050257383044551754, 768]], "mt5-base": [[0.2813237165956884, 0.0841343737280497, 100], [0.36529725199810265, 0.12113155607288072, 150], [0.4987951150958482, 0.1734727196954282, 200], [0.5300213706388827, 0.2376957544420843, 250], [0.6602946152207703, 0.2980927080465455, 300], [0.6515853569518059, 0.2930725297158618, 350], [0.6898085485481058, 0.36250919780560314, 400], [0.5789550631483835, 0.32153134013846685, 450], [0.6912069787644032, 0.33207603302921074, 500], [0.6326519464017041, 0.3731821653777796, 550], [0.7075804833810859, 0.38959987542244107, 600], [0.7292746958191492, 0.3634537331225927, 650], [0.7802125773084785, 0.37804285622175965, 700], [0.8106451874124553, 0.39868622694905936, 750], [0.789899443586687, 0.406552650602513, 768]], "xlm-roberta-base": [[0.2193589178974436, 0.05807042731667037, 100], [0.20318516105375356, 0.04900023424428152, 150], [0.2747715831513675, 0.017447751496899717, 200], [0.39248597630478116, 0.026041486837777246, 250], [0.4062733971161163, 0.02368985324046121, 300], [0.5324932952582906, 0.029097778964719333, 350], [0.559504704592339, 0.03336783526686109, 400], [0.6499863993047186, 0.0366053757785494, 450], [0.651823749972689, 0.09128301881872956, 500], [0.6213480639692536, 0.042526486754401446, 550], [0.38692667349887816, 0.04704083029192712, 600], [0.5008437896088451, 0.050738868395993696, 650], [0.4523389965232122, 0.0488330225661348, 700], [0.4139234125218983, 0.06138203696730948, 750], [0.40044761355743747, 0.05831126395250926, 768]], "ernie-m-base_pytorch": [[0.4084394677785036, 0.0905763524480113, 100], [0.31771310941364656, 0.06059992565734874, 150], [0.44207727631435323, 0.058058861608861624, 200], [0.561989680652418, 0.08442092898508016, 250], [0.5331446412072276, 0.07899818490250707, 300], [0.6185366685440626, 0.09565008655785737, 350], [0.6533641259977311, 0.1186832945124562, 400], [0.6766125037442144, 0.12955912555463053, 450], [0.5972278424222363, 0.18321605155508106, 500], [0.5943630872557557, 0.11636302440173922, 550], [0.3228833087088056, 0.11258637256903987, 600], [0.3645692384863777, 0.13069938431369454, 650], [0.41836224235343084, 0.14011959099832808, 700], [0.43872949071898004, 0.1565471302013199, 750], [0.3652121634765253, 0.14526524679044145, 768]]}}