{"nl-en": {"bert-base-multilingual-uncased": [[0.8240000009536743, 0.003599999938160181, 100], [0.8991999626159668, 0.012999999336898327, 150], [0.9287999868392944, 0.009999999776482582, 200], [0.9479999542236328, 0.010999999940395355, 250], [0.9535999894142151, 0.010199999436736107, 300], [0.9559999704360962, 0.01119999960064888, 350], [0.9551999568939209, 0.011399999260902405, 400], [0.9583999514579773, 0.007999999448657036, 450], [0.9607999920845032, 0.007599999662488699, 500], [0.9599999785423279, 0.006599999964237213, 550], [0.9615999460220337, 0.007599999662488699, 600], [0.9591999650001526, 0.007400000002235174, 650], [0.9615999460220337, 0.00699999975040555, 700], [0.9655999541282654, 0.006799999624490738, 750], [0.9648000001907349, 0.006799999624490738, 768]], "mt5-base": [[0.8535999655723572, 0.11719999462366104, 100], [0.9071999788284302, 0.18079999089241028, 150], [0.9287999868392944, 0.23680000007152557, 200], [0.925599992275238, 0.25200000405311584, 250], [0.9271999597549438, 0.13840000331401825, 300], [0.9303999543190002, 0.14819999039173126, 350], [0.9351999759674072, 0.1573999971151352, 400], [0.9327999949455261, 0.15379999577999115, 450], [0.9327999949455261, 0.14880000054836273, 500], [0.9296000003814697, 0.1605999916791916, 550], [0.9327999949455261, 0.19999998807907104, 600], [0.9319999814033508, 0.20739999413490295, 650], [0.9303999543190002, 0.21859999001026154, 700], [0.9327999949455261, 0.22619999945163727, 750], [0.9311999678611755, 0.22739998996257782, 768]], "xlm-roberta-base": [[0.7928000092506409, 0.024399999529123306, 100], [0.8815999627113342, 0.013799999840557575, 150], [0.8895999789237976, 0.02579999901354313, 200], [0.9095999598503113, 0.022199999541044235, 250], [0.9192000031471252, 0.02459999918937683, 300], [0.9319999814033508, 0.0279999990016222, 350], [0.9327999949455261, 0.03460000082850456, 400], [0.9440000057220459, 0.0284000001847744, 450], [0.9351999759674072, 0.03959999978542328, 500], [0.9375999569892883, 0.04899999871850014, 550], [0.9359999895095825, 0.054999999701976776, 600], [0.9383999705314636, 0.04699999839067459, 650], [0.9399999976158142, 0.03280000016093254, 700], [0.9343999624252319, 0.02279999852180481, 750], [0.9311999678611755, 0.02459999918937683, 768]], "ernie-m-base_pytorch": [[0.9247999787330627, 0.2687999904155731, 100], [0.9447999596595764, 0.19059999287128448, 150], [0.9519999623298645, 0.23359999060630798, 200], [0.962399959564209, 0.31520000100135803, 250], [0.9551999568939209, 0.243599995970726, 300], [0.9567999839782715, 0.3043999969959259, 350], [0.9639999866485596, 0.3693999946117401, 400], [0.9648000001907349, 0.39980000257492065, 450], [0.9663999676704407, 0.3725999891757965, 500], [0.9727999567985535, 0.3700000047683716, 550], [0.967199981212616, 0.39879998564720154, 600], [0.9703999757766724, 0.4131999909877777, 650], [0.974399983882904, 0.4262000024318695, 700], [0.9735999703407288, 0.3555999994277954, 750], [0.9751999974250793, 0.368399977684021, 768]]}}