{"nl-en": {"bert-base-multilingual-uncased": [[0.8134556412696838, 0.004435607232153416, 100], [0.8807339072227478, 0.013459773734211922, 150], [0.9088684916496277, 0.011012542992830276, 200], [0.9308868050575256, 0.012542062439024448, 250], [0.9345565438270569, 0.012695014476776123, 300], [0.9394495487213135, 0.012389110401272774, 350], [0.9431192278862, 0.012236158363521099, 400], [0.9461773633956909, 0.008565310388803482, 450], [0.9449540972709656, 0.008106455206871033, 500], [0.943730890750885, 0.00703579094260931, 550], [0.9455657005310059, 0.008412359282374382, 600], [0.9510703086853027, 0.008106455206871033, 650], [0.9480122327804565, 0.007800551131367683, 700], [0.9486238360404968, 0.007800551131367683, 750], [0.9492354393005371, 0.0073416950181126595, 768]], "mt5-base": [[0.8360856175422668, 0.10523096472024918, 100], [0.8813455700874329, 0.17543591558933258, 150], [0.9015290141105652, 0.23539309203624725, 200], [0.9100916981697083, 0.2395227998495102, 250], [0.9168195724487305, 0.13413888216018677, 300], [0.9223241209983826, 0.1446925699710846, 350], [0.9253822565078735, 0.15616397559642792, 400], [0.9217125177383423, 0.14821046590805054, 450], [0.9217125177383423, 0.1440807580947876, 500], [0.9247705936431885, 0.15845824778079987, 550], [0.9247705936431885, 0.19195473194122314, 600], [0.9253822565078735, 0.19256654381752014, 650], [0.9253822565078735, 0.20403793454170227, 700], [0.9229357838630676, 0.21627409756183624, 750], [0.9223241209983826, 0.2170388549566269, 768]], "xlm-roberta-base": [[0.7626911401748657, 0.020648516714572906, 100], [0.8513761162757874, 0.008565310388803482, 150], [0.8623852729797363, 0.015142246149480343, 200], [0.8880733847618103, 0.015448150224983692, 250], [0.8941895961761475, 0.0238605085760355, 300], [0.9137614369392395, 0.027378404513001442, 350], [0.9131498336791992, 0.03135515749454498, 400], [0.9217125177383423, 0.02799021266400814, 450], [0.9192660450935364, 0.03273172304034233, 500], [0.9253822565078735, 0.03854389861226082, 550], [0.909480094909668, 0.0458855926990509, 600], [0.9149847030639648, 0.04160293936729431, 650], [0.9204892516136169, 0.03181401267647743, 700], [0.8880733847618103, 0.02278984524309635, 750], [0.8911314606666565, 0.024472316727042198, 768]], "ernie-m-base_pytorch": [[0.8990825414657593, 0.25542980432510376, 100], [0.9235473871231079, 0.1671765148639679, 150], [0.9266054630279541, 0.2188742756843567, 200], [0.9382262825965881, 0.29351484775543213, 250], [0.9431192278862, 0.22330988943576813, 300], [0.954740047454834, 0.28097277879714966, 350], [0.9584097862243652, 0.3421535789966583, 400], [0.9651376008987427, 0.37886205315589905, 450], [0.9614678621292114, 0.34995412826538086, 500], [0.9620794653892517, 0.3436830937862396, 550], [0.9590213894844055, 0.3692260682582855, 600], [0.9565749168395996, 0.3872744143009186, 650], [0.9584097862243652, 0.4057815968990326, 700], [0.9590213894844055, 0.3368002474308014, 750], [0.9608562588691711, 0.3479657471179962, 768]]}}