{"nl-en": {"bert-base-multilingual-uncased": [[0.795199990272522, 0.003599999938160181, 100], [0.8679999709129333, 0.012999999336898327, 150], [0.9016000032424927, 0.009999999776482582, 200], [0.9215999841690063, 0.010999999940395355, 250], [0.9343999624252319, 0.010199999436736107, 300], [0.9440000057220459, 0.01119999960064888, 350], [0.9447999596595764, 0.011399999260902405, 400], [0.9527999758720398, 0.007999999448657036, 450], [0.9535999894142151, 0.007599999662488699, 500], [0.946399986743927, 0.006599999964237213, 550], [0.9479999542236328, 0.007599999662488699, 600], [0.9511999487876892, 0.007400000002235174, 650], [0.9519999623298645, 0.00699999975040555, 700], [0.9583999514579773, 0.006799999624490738, 750], [0.9559999704360962, 0.006799999624490738, 768]], "mt5-base": [[0.8191999793052673, 0.11719999462366104, 100], [0.8671999573707581, 0.18079999089241028, 150], [0.9047999978065491, 0.23680000007152557, 200], [0.9103999733924866, 0.25200000405311584, 250], [0.9079999923706055, 0.13840000331401825, 300], [0.9167999625205994, 0.14819999039173126, 350], [0.9167999625205994, 0.1573999971151352, 400], [0.9103999733924866, 0.15379999577999115, 450], [0.9127999544143677, 0.14880000054836273, 500], [0.91839998960495, 0.1605999916791916, 550], [0.925599992275238, 0.19999998807907104, 600], [0.925599992275238, 0.20739999413490295, 650], [0.9247999787330627, 0.21859999001026154, 700], [0.9296000003814697, 0.22619999945163727, 750], [0.9335999488830566, 0.22739998996257782, 768]], "xlm-roberta-base": [[0.7608000040054321, 0.024399999529123306, 100], [0.8303999900817871, 0.013799999840557575, 150], [0.8351999521255493, 0.02579999901354313, 200], [0.871999979019165, 0.022199999541044235, 250], [0.8783999681472778, 0.02459999918937683, 300], [0.9055999517440796, 0.0279999990016222, 350], [0.920799970626831, 0.03460000082850456, 400], [0.9303999543190002, 0.0284000001847744, 450], [0.9311999678611755, 0.03959999978542328, 500], [0.9343999624252319, 0.04899999871850014, 550], [0.9319999814033508, 0.054999999701976776, 600], [0.9327999949455261, 0.04699999839067459, 650], [0.9368000030517578, 0.03280000016093254, 700], [0.9375999569892883, 0.02279999852180481, 750], [0.9391999840736389, 0.02459999918937683, 768]], "ernie-m-base_pytorch": [[0.9071999788284302, 0.2687999904155731, 100], [0.9296000003814697, 0.19059999287128448, 150], [0.9192000031471252, 0.23359999060630798, 200], [0.9359999895095825, 0.31520000100135803, 250], [0.9447999596595764, 0.243599995970726, 300], [0.9511999487876892, 0.3043999969959259, 350], [0.9591999650001526, 0.3693999946117401, 400], [0.9544000029563904, 0.39980000257492065, 450], [0.9591999650001526, 0.3725999891757965, 500], [0.9591999650001526, 0.3700000047683716, 550], [0.9639999866485596, 0.39879998564720154, 600], [0.9631999731063843, 0.4131999909877777, 650], [0.9631999731063843, 0.4262000024318695, 700], [0.9639999866485596, 0.3555999994277954, 750], [0.9631999731063843, 0.368399977684021, 768]]}}