{"nl-en": {"bert-base-multilingual-uncased": [[0.7712538242340088, 0.004435607232153416, 100], [0.8525993824005127, 0.013459773734211922, 150], [0.8813455700874329, 0.011012542061507702, 200], [0.9131498336791992, 0.012542061507701874, 250], [0.9192660450935364, 0.012695013545453548, 300], [0.9314984679222107, 0.012389109469950199, 350], [0.9290519952774048, 0.012236157432198524, 400], [0.932721734046936, 0.008565310388803482, 450], [0.9431192874908447, 0.008106454275548458, 500], [0.9382262825965881, 0.00703579094260931, 550], [0.940672755241394, 0.008412358351051807, 600], [0.9455657601356506, 0.008106454275548458, 650], [0.9449541568756104, 0.007800550665706396, 700], [0.9455657601356506, 0.007800550665706396, 750], [0.9461773633956909, 0.007341694552451372, 768]], "mt5-base": [[0.7908256649971008, 0.10523095726966858, 100], [0.8599388599395752, 0.17543591558933258, 150], [0.898470938205719, 0.23539309203624725, 200], [0.9027522802352905, 0.239522784948349, 250], [0.8911315202713013, 0.13413888216018677, 300], [0.8923547267913818, 0.1446925699710846, 350], [0.8996942043304443, 0.15616396069526672, 400], [0.8978593349456787, 0.14821046590805054, 450], [0.9045871496200562, 0.14423370361328125, 500], [0.9058104157447815, 0.15861119329929352, 550], [0.9064220190048218, 0.1918017715215683, 600], [0.9070336222648621, 0.19256652891635895, 650], [0.9113149642944336, 0.20403793454170227, 700], [0.9125382304191589, 0.2164270430803299, 750], [0.9162079691886902, 0.2170388549566269, 768]], "xlm-roberta-base": [[0.7382262945175171, 0.020648516714572906, 100], [0.7883791923522949, 0.008565310388803482, 150], [0.8024464845657349, 0.015142245218157768, 200], [0.8415902256965637, 0.015448149293661118, 250], [0.8691131472587585, 0.0238605085760355, 300], [0.8837920427322388, 0.027378402650356293, 350], [0.898470938205719, 0.031355153769254684, 400], [0.910091757774353, 0.02799021080136299, 450], [0.9058104157447815, 0.03273172304034233, 500], [0.9143730998039246, 0.03854389861226082, 550], [0.9131498336791992, 0.0458855926990509, 600], [0.9223241806030273, 0.04160293564200401, 650], [0.9229357838630676, 0.031814008951187134, 700], [0.9253822565078735, 0.022789843380451202, 750], [0.9247706532478333, 0.02447231486439705, 768]], "ernie-m-base_pytorch": [[0.8813455700874329, 0.25542980432510376, 100], [0.90152907371521, 0.1671764999628067, 150], [0.8990825414657593, 0.2188742756843567, 200], [0.9155963063240051, 0.29351484775543213, 250], [0.9272171258926392, 0.22330987453460693, 300], [0.9357798099517822, 0.28097277879714966, 350], [0.940672755241394, 0.34215354919433594, 400], [0.943730890750885, 0.37886202335357666, 450], [0.9449541568756104, 0.34995412826538086, 500], [0.9449541568756104, 0.3436830937862396, 550], [0.9455657601356506, 0.3692260682582855, 600], [0.9467889666557312, 0.38742735981941223, 650], [0.9510703086853027, 0.40593454241752625, 700], [0.9504587054252625, 0.3368002474308014, 750], [0.9498471021652222, 0.3479657471179962, 768]]}}