{"nl-en": {"bert-base-multilingual-uncased": [[0.18159998953342438, 0.003599999938160181, 100], [0.25920000672340393, 0.012999999336898327, 150], [0.3247999846935272, 0.009999999776482582, 200], [0.3935999870300293, 0.010999999940395355, 250], [0.5407999753952026, 0.010199999436736107, 300], [0.515999972820282, 0.01119999960064888, 350], [0.5551999807357788, 0.011399999260902405, 400], [0.6559999585151672, 0.007999999448657036, 450], [0.72079998254776, 0.007599999662488699, 500], [0.7319999933242798, 0.006599999964237213, 550], [0.7599999904632568, 0.007599999662488699, 600], [0.8143999576568604, 0.007400000002235174, 650], [0.7663999795913696, 0.00699999975040555, 700], [0.8143999576568604, 0.006799999624490738, 750], [0.8535999655723572, 0.006799999624490738, 768]], "mt5-base": [[0.19999998807907104, 0.11719999462366104, 100], [0.3319999873638153, 0.18079999089241028, 150], [0.48399999737739563, 0.23680000007152557, 200], [0.5992000102996826, 0.25200000405311584, 250], [0.6448000073432922, 0.13840000331401825, 300], [0.6983999609947205, 0.14819999039173126, 350], [0.7623999714851379, 0.1573999971151352, 400], [0.7863999605178833, 0.15379999577999115, 450], [0.8015999794006348, 0.14880000054836273, 500], [0.8071999549865723, 0.1605999916791916, 550], [0.7871999740600586, 0.19999998807907104, 600], [0.8384000062942505, 0.20739999413490295, 650], [0.8215999603271484, 0.21859999001026154, 700], [0.8119999766349792, 0.22619999945163727, 750], [0.8359999656677246, 0.22739998996257782, 768]], "xlm-roberta-base": [[0.13679999113082886, 0.024399999529123306, 100], [0.12639999389648438, 0.013799999840557575, 150], [0.07360000163316727, 0.02579999901354313, 200], [0.1664000004529953, 0.022199999541044235, 250], [0.29440000653266907, 0.02459999918937683, 300], [0.37199997901916504, 0.0279999990016222, 350], [0.4943999946117401, 0.03460000082850456, 400], [0.5015999674797058, 0.0284000001847744, 450], [0.6031999588012695, 0.03959999978542328, 500], [0.6344000101089478, 0.04899999871850014, 550], [0.574400007724762, 0.054999999701976776, 600], [0.6431999802589417, 0.04699999839067459, 650], [0.6383999586105347, 0.03280000016093254, 700], [0.5496000051498413, 0.02279999852180481, 750], [0.36640000343322754, 0.02459999918937683, 768]], "ernie-m-base_pytorch": [[0.5672000050544739, 0.2687999904155731, 100], [0.48079997301101685, 0.19059999287128448, 150], [0.623199999332428, 0.23359999060630798, 200], [0.7735999822616577, 0.31520000100135803, 250], [0.7663999795913696, 0.243599995970726, 300], [0.8127999901771545, 0.3043999969959259, 350], [0.7895999550819397, 0.3693999946117401, 400], [0.8639999628067017, 0.39980000257492065, 450], [0.8263999819755554, 0.3725999891757965, 500], [0.8527999520301819, 0.3700000047683716, 550], [0.8064000010490417, 0.39879998564720154, 600], [0.8047999739646912, 0.4131999909877777, 650], [0.8208000063896179, 0.4262000024318695, 700], [0.8055999875068665, 0.3555999994277954, 750], [0.8087999820709229, 0.368399977684021, 768]]}}