{"nl-en": {"bert-base-multilingual-uncased": [[0.11620794981718063, 0.004435607232153416, 100], [0.19266055524349213, 0.013459773734211922, 150], [0.1987767517566681, 0.011012542061507702, 200], [0.3406727910041809, 0.012542061507701874, 250], [0.35535168647766113, 0.012695013545453548, 300], [0.40061160922050476, 0.012389109469950199, 350], [0.5168195962905884, 0.012236157432198524, 400], [0.5443425178527832, 0.008565310388803482, 450], [0.4477064311504364, 0.008106454275548458, 500], [0.5584098100662231, 0.00703579094260931, 550], [0.7149847149848938, 0.008412358351051807, 600], [0.6795107126235962, 0.008106454275548458, 650], [0.7094801068305969, 0.007800550665706396, 700], [0.628134548664093, 0.007800550665706396, 750], [0.7474005818367004, 0.007341694552451372, 768]], "mt5-base": [[0.16758409142494202, 0.10523095726966858, 100], [0.31192660331726074, 0.17543591558933258, 150], [0.5351681709289551, 0.23539309203624725, 200], [0.608562707901001, 0.239522784948349, 250], [0.6354740262031555, 0.13413888216018677, 300], [0.6911314725875854, 0.1446925699710846, 350], [0.7015290260314941, 0.15616396069526672, 400], [0.7571865320205688, 0.14821046590805054, 450], [0.7798165082931519, 0.14423370361328125, 500], [0.7382262945175171, 0.15861119329929352, 550], [0.7492354512214661, 0.1918017715215683, 600], [0.7357798218727112, 0.19256652891635895, 650], [0.7963302731513977, 0.20403793454170227, 700], [0.800000011920929, 0.2164270430803299, 750], [0.8207951188087463, 0.2170388549566269, 768]], "xlm-roberta-base": [[0.0990825667977333, 0.020648516714572906, 100], [0.10642202198505402, 0.008565310388803482, 150], [0.06483180075883865, 0.015142245218157768, 200], [0.140061154961586, 0.015448149293661118, 250], [0.3235473930835724, 0.0238605085760355, 300], [0.36452600359916687, 0.027378402650356293, 350], [0.4911314845085144, 0.031355153769254684, 400], [0.43853211402893066, 0.02799021080136299, 450], [0.5614678859710693, 0.03273172304034233, 500], [0.5241590142250061, 0.03854389861226082, 550], [0.4293577969074249, 0.0458855926990509, 600], [0.5571865439414978, 0.04160293564200401, 650], [0.45443424582481384, 0.031814008951187134, 700], [0.33149847388267517, 0.022789843380451202, 750], [0.29663607478141785, 0.02447231486439705, 768]], "ernie-m-base_pytorch": [[0.48501530289649963, 0.25542980432510376, 100], [0.5045871734619141, 0.1671764999628067, 150], [0.6079510450363159, 0.2188742756843567, 200], [0.7027522921562195, 0.29351484775543213, 250], [0.7223241329193115, 0.22330987453460693, 300], [0.7755351662635803, 0.28097277879714966, 350], [0.8403669595718384, 0.34215354919433594, 400], [0.842201828956604, 0.37886202335357666, 450], [0.800000011920929, 0.34995412826538086, 500], [0.8220183253288269, 0.3436830937862396, 550], [0.797553539276123, 0.3692260682582855, 600], [0.7908256649971008, 0.38742735981941223, 650], [0.7981651425361633, 0.40593454241752625, 700], [0.7908256649971008, 0.3368002474308014, 750], [0.7284403443336487, 0.3479657471179962, 768]]}}