{"ro-en": {"bert-base-multilingual-uncased": [[0.9150265070063812, 0.037724334957676846, 100], [0.9447274047268951, 0.06448480809355145, 150], [0.9505943687211301, 0.059143186251169745, 200], [0.9551208890539866, 0.07377750471428919, 250], [0.9589383146809296, 0.09103814400745101, 300], [0.9598796692022299, 0.108461130942517, 350], [0.9587252783653805, 0.14592242657207896, 400], [0.9605743164375801, 0.15595784101563315, 450], [0.9619075160481358, 0.19976066190379663, 500], [0.9640749462274052, 0.2095659619797159, 550], [0.9634311381721117, 0.2250796091700471, 600], [0.9653252651525076, 0.22660565651599004, 650], [0.9640726819145221, 0.20967734782932565, 700], [0.9651656349839177, 0.21195946875211089, 750], [0.965355894152066, 0.21456297439423638, 768]], "mt5-base": [[0.9210250287345771, 0.1540555575259529, 100], [0.9388274598305503, 0.23513119689379142, 150], [0.9480693180242992, 0.27804000292891345, 200], [0.95229624718871, 0.3304438670276172, 250], [0.95417110537897, 0.28683265668470465, 300], [0.9559353873064605, 0.2853228517014778, 350], [0.9534271506234887, 0.3446096444778579, 400], [0.951275351306716, 0.3623066703480831, 450], [0.9527794958089109, 0.3873160867404737, 500], [0.9544193102561437, 0.4051416220929915, 550], [0.9526077034502548, 0.4254008887204263, 600], [0.9527845465972018, 0.4387599572404468, 650], [0.9569995286866332, 0.45301898787587014, 700], [0.9576510235575112, 0.4718001379292163, 750], [0.9573323165764805, 0.472884397297524, 768]], "xlm-roberta-base": [[0.9001845686106563, 0.06836964316987318, 100], [0.9115806467685905, 0.040596499316293194, 150], [0.9162829232080455, 0.06295580210047846, 200], [0.9289565560982018, 0.09391339777661702, 250], [0.9204743635870195, 0.07664626270530184, 300], [0.932379738361525, 0.10007241696594713, 350], [0.9398914631729468, 0.12625865178936652, 400], [0.941893352746971, 0.1529008576107775, 450], [0.9458291475946381, 0.17992425316452848, 500], [0.9461770356822596, 0.13106765788914151, 550], [0.9443073594479363, 0.12078093213501218, 600], [0.9470148331860825, 0.1289116081985296, 650], [0.9490207817585243, 0.13996266300098134, 700], [0.9394631619027094, 0.13540256009950571, 750], [0.9387884631712544, 0.13079091757819566, 768]], "ernie-m-base_pytorch": [[0.9233677523754876, 0.15578817474224077, 100], [0.9281055359593192, 0.1737067293238784, 150], [0.9289811443364411, 0.25540465032046167, 200], [0.9396280943294752, 0.33749822384724865, 250], [0.9385663627630763, 0.26095535370071526, 300], [0.9421845153918345, 0.3109820801157252, 350], [0.9496784626593675, 0.3526882102784765, 400], [0.95181322555336, 0.39679956854698956, 450], [0.9516105249671141, 0.3646423604470898, 500], [0.9518633752660282, 0.2692532811506369, 550], [0.9527955201929064, 0.1487300138127485, 600], [0.9546574156810592, 0.17629095148077203, 650], [0.9574845506370587, 0.19291646761194883, 700], [0.9602348991298495, 0.2061845681763157, 750], [0.9612364530954491, 0.19889236176038197, 768]]}}