{"ro-en": {"bert-base-multilingual-uncased": [[0.9314920736454071, 0.04144029063006993, 100], [0.9551746224299955, 0.06855466158066383, 150], [0.96302979129172, 0.0621603645926461, 200], [0.9686789005776434, 0.07742053383560049, 250], [0.9698956960164851, 0.09666829394447876, 300], [0.9659049887936141, 0.11878823391679758, 350], [0.966395275456193, 0.15474340281103058, 400], [0.9691502181594864, 0.16726510781788892, 450], [0.9688889162829702, 0.20909427199109495, 500], [0.9697062525775544, 0.2168473539955517, 550], [0.9712955763705009, 0.2310289797410929, 600], [0.970779206164206, 0.2324443268116045, 650], [0.9698581613946844, 0.21553628636626382, 700], [0.9698885846983613, 0.21611248219450455, 750], [0.9706419598263608, 0.22022456645795804, 768]], "mt5-base": [[0.9299650173598567, 0.16396297523471282, 100], [0.9483216019929643, 0.24711660182331352, 150], [0.9535695725036707, 0.29837199089218047, 200], [0.9565799830711492, 0.3463994630390821, 250], [0.9574332326234318, 0.2984388974191726, 300], [0.9584949399160285, 0.2958108686179058, 350], [0.9587266893134091, 0.35477593340893926, 400], [0.9569601944451231, 0.37279758297027904, 450], [0.9580848314609255, 0.3999072778660414, 500], [0.9615049980577345, 0.4149862900401874, 550], [0.9631590984389526, 0.43337309030209026, 600], [0.9635092334643363, 0.4464487338258913, 650], [0.9633838006581709, 0.46072754460014603, 700], [0.9629255779133964, 0.4790659159197552, 750], [0.9637212637252429, 0.4811910273926955, 768]], "xlm-roberta-base": [[0.921854854363937, 0.07479697785363214, 100], [0.9378677307708382, 0.04439703536979992, 150], [0.9384704656583089, 0.06887717404674921, 200], [0.9486557471574257, 0.0995499799137282, 250], [0.9485198084733193, 0.08494552367686513, 300], [0.9560869021439192, 0.11229629452861953, 350], [0.9618400397133587, 0.1418329607471973, 400], [0.963761651248842, 0.16427358931987976, 450], [0.9650576291629308, 0.19588136150248547, 500], [0.9664459312848468, 0.14538631049884412, 550], [0.9608572483957709, 0.13559132835492743, 600], [0.959953903202913, 0.14428671121701597, 650], [0.9608637915008951, 0.15424595162171323, 700], [0.9568576291375299, 0.14173736516317978, 750], [0.9584922786630868, 0.13758466944416345, 768]], "ernie-m-base_pytorch": [[0.9498042953406013, 0.18004056286530157, 100], [0.9446551652205589, 0.19198088929313215, 150], [0.9455657579302189, 0.28864453260420186, 200], [0.9582657806301251, 0.3702988586031457, 250], [0.9541461344815111, 0.2922301055784341, 300], [0.9622106199916203, 0.3539919240714599, 350], [0.964330025030525, 0.39037837805850534, 400], [0.9655474159159129, 0.42825206161187296, 450], [0.960614314354849, 0.3897111178009262, 500], [0.9668832284947632, 0.28950607756157565, 550], [0.9669842772948459, 0.15927692653093914, 600], [0.967202027565195, 0.18805770490526477, 650], [0.9708915548152687, 0.2029397070116851, 700], [0.9722805021551332, 0.21808918041534708, 750], [0.9711350718694742, 0.21034821058041117, 768]]}}