{"ro-en": {"bert-base-multilingual-uncased": [[0.9178795069680654, 0.04144029063006993, 100], [0.9439241097245058, 0.06855466158066383, 150], [0.9568709025447564, 0.0621603645926461, 200], [0.9603447019181889, 0.07742053383560049, 250], [0.9663873912825526, 0.09666829394447876, 300], [0.9678892296870758, 0.11878823391679758, 350], [0.9670835142756016, 0.15474340281103058, 400], [0.9683874142115537, 0.16726510781788892, 450], [0.9690237199665833, 0.20909427199109495, 500], [0.970974378291692, 0.2168473539955517, 550], [0.9701370410817083, 0.2310289797410929, 600], [0.9714844760854874, 0.2324443268116045, 650], [0.9713478679447141, 0.21553628636626382, 700], [0.9753578351560209, 0.21611248219450455, 750], [0.9742915735184977, 0.22022456645795804, 768]], "mt5-base": [[0.906891271056177, 0.16396297523471282, 100], [0.9353232235542996, 0.24711660182331352, 150], [0.9472876818703717, 0.29837199089218047, 200], [0.9519645453325823, 0.3463994630390821, 250], [0.9476653504703861, 0.2984388974191726, 300], [0.9511326763894913, 0.2958108686179058, 350], [0.9540667320283271, 0.35477593340893926, 400], [0.9521602112991321, 0.37279758297027904, 450], [0.9530439945036687, 0.3999072778660414, 500], [0.9543909654100615, 0.4149862900401874, 550], [0.9544502910887696, 0.43337309030209026, 600], [0.9583483062244755, 0.4464487338258913, 650], [0.9575864851901117, 0.46072754460014603, 700], [0.9564425706575143, 0.4790659159197552, 750], [0.9565589519808418, 0.4811910273926955, 768]], "xlm-roberta-base": [[0.8984966882890645, 0.07479697785363214, 100], [0.9077400547744588, 0.04439703536979992, 150], [0.9219945720926366, 0.06887717404674921, 200], [0.9390448866088001, 0.0995499799137282, 250], [0.9416334765052424, 0.08494552367686513, 300], [0.956203838172404, 0.11229629452861953, 350], [0.9615991602271697, 0.1418329607471973, 400], [0.9655414630241675, 0.16427358931987976, 450], [0.9611767691276893, 0.19588136150248547, 500], [0.9609420636379015, 0.14538631049884412, 550], [0.9625167471005057, 0.13559132835492743, 600], [0.9647805029447293, 0.14428671121701597, 650], [0.9662311071276567, 0.15424595162171323, 700], [0.9673997373172515, 0.14173736516317978, 750], [0.9687108140379638, 0.13758466944416345, 768]], "ernie-m-base_pytorch": [[0.935990763421606, 0.18004056286530157, 100], [0.950840493134177, 0.19198088929313215, 150], [0.9488000190136365, 0.28864453260420186, 200], [0.9562239595038191, 0.3702988586031457, 250], [0.9629660971608406, 0.2922301055784341, 300], [0.966996723895472, 0.3539919240714599, 350], [0.9692083591274768, 0.39037837805850534, 400], [0.9686513567440992, 0.42825206161187296, 450], [0.9659948180450907, 0.3897111178009262, 500], [0.9659363440952837, 0.28950607756157565, 550], [0.9665732179781004, 0.15927692653093914, 600], [0.9674298612499946, 0.18805770490526477, 650], [0.9708457382231381, 0.2029397070116851, 700], [0.9698311879676456, 0.21808918041534708, 750], [0.9700717629987694, 0.21034821058041117, 768]]}}