{"ro-en": {"bert-base-multilingual-uncased": [[0.9005857831447275, 0.03772435939745677, 100], [0.9325770370638696, 0.06448476927591439, 150], [0.9423258125102411, 0.05914315207030344, 200], [0.9514099734878922, 0.07377815954745807, 250], [0.9534828160151418, 0.09103814482166898, 300], [0.9578155671572073, 0.10846372120998823, 350], [0.9604674194933673, 0.14592376962848946, 400], [0.9611493664683444, 0.15595781238604137, 450], [0.962101124495768, 0.1997605251052713, 500], [0.9609685847272516, 0.20956596629878702, 550], [0.9601900882326243, 0.22507968093294461, 600], [0.9648059228072787, 0.22660554550310882, 650], [0.9647010885304593, 0.20967007311137442, 700], [0.9661305291358993, 0.21196213237329384, 750], [0.9656887249037014, 0.21457324018584195, 768]], "mt5-base": [[0.8912227026377486, 0.15405554651916858, 100], [0.9209053654366781, 0.23513121746640228, 150], [0.9338100461513108, 0.27803989916852967, 200], [0.9390259449644567, 0.3304438466137892, 250], [0.9337499667221641, 0.28683235969290405, 300], [0.9404140308870003, 0.2853227392199009, 350], [0.9413343500386249, 0.34460561329425493, 400], [0.9393565964737028, 0.36230626813626055, 450], [0.9417894381905819, 0.38731607609961516, 500], [0.9380501938217434, 0.40514177681040775, 550], [0.9418260290648394, 0.4254009616434548, 600], [0.9426394767137866, 0.43876018045224235, 650], [0.9442556654298173, 0.4530173779432723, 700], [0.9447008001572841, 0.4717981361476194, 750], [0.9454450387997628, 0.47288318450737576, 768]], "xlm-roberta-base": [[0.8737518362914855, 0.06836961685487065, 100], [0.8898729540622639, 0.04059651612112845, 150], [0.9053989971503571, 0.0629558623565645, 200], [0.9237119003869502, 0.0939078697611619, 250], [0.9252283656169471, 0.07664700114869552, 300], [0.9326743079067978, 0.1000611752865668, 350], [0.9406236204167253, 0.12633486197002844, 400], [0.9446143252826829, 0.15290083813265054, 450], [0.9403756612979193, 0.17992478495363104, 500], [0.9429582533951, 0.13106608377513387, 550], [0.9452104541621202, 0.12082751282066308, 600], [0.9478271856002499, 0.12883589431872666, 650], [0.9507980011047964, 0.13997081631964337, 700], [0.9534357624288728, 0.13534848816606937, 750], [0.9533140280193013, 0.13092793762618246, 768]], "ernie-m-base_pytorch": [[0.9123853459889752, 0.15578817428843456, 100], [0.9249037710430442, 0.17370532990474818, 150], [0.9280130787875912, 0.2554029891151168, 200], [0.9396660640326909, 0.3374983007173689, 250], [0.9413843592275141, 0.260955531207696, 300], [0.9461828863641061, 0.3110050814526034, 350], [0.9473068073224777, 0.35269037493618516, 400], [0.9510385722597601, 0.39679956548933615, 450], [0.9497978120993689, 0.3646431245499365, 500], [0.9511842495191276, 0.2692518899241183, 550], [0.9525585124245867, 0.148730066194209, 600], [0.9555934536778802, 0.17621257611558294, 650], [0.9567120713445814, 0.19289005179135837, 700], [0.9562236091591247, 0.2061582551063979, 750], [0.9576485197945451, 0.19888966168338287, 768]]}}