{"ro-en": {"bert-base-multilingual-uncased": [[0.3211172064625662, 0.04144029063006993, 100], [0.2635895397328513, 0.06855466158066383, 150], [0.5174639061923271, 0.0621603645926461, 200], [0.4284574468854023, 0.07742053383560049, 250], [0.7006708697838727, 0.09666829394447876, 300], [0.6651618184280109, 0.11878823391679758, 350], [0.7196619733504872, 0.15474340281103058, 400], [0.776131998779732, 0.16726510781788892, 450], [0.7185651041365898, 0.20909427199109495, 500], [0.8044309942046125, 0.2168473539955517, 550], [0.8772855066789204, 0.2310289797410929, 600], [0.812261784664913, 0.2324443268116045, 650], [0.8643906433663413, 0.21553628636626382, 700], [0.8829695828782642, 0.21611248219450455, 750], [0.8020320143329808, 0.22022456645795804, 768]], "mt5-base": [[0.3075542701720501, 0.16396297523471282, 100], [0.5745657958609792, 0.24711660182331352, 150], [0.6683861658967759, 0.29837199089218047, 200], [0.703243431041154, 0.3463994630390821, 250], [0.8122549404134589, 0.2984388974191726, 300], [0.7800722496330819, 0.2958108686179058, 350], [0.8683262791735092, 0.35477593340893926, 400], [0.8439899830276272, 0.37279758297027904, 450], [0.8426904210217026, 0.3999072778660414, 500], [0.8605106251429561, 0.4149862900401874, 550], [0.8702456718212996, 0.43337309030209026, 600], [0.8554924316342934, 0.4464487338258913, 650], [0.9010847456563537, 0.46072754460014603, 700], [0.9078946707794859, 0.4790659159197552, 750], [0.8896570302885246, 0.4811910273926955, 768]], "xlm-roberta-base": [[0.24809741886953462, 0.07479697785363214, 100], [0.1541333309771637, 0.04439703536979992, 150], [0.05339579023893112, 0.06887717404674921, 200], [0.06201524809858007, 0.0995499799137282, 250], [0.13242191540922493, 0.08494552367686513, 300], [0.19980994144528813, 0.11229629452861953, 350], [0.20215033164100302, 0.1418329607471973, 400], [0.2836436354667645, 0.16427358931987976, 450], [0.411269076261067, 0.19588136150248547, 500], [0.42188551732569657, 0.14538631049884412, 550], [0.28798310706171776, 0.13559132835492743, 600], [0.4278396967739651, 0.14428671121701597, 650], [0.43267022894308704, 0.15424595162171323, 700], [0.46052320456612805, 0.14173736516317978, 750], [0.5664238113061355, 0.13758466944416345, 768]], "ernie-m-base_pytorch": [[0.2384289857087972, 0.18004056286530157, 100], [0.19715073991438706, 0.19198088929313215, 150], [0.1870066816547857, 0.28864453260420186, 200], [0.2669156460629661, 0.3702988586031457, 250], [0.2579000531713225, 0.2922301055784341, 300], [0.3319217129742568, 0.3539919240714599, 350], [0.43271608361983716, 0.39037837805850534, 400], [0.5094477873758252, 0.42825206161187296, 450], [0.45766732335367843, 0.3897111178009262, 500], [0.462079118580176, 0.28950607756157565, 550], [0.40300842331674624, 0.15927692653093914, 600], [0.5141637100843705, 0.18805770490526477, 650], [0.546906539023539, 0.2029397070116851, 700], [0.5572324688567541, 0.21808918041534708, 750], [0.6046003983583444, 0.21034821058041117, 768]]}}