{"ro-en": {"bert-base-multilingual-uncased": [[0.1893789017352598, 0.03772435939745677, 100], [0.18719653798542898, 0.06448476927591439, 150], [0.3029650689730667, 0.05914315207030344, 200], [0.6205283828942404, 0.07377815954745807, 250], [0.5906288206740951, 0.09103814482166898, 300], [0.5912256009899073, 0.10846372120998823, 350], [0.6182350257128286, 0.14592376962848946, 400], [0.7736285127688788, 0.15595781238604137, 450], [0.785433345266662, 0.1997605251052713, 500], [0.709033962721783, 0.20956596629878702, 550], [0.7014953553088471, 0.22507968093294461, 600], [0.739321280615231, 0.22660554550310882, 650], [0.8274215228847733, 0.20967007311137442, 700], [0.8256664828652273, 0.21196213237329384, 750], [0.7638311004081463, 0.21457324018584195, 768]], "mt5-base": [[0.26946683901046475, 0.15405554651916858, 100], [0.34766191552633263, 0.23513121746640228, 150], [0.5228246384185569, 0.27803989916852967, 200], [0.6829896965260195, 0.3304438466137892, 250], [0.7304164787753443, 0.28683235969290405, 300], [0.7430122465970225, 0.2853227392199009, 350], [0.7282688125322291, 0.34460561329425493, 400], [0.8010730730479462, 0.36230626813626055, 450], [0.7418475690061846, 0.38731607609961516, 500], [0.7462729609384587, 0.40514177681040775, 550], [0.8605421911939556, 0.4254009616434548, 600], [0.8420890970800249, 0.43876018045224235, 650], [0.8672694440703511, 0.4530173779432723, 700], [0.8762328773883107, 0.4717981361476194, 750], [0.8592690392091337, 0.47288318450737576, 768]], "xlm-roberta-base": [[0.22760738917162093, 0.06836961685487065, 100], [0.13448385920692582, 0.04059651612112845, 150], [0.04416077799586848, 0.0629558623565645, 200], [0.052512276697986165, 0.0939078697611619, 250], [0.0631107225889256, 0.07664700114869552, 300], [0.12781842704573546, 0.1000611752865668, 350], [0.12692427058907255, 0.12633486197002844, 400], [0.12377917536695954, 0.15290083813265054, 450], [0.40319137116045417, 0.17992478495363104, 500], [0.18004853772832013, 0.13106608377513387, 550], [0.19515393240713905, 0.12082751282066308, 600], [0.24748660795196636, 0.12883589431872666, 650], [0.28885564581361184, 0.13997081631964337, 700], [0.2519867780754871, 0.13534848816606937, 750], [0.34197625907598833, 0.13092793762618246, 768]], "ernie-m-base_pytorch": [[0.195367472564345, 0.15578817428843456, 100], [0.17140127861943694, 0.17370532990474818, 150], [0.18294996697521818, 0.2554029891151168, 200], [0.3248014856262036, 0.3374983007173689, 250], [0.3006040244199827, 0.260955531207696, 300], [0.3528457800444935, 0.3110050814526034, 350], [0.41295330111324335, 0.35269037493618516, 400], [0.41871068124463073, 0.39679956548933615, 450], [0.5036338115167656, 0.3646431245499365, 500], [0.5789230460479462, 0.2692518899241183, 550], [0.5138487606010725, 0.148730066194209, 600], [0.564794515232165, 0.17621257611558294, 650], [0.6087418920741965, 0.19289005179135837, 700], [0.6609413454897989, 0.2061582551063979, 750], [0.6632570396867894, 0.19888966168338287, 768]]}}