{"ro-nl": {"bert-base-multilingual-uncased": [[0.7847999930381775, 0.003599999938160181, 100], [0.8655999898910522, 0.012999999336898327, 150], [0.8863999843597412, 0.013599999248981476, 200], [0.9007999897003174, 0.017999999225139618, 250], [0.9103999733924866, 0.020800000056624413, 300], [0.9151999950408936, 0.03519999980926514, 350], [0.9192000031471252, 0.053599998354911804, 400], [0.9199999570846558, 0.061400000005960464, 450], [0.9247999787330627, 0.06499999761581421, 500], [0.9287999868392944, 0.07959999889135361, 550], [0.9264000058174133, 0.08779999613761902, 600], [0.920799970626831, 0.09619999676942825, 650], [0.9223999977111816, 0.07639999687671661, 700], [0.9192000031471252, 0.06260000169277191, 750], [0.9223999977111816, 0.06019999831914902, 768]], "mt5-base": [[0.7888000011444092, 0.0973999947309494, 100], [0.8592000007629395, 0.15060000121593475, 150], [0.8863999843597412, 0.19020000100135803, 200], [0.9007999897003174, 0.19779999554157257, 250], [0.9016000032424927, 0.1833999902009964, 300], [0.9023999571800232, 0.23199999332427979, 350], [0.9055999517440796, 0.2621999979019165, 400], [0.8983999490737915, 0.27140000462532043, 450], [0.9023999571800232, 0.2821999788284302, 500], [0.9071999788284302, 0.29679998755455017, 550], [0.913599967956543, 0.26759999990463257, 600], [0.9111999869346619, 0.2906000018119812, 650], [0.9127999544143677, 0.31939998269081116, 700], [0.9143999814987183, 0.3199999928474426, 750], [0.9103999733924866, 0.3269999921321869, 768]], "xlm-roberta-base": [[0.6919999718666077, 0.007799999788403511, 100], [0.7495999932289124, 0.00419999985024333, 150], [0.7224000096321106, 0.004600000102072954, 200], [0.7895999550819397, 0.004399999976158142, 250], [0.7856000065803528, 0.010400000028312206, 300], [0.8175999522209167, 0.014800000004470348, 350], [0.8416000008583069, 0.016599999740719795, 400], [0.8615999817848206, 0.017799999564886093, 450], [0.8639999628067017, 0.0429999977350235, 500], [0.8655999898910522, 0.03460000082850456, 550], [0.8575999736785889, 0.03280000016093254, 600], [0.8671999573707581, 0.030799999833106995, 650], [0.876800000667572, 0.02879999950528145, 700], [0.8399999737739563, 0.03199999779462814, 750], [0.8351999521255493, 0.03099999949336052, 768]], "ernie-m-base_pytorch": [[0.8071999549865723, 0.03399999812245369, 100], [0.8127999901771545, 0.0543999969959259, 150], [0.7928000092506409, 0.07180000096559525, 200], [0.8463999629020691, 0.10399999469518661, 250], [0.8384000062942505, 0.0957999974489212, 300], [0.8639999628067017, 0.11959999799728394, 350], [0.876800000667572, 0.13199999928474426, 400], [0.8863999843597412, 0.14159999787807465, 450], [0.8871999979019165, 0.0729999989271164, 500], [0.8863999843597412, 0.061799999326467514, 550], [0.8855999708175659, 0.029399998486042023, 600], [0.8912000060081482, 0.03099999949336052, 650], [0.8991999626159668, 0.03179999813437462, 700], [0.8983999490737915, 0.03099999949336052, 750], [0.9007999897003174, 0.03019999898970127, 768]]}}