{"ro-nl": {"bert-base-multilingual-uncased": [[0.7425076365470886, 0.002753135748207569, 100], [0.8250764608383179, 0.013000918552279472, 150], [0.8678898811340332, 0.012542062439024448, 200], [0.8837920427322388, 0.015142246149480343, 250], [0.8899082541465759, 0.01957785338163376, 300], [0.8996941447257996, 0.025542980059981346, 350], [0.8990825414657593, 0.03686142712831497, 400], [0.9058103561401367, 0.045426737517118454, 450], [0.9100916981697083, 0.04282655566930771, 500], [0.9149847030639648, 0.06209850311279297, 550], [0.909480094909668, 0.06913429498672485, 600], [0.9155963063240051, 0.08366473019123077, 650], [0.9088684916496277, 0.0698990523815155, 700], [0.918042778968811, 0.06179260089993477, 750], [0.9162079095840454, 0.06148669496178627, 768]], "mt5-base": [[0.7486238479614258, 0.08748853206634521, 100], [0.8201834559440613, 0.13276231288909912, 150], [0.853210985660553, 0.17696544528007507, 200], [0.8715596199035645, 0.1884368360042572, 250], [0.8770642280578613, 0.17528297007083893, 300], [0.884403645992279, 0.22116856276988983, 350], [0.8862385153770447, 0.25298258662223816, 400], [0.8807339072227478, 0.2586418092250824, 450], [0.8880733847618103, 0.27301928400993347, 500], [0.8929663300514221, 0.28586724400520325, 550], [0.8948011994361877, 0.259865403175354, 600], [0.8917431235313416, 0.2817375361919403, 650], [0.895412802696228, 0.3054451048374176, 700], [0.8966360688209534, 0.3048332929611206, 750], [0.8929663300514221, 0.3121749758720398, 768]], "xlm-roberta-base": [[0.6874617338180542, 0.0065769352950155735, 100], [0.7253822684288025, 0.0026001837104558945, 150], [0.7149847149848938, 0.004282655194401741, 200], [0.7639143466949463, 0.0038237995468080044, 250], [0.7645259499549866, 0.009024166502058506, 300], [0.7883791923522949, 0.012236158363521099, 350], [0.8146789073944092, 0.013612725771963596, 400], [0.8385320901870728, 0.015142246149480343, 450], [0.8379204869270325, 0.03655552491545677, 500], [0.8452599048614502, 0.030590396374464035, 550], [0.8269112706184387, 0.030590396374464035, 600], [0.8348623514175415, 0.02768430858850479, 650], [0.8440366983413696, 0.026919547468423843, 700], [0.8012232184410095, 0.025848884135484695, 750], [0.8024464845657349, 0.025542980059981346, 768]], "ernie-m-base_pytorch": [[0.7596330046653748, 0.03410829231142998, 100], [0.7840978503227234, 0.05383909493684769, 150], [0.7626911401748657, 0.0698990523815155, 200], [0.8116207718849182, 0.0948302298784256, 250], [0.8042813539505005, 0.08565311133861542, 300], [0.8287461400032043, 0.10890180617570877, 350], [0.8452599048614502, 0.1215968206524849, 400], [0.8599388003349304, 0.13260936737060547, 450], [0.8483180403709412, 0.06423982977867126, 500], [0.8513761162757874, 0.05521566420793533, 550], [0.8556574583053589, 0.027378404513001442, 600], [0.8666666746139526, 0.030437443405389786, 650], [0.8691131472587585, 0.03166105970740318, 700], [0.8721712231636047, 0.030131539329886436, 750], [0.8697247505187988, 0.02906087599694729, 768]]}}