{"ro-nl": {"bert-base-multilingual-uncased": [[0.6966360807418823, 0.0027531355153769255, 100], [0.7951070070266724, 0.013000917620956898, 150], [0.8397553563117981, 0.012542061507701874, 200], [0.8629969358444214, 0.015142245218157768, 250], [0.8819571733474731, 0.01957785338163376, 300], [0.8880733847618103, 0.025542980059981346, 350], [0.8996942043304443, 0.03686142712831497, 400], [0.9064220190048218, 0.045426737517118454, 450], [0.90152907371521, 0.04282655194401741, 500], [0.9039755463600159, 0.06209849938750267, 550], [0.9045871496200562, 0.06913429498672485, 600], [0.9082568883895874, 0.08366473019123077, 650], [0.9107033610343933, 0.0698990523815155, 700], [0.9137614965438843, 0.06179259717464447, 750], [0.9137614965438843, 0.06148669496178627, 768]], "mt5-base": [[0.698470950126648, 0.08748853206634521, 100], [0.7608562707901001, 0.13276231288909912, 150], [0.8067278265953064, 0.17696543037891388, 200], [0.8232415914535522, 0.1884368360042572, 250], [0.8220183253288269, 0.17528295516967773, 300], [0.8373088836669922, 0.22116854786872864, 350], [0.8360856175422668, 0.2531355023384094, 400], [0.8342507481575012, 0.25848883390426636, 450], [0.8379204869270325, 0.27301928400993347, 500], [0.8440366983413696, 0.2857142984867096, 550], [0.8489296436309814, 0.259865403175354, 600], [0.8519877791404724, 0.2817375361919403, 650], [0.8574923276901245, 0.3054451048374176, 700], [0.8636085391044617, 0.3048332929611206, 750], [0.864831805229187, 0.3121749758720398, 768]], "xlm-roberta-base": [[0.6348623633384705, 0.006576934829354286, 100], [0.6452599167823792, 0.002600183477625251, 150], [0.6850152611732483, 0.004282655194401741, 200], [0.7547400593757629, 0.0038237993139773607, 250], [0.7792049050331116, 0.009024166502058506, 300], [0.800000011920929, 0.012236157432198524, 350], [0.822629988193512, 0.013612725771963596, 400], [0.8440366983413696, 0.015142245218157768, 450], [0.8373088836669922, 0.03655552119016647, 500], [0.8464831709861755, 0.030590394511818886, 550], [0.8550458550453186, 0.030590394511818886, 600], [0.8593271970748901, 0.027684306725859642, 650], [0.8666666746139526, 0.026919547468423843, 700], [0.8672782778739929, 0.025848884135484695, 750], [0.8697247505187988, 0.025542980059981346, 768]], "ernie-m-base_pytorch": [[0.7290520071983337, 0.03410828858613968, 100], [0.7694189548492432, 0.05383909493684769, 150], [0.7767584323883057, 0.0698990523815155, 200], [0.8134556412696838, 0.094830222427845, 250], [0.8379204869270325, 0.08565310388803482, 300], [0.8574923276901245, 0.10890180617570877, 350], [0.8703364133834839, 0.1215968206524849, 400], [0.8770642280578613, 0.13260936737060547, 450], [0.8807339668273926, 0.06423982977867126, 500], [0.8819571733474731, 0.055215660482645035, 550], [0.875840961933136, 0.027378402650356293, 600], [0.8850153088569641, 0.030437443405389786, 650], [0.8886849880218506, 0.03166105970740318, 700], [0.8917431235313416, 0.030131539329886436, 750], [0.8948011994361877, 0.02906087413430214, 768]]}}