{"ro-nl": {"bert-base-multilingual-uncased": [[0.746399998664856, 0.003599999938160181, 100], [0.8399999737739563, 0.012999999336898327, 150], [0.8695999979972839, 0.013599999248981476, 200], [0.8895999789237976, 0.017999999225139618, 250], [0.8999999761581421, 0.020800000056624413, 300], [0.9039999842643738, 0.03519999980926514, 350], [0.9127999544143677, 0.053599998354911804, 400], [0.9103999733924866, 0.061400000005960464, 450], [0.9167999625205994, 0.06499999761581421, 500], [0.920799970626831, 0.07959999889135361, 550], [0.9239999651908875, 0.08779999613761902, 600], [0.9296000003814697, 0.09619999676942825, 650], [0.9311999678611755, 0.07639999687671661, 700], [0.9319999814033508, 0.06260000169277191, 750], [0.9368000030517578, 0.06019999831914902, 768]], "mt5-base": [[0.6967999935150146, 0.0973999947309494, 100], [0.7767999768257141, 0.15060000121593475, 150], [0.8351999521255493, 0.19020000100135803, 200], [0.8687999844551086, 0.19779999554157257, 250], [0.8575999736785889, 0.1833999902009964, 300], [0.8607999682426453, 0.23199999332427979, 350], [0.8655999898910522, 0.2621999979019165, 400], [0.8416000008583069, 0.27140000462532043, 450], [0.8495999574661255, 0.2821999788284302, 500], [0.8543999791145325, 0.29679998755455017, 550], [0.8631999492645264, 0.26759999990463257, 600], [0.8671999573707581, 0.2906000018119812, 650], [0.871999979019165, 0.31939998269081116, 700], [0.876800000667572, 0.3199999928474426, 750], [0.8775999546051025, 0.3269999921321869, 768]], "xlm-roberta-base": [[0.6487999558448792, 0.007799999788403511, 100], [0.6527999639511108, 0.00419999985024333, 150], [0.7008000016212463, 0.004600000102072954, 200], [0.774399995803833, 0.004399999976158142, 250], [0.7895999550819397, 0.010400000028312206, 300], [0.8191999793052673, 0.014800000004470348, 350], [0.8359999656677246, 0.016599999740719795, 400], [0.8543999791145325, 0.017799999564886093, 450], [0.8511999845504761, 0.0429999977350235, 500], [0.8575999736785889, 0.03460000082850456, 550], [0.8703999519348145, 0.03280000016093254, 600], [0.8775999546051025, 0.030799999833106995, 650], [0.8791999816894531, 0.02879999950528145, 700], [0.8759999871253967, 0.03199999779462814, 750], [0.8799999952316284, 0.03099999949336052, 768]], "ernie-m-base_pytorch": [[0.769599974155426, 0.03399999812245369, 100], [0.8087999820709229, 0.0543999969959259, 150], [0.8143999576568604, 0.07180000096559525, 200], [0.8519999980926514, 0.10399999469518661, 250], [0.8687999844551086, 0.0957999974489212, 300], [0.8736000061035156, 0.11959999799728394, 350], [0.8903999924659729, 0.13199999928474426, 400], [0.8951999545097351, 0.14159999787807465, 450], [0.8887999653816223, 0.0729999989271164, 500], [0.8944000005722046, 0.061799999326467514, 550], [0.892799973487854, 0.029399998486042023, 600], [0.9031999707221985, 0.03099999949336052, 650], [0.9111999869346619, 0.03179999813437462, 700], [0.9127999544143677, 0.03099999949336052, 750], [0.9151999950408936, 0.03019999898970127, 768]]}}