{"ro-nl": {"bert-base-multilingual-uncased": [[0.06719999760389328, 0.003599999938160181, 100], [0.13759998977184296, 0.012999999336898327, 150], [0.17520000040531158, 0.013599999248981476, 200], [0.18719999492168427, 0.017999999225139618, 250], [0.23119999468326569, 0.020800000056624413, 300], [0.36479997634887695, 0.03519999980926514, 350], [0.3375999927520752, 0.053599998354911804, 400], [0.3999999761581421, 0.061400000005960464, 450], [0.42239999771118164, 0.06499999761581421, 500], [0.5615999698638916, 0.07959999889135361, 550], [0.4479999840259552, 0.08779999613761902, 600], [0.5231999754905701, 0.09619999676942825, 650], [0.5759999752044678, 0.07639999687671661, 700], [0.5767999887466431, 0.06260000169277191, 750], [0.5008000135421753, 0.06019999831914902, 768]], "mt5-base": [[0.20479999482631683, 0.0973999947309494, 100], [0.23359999060630798, 0.15060000121593475, 150], [0.4615999758243561, 0.19020000100135803, 200], [0.5184000134468079, 0.19779999554157257, 250], [0.4943999946117401, 0.1833999902009964, 300], [0.5231999754905701, 0.23199999332427979, 350], [0.47039997577667236, 0.2621999979019165, 400], [0.3935999870300293, 0.27140000462532043, 450], [0.553600013256073, 0.2821999788284302, 500], [0.5575999617576599, 0.29679998755455017, 550], [0.5655999779701233, 0.26759999990463257, 600], [0.6711999773979187, 0.2906000018119812, 650], [0.6327999830245972, 0.31939998269081116, 700], [0.6855999827384949, 0.3199999928474426, 750], [0.715999960899353, 0.3269999921321869, 768]], "xlm-roberta-base": [[0.03199999779462814, 0.007799999788403511, 100], [0.01599999889731407, 0.00419999985024333, 150], [0.01599999889731407, 0.004600000102072954, 200], [0.010400000028312206, 0.004399999976158142, 250], [0.02879999950528145, 0.010400000028312206, 300], [0.06719999760389328, 0.014800000004470348, 350], [0.1096000000834465, 0.016599999740719795, 400], [0.08240000158548355, 0.017799999564886093, 450], [0.335999995470047, 0.0429999977350235, 500], [0.1671999990940094, 0.03460000082850456, 550], [0.06239999830722809, 0.03280000016093254, 600], [0.09519999474287033, 0.030799999833106995, 650], [0.10399999469518661, 0.02879999950528145, 700], [0.1087999939918518, 0.03199999779462814, 750], [0.10799999535083771, 0.03099999949336052, 768]], "ernie-m-base_pytorch": [[0.10080000013113022, 0.03399999812245369, 100], [0.06960000097751617, 0.0543999969959259, 150], [0.0551999993622303, 0.07180000096559525, 200], [0.10799999535083771, 0.10399999469518661, 250], [0.15119999647140503, 0.0957999974489212, 300], [0.1599999964237213, 0.11959999799728394, 350], [0.21279999613761902, 0.13199999928474426, 400], [0.21279999613761902, 0.14159999787807465, 450], [0.24159999191761017, 0.0729999989271164, 500], [0.2815999984741211, 0.061799999326467514, 550], [0.17679999768733978, 0.029399998486042023, 600], [0.19200000166893005, 0.03099999949336052, 650], [0.20399999618530273, 0.03179999813437462, 700], [0.24079999327659607, 0.03099999949336052, 750], [0.15839999914169312, 0.03019999898970127, 768]]}}