{"ro-nl": {"bert-base-multilingual-uncased": [[0.07400611788034439, 0.0027531355153769255, 100], [0.157798171043396, 0.013000917620956898, 150], [0.19449540972709656, 0.012542061507701874, 200], [0.22201834619045258, 0.015142245218157768, 250], [0.2721712589263916, 0.01957785338163376, 300], [0.39266055822372437, 0.025542980059981346, 350], [0.39571866393089294, 0.03686142712831497, 400], [0.3792048990726471, 0.045426737517118454, 450], [0.4446483254432678, 0.04282655194401741, 500], [0.5302752256393433, 0.06209849938750267, 550], [0.5058103799819946, 0.06913429498672485, 600], [0.45932722091674805, 0.08366473019123077, 650], [0.5951070189476013, 0.0698990523815155, 700], [0.6122323870658875, 0.06179259717464447, 750], [0.5816513895988464, 0.06148669496178627, 768]], "mt5-base": [[0.2318042814731598, 0.08748853206634521, 100], [0.2318042814731598, 0.13276231288909912, 150], [0.45626911520957947, 0.17696543037891388, 200], [0.5168195962905884, 0.1884368360042572, 250], [0.5333333611488342, 0.17528295516967773, 300], [0.5480122566223145, 0.22116854786872864, 350], [0.5504587292671204, 0.2531355023384094, 400], [0.44709479808807373, 0.25848883390426636, 450], [0.5626911520957947, 0.27301928400993347, 500], [0.5626911520957947, 0.2857142984867096, 550], [0.5590214133262634, 0.259865403175354, 600], [0.5981651544570923, 0.2817375361919403, 650], [0.642201840877533, 0.3054451048374176, 700], [0.6128440499305725, 0.3048332929611206, 750], [0.6489296555519104, 0.3121749758720398, 768]], "xlm-roberta-base": [[0.03363914415240288, 0.006576934829354286, 100], [0.030581040307879448, 0.002600183477625251, 150], [0.022018348798155785, 0.004282655194401741, 200], [0.018960244953632355, 0.0038237993139773607, 250], [0.028134556487202644, 0.009024166502058506, 300], [0.07706422358751297, 0.012236157432198524, 350], [0.07278287410736084, 0.013612725771963596, 400], [0.03486238420009613, 0.015142245218157768, 450], [0.22079510986804962, 0.03655552119016647, 500], [0.053822629153728485, 0.030590394511818886, 550], [0.07400611788034439, 0.030590394511818886, 600], [0.07767584174871445, 0.027684306725859642, 650], [0.05565749108791351, 0.026919547468423843, 700], [0.03486238420009613, 0.025848884135484695, 750], [0.09602446854114532, 0.025542980059981346, 768]], "ernie-m-base_pytorch": [[0.07278287410736084, 0.03410828858613968, 100], [0.06788990646600723, 0.05383909493684769, 150], [0.044648319482803345, 0.0698990523815155, 200], [0.0685015320777893, 0.094830222427845, 250], [0.09296636283397675, 0.08565310388803482, 300], [0.11376146972179413, 0.10890180617570877, 350], [0.2214067280292511, 0.1215968206524849, 400], [0.17981651425361633, 0.13260936737060547, 450], [0.15718653798103333, 0.06423982977867126, 500], [0.14067278802394867, 0.055215660482645035, 550], [0.11070336401462555, 0.027378402650356293, 600], [0.17003057897090912, 0.030437443405389786, 650], [0.18226300179958344, 0.03166105970740318, 700], [0.17859327793121338, 0.030131539329886436, 750], [0.14617736637592316, 0.02906087413430214, 768]]}}