{"ro-fr": {"bert-base-multilingual-uncased": [[0.9493634753850075, 0.03705489312937242, 100], [0.9631660471472505, 0.06378703884828878, 150], [0.968328898899196, 0.09147559066668251, 200], [0.9707928712712431, 0.07694217882580014, 250], [0.9731586104896556, 0.10110575432157604, 300], [0.9764800660850231, 0.13394662627626372, 350], [0.9776694260342219, 0.173730562851122, 400], [0.9791890176980862, 0.20183689852151088, 450], [0.9791037467722783, 0.22592031010318678, 500], [0.9801217898595956, 0.2245833047591164, 550], [0.9794015543345542, 0.26308336999152626, 600], [0.9789635268771398, 0.28403934033910516, 650], [0.9780201043069195, 0.2658959277601438, 700], [0.9788911939886855, 0.2583803009233986, 750], [0.9782857200937674, 0.25456764314227287, 768]], "mt5-base": [[0.8793545831604733, 0.20975169330653912, 100], [0.9181496631193097, 0.2693708217946812, 150], [0.9294356153731685, 0.3105984005393641, 200], [0.9375052482028906, 0.3188305309304989, 250], [0.9366353968872643, 0.3008325578227882, 300], [0.9392278564042424, 0.2977040811341561, 350], [0.9413492435122615, 0.364355777872905, 400], [0.9409500785912734, 0.3628378476496698, 450], [0.9421657653949527, 0.37949114704627834, 500], [0.942120264370229, 0.39684503921736486, 550], [0.9443220347923501, 0.3918895260443153, 600], [0.9403368104337299, 0.4076180564572829, 650], [0.9409753478154955, 0.42827900754631776, 700], [0.9400655907667861, 0.42899413170979844, 750], [0.9400698455225869, 0.43585189571837674, 768]], "xlm-roberta-base": [[0.8645385077223802, 0.03428831409170968, 100], [0.8968922730410169, 0.03750212814211954, 150], [0.8892169723116161, 0.046055237822395324, 200], [0.9137647695881976, 0.05911234242774218, 250], [0.9106686062355247, 0.10880816550014275, 300], [0.9254030937292531, 0.092041770386745, 350], [0.9307335323560827, 0.09819371851035151, 400], [0.9388835761576513, 0.11664692615916306, 450], [0.9366019191431966, 0.09504546686553882, 500], [0.9351695091133957, 0.10998870157379986, 550], [0.9312069761968631, 0.17332436172270252, 600], [0.9382959345357159, 0.1747417593621753, 650], [0.9415841232908553, 0.17412253408091166, 700], [0.9363912584848632, 0.09814215491875804, 750], [0.934604075991677, 0.10178292688988932, 768]], "ernie-m-base_pytorch": [[0.9064439997313737, 0.10845344886171904, 100], [0.9106581887433276, 0.16027782691636436, 150], [0.9055230186649953, 0.17716596207450713, 200], [0.9231699767880902, 0.22769868060046078, 250], [0.9251038359491369, 0.22845703308880133, 300], [0.9347777246588188, 0.2464208623997995, 350], [0.9423487591641848, 0.28868218350595626, 400], [0.944001661875744, 0.333714665650574, 450], [0.9344360346926287, 0.2189551881757528, 500], [0.9348818051995389, 0.23802033567365097, 550], [0.9416672650655034, 0.15563960233941768, 600], [0.9446043952338121, 0.16656375785839372, 650], [0.9477914512988491, 0.17342264160436419, 700], [0.948221515052695, 0.1636220700283142, 750], [0.9502129421295961, 0.15984691123376324, 768]]}}