{"ro-fr": {"bert-base-multilingual-uncased": [[0.9346365236459243, 0.030026443163390558, 100], [0.9499614644637179, 0.056612670482731074, 150], [0.9546091464058862, 0.08066878900766267, 200], [0.9608394214273522, 0.07358215268762427, 250], [0.9631213121342029, 0.09976701250664953, 300], [0.9655252815199857, 0.12737453547771954, 350], [0.9685413328631296, 0.1651838704536238, 400], [0.969890446661851, 0.18904240553260104, 450], [0.970215249501984, 0.2108696182795201, 500], [0.9705459651410626, 0.20902397264774822, 550], [0.9705533745620617, 0.25300468341234966, 600], [0.9706366656535369, 0.2695810753450757, 650], [0.9697612156942158, 0.25283360584939696, 700], [0.9710128545730566, 0.24680191850396702, 750], [0.9692844056843968, 0.24370589988197516, 768]], "mt5-base": [[0.852156416082114, 0.19376161701195851, 100], [0.8877651868028805, 0.2551026640491392, 150], [0.9122261048084453, 0.30012157873387096, 200], [0.9195269099740969, 0.3075146705207843, 250], [0.9165431334042508, 0.284386780039245, 300], [0.9234092820359975, 0.2795371860358693, 350], [0.9229486820388705, 0.34384344057355826, 400], [0.9238553067961798, 0.3431180546857286, 450], [0.924708840470751, 0.3612490801042317, 500], [0.9248627003761373, 0.377425991563212, 550], [0.9283528869001985, 0.3744450249268462, 600], [0.9258718037492915, 0.38983665713235793, 650], [0.925791235279232, 0.40969837026608663, 700], [0.9259089873359482, 0.41043678921918963, 750], [0.9259565348844039, 0.4170275156262261, 768]], "xlm-roberta-base": [[0.8527803926745183, 0.030188608963098513, 100], [0.8753897631139544, 0.03430727600066681, 150], [0.8670177980522858, 0.03880559444398074, 200], [0.8955520610396819, 0.05414617182714408, 250], [0.8947013847634252, 0.10371210400852118, 300], [0.9113123189990114, 0.08762660018519962, 350], [0.9185624340760397, 0.09357250157564252, 400], [0.9247651153062838, 0.11259321690206993, 450], [0.931555298685456, 0.09127594461825712, 500], [0.9327893682140125, 0.1046518146187824, 550], [0.9258292911095375, 0.16757499408464124, 600], [0.9299153091998494, 0.1652257536258744, 650], [0.932730238809692, 0.16200239368842032, 700], [0.9090625695911824, 0.09366727642264769, 750], [0.910938035557147, 0.09797587397703646, 768]], "ernie-m-base_pytorch": [[0.8827705671866098, 0.10114933462039773, 100], [0.8888653891853063, 0.15274681194428613, 150], [0.8790116264225474, 0.16580649342433815, 200], [0.9070001417407976, 0.21475042879982162, 250], [0.9064215869174285, 0.21539509453437997, 300], [0.918997249147761, 0.2311874562072933, 350], [0.925250682866661, 0.2689969824978403, 400], [0.9334609535878376, 0.31354680180048383, 450], [0.9329708585106321, 0.20619407683405863, 500], [0.9335599349751064, 0.22238409609524318, 550], [0.9326377529945462, 0.1409925905757574, 600], [0.9386772027311004, 0.15412415138348934, 650], [0.9407519882610587, 0.16157851770922033, 700], [0.941690067405319, 0.14949681018655528, 750], [0.942992617015049, 0.14577932979411043, 768]]}}