{"ro-fr": {"bert-base-multilingual-uncased": [[0.922629746855196, 0.030026452024412363, 100], [0.9434771169494469, 0.05661267291785601, 150], [0.9483362299663626, 0.08066879533637296, 200], [0.9551913897588257, 0.07358216853226643, 250], [0.9599116327396795, 0.0997670324864887, 300], [0.9630359054734976, 0.12737450775944803, 350], [0.9655124190433487, 0.16518028744876861, 400], [0.9671966255980202, 0.1890424102199917, 450], [0.9688308600099287, 0.2108695555804101, 500], [0.9686560570139628, 0.20902397139648154, 550], [0.9654903469258607, 0.25300513275552067, 600], [0.9673454615515312, 0.2695824238950636, 650], [0.9674944260076745, 0.25283406712455003, 700], [0.9692808673713295, 0.24683201032648014, 750], [0.9684234242452379, 0.24370557092556858, 768]], "mt5-base": [[0.8242538887202204, 0.19376154073666793, 100], [0.8651064550412043, 0.2551027113079142, 150], [0.8876549764719827, 0.3001216365639599, 200], [0.9019976183444893, 0.30751506497868203, 250], [0.8947263523269035, 0.28438668785390064, 300], [0.9031762094471162, 0.2795318997131973, 350], [0.9062101626893886, 0.3438393065755859, 400], [0.9027759942899419, 0.34311817648875137, 450], [0.9007100340291572, 0.3612526599274105, 500], [0.9021358741984136, 0.377426203463778, 550], [0.9062261465600967, 0.37436954095619396, 600], [0.9059511458006501, 0.3898367184907814, 650], [0.9080581809745122, 0.4096980897794116, 700], [0.9129423687479227, 0.41043654271098906, 750], [0.9127680117946557, 0.4170564452595656, 768]], "xlm-roberta-base": [[0.8142053627928091, 0.030188609937907923, 100], [0.8211065041881692, 0.034308139443158636, 150], [0.8424290848376568, 0.03880582540205817, 200], [0.8794851665309154, 0.05413850450112607, 250], [0.8900907141904117, 0.10371125521140752, 300], [0.9073168549485529, 0.0876262968464758, 350], [0.9180699709419352, 0.09357549349584918, 400], [0.9239231714262623, 0.11259277346819052, 450], [0.9224834524218322, 0.09127821549688846, 500], [0.9282318150037043, 0.10465124184327604, 550], [0.9302751152659376, 0.16756395644666047, 600], [0.9338730081992466, 0.16522959071990742, 650], [0.936911002935663, 0.16204852052517668, 700], [0.9362295705584269, 0.09367286858168462, 750], [0.9364670080829706, 0.09791033562719818, 768]], "ernie-m-base_pytorch": [[0.8682898972636744, 0.1011476964937283, 100], [0.8875687998684065, 0.15275950124550192, 150], [0.8863540228281332, 0.16580787778723294, 200], [0.9083080846683578, 0.21475339410768915, 250], [0.9190893906914206, 0.21539506495384245, 300], [0.9253215355695147, 0.23119942560379417, 350], [0.9277586631956689, 0.268995691803293, 400], [0.9305927164378159, 0.3135467270930347, 450], [0.9299076122795418, 0.20619405603345226, 500], [0.9322852990287356, 0.22238042137724212, 550], [0.9332703943650806, 0.14099696523038116, 600], [0.9331123556559241, 0.15412395284372366, 650], [0.934810040709942, 0.16157683847583892, 700], [0.9341502494427476, 0.1494886581745551, 750], [0.935757882864098, 0.14577930026605368, 768]]}}