{"ro-fr": {"bert-base-multilingual-uncased": [[0.9361818155100822, 0.03705489312937242, 100], [0.9521510079310785, 0.06378703884828878, 150], [0.9606579707232117, 0.09147559066668251, 200], [0.9656811723861605, 0.07694217882580014, 250], [0.9676581309098079, 0.10110575432157604, 300], [0.9722642134480142, 0.13394662627626372, 350], [0.9742412889865105, 0.173730562851122, 400], [0.977070619489697, 0.20183689852151088, 450], [0.9777250176040647, 0.22592031010318678, 500], [0.9738017094849029, 0.2245833047591164, 550], [0.9747382739138908, 0.26308336999152626, 600], [0.9761312678044018, 0.28403934033910516, 650], [0.9761543748698079, 0.2658959277601438, 700], [0.9772871438471439, 0.2583803009233986, 750], [0.9775506803914271, 0.25456764314227287, 768]], "mt5-base": [[0.8434431131713771, 0.20975169330653912, 100], [0.8842781717988509, 0.2693708217946812, 150], [0.9045372587274194, 0.3105984005393641, 200], [0.917040902629483, 0.3188305309304989, 250], [0.9150329322465827, 0.3008325578227882, 300], [0.9218304468878427, 0.2977040811341561, 350], [0.9211924963790967, 0.364355777872905, 400], [0.9179330113966454, 0.3628378476496698, 450], [0.9148233341903209, 0.37949114704627834, 500], [0.9183698769193301, 0.39684503921736486, 550], [0.9194790250172608, 0.3918895260443153, 600], [0.9231041824450553, 0.4076180564572829, 650], [0.9251589064726752, 0.42827900754631776, 700], [0.9276536589449266, 0.42899413170979844, 750], [0.9281468841454056, 0.43585189571837674, 768]], "xlm-roberta-base": [[0.8344085279040151, 0.03428831409170968, 100], [0.8374014325918699, 0.03750212814211954, 150], [0.864467726841352, 0.046055237822395324, 200], [0.8942584197831882, 0.05911234242774218, 250], [0.9112037773750199, 0.10880816550014275, 300], [0.9241746333722461, 0.092041770386745, 350], [0.9301237085026103, 0.09819371851035151, 400], [0.9344675297482714, 0.11664692615916306, 450], [0.9291910408582879, 0.09504546686553882, 500], [0.9299808217977076, 0.10998870157379986, 550], [0.9374680393772274, 0.17332436172270252, 600], [0.9430195240087352, 0.1747417593621753, 650], [0.9439817008835073, 0.17412253408091166, 700], [0.9460858662490773, 0.09814215491875804, 750], [0.9464599989056501, 0.10178292688988932, 768]], "ernie-m-base_pytorch": [[0.8851085859927649, 0.10845344886171904, 100], [0.9043408880104326, 0.16027782691636436, 150], [0.9085617373877368, 0.17716596207450713, 200], [0.9249280652301443, 0.22769868060046078, 250], [0.931982025210136, 0.22845703308880133, 300], [0.9331595546512682, 0.2464208623997995, 350], [0.9420570963220567, 0.28868218350595626, 400], [0.9468580574863119, 0.333714665650574, 450], [0.93966208762757, 0.2189551881757528, 500], [0.9424663303056346, 0.23802033567365097, 550], [0.9411715772783018, 0.15563960233941768, 600], [0.9446484676621755, 0.16656375785839372, 650], [0.947138706678909, 0.17342264160436419, 700], [0.9488016765266981, 0.1636220700283142, 750], [0.9490209690140436, 0.15984691123376324, 768]]}}