{"ro-fr": {"bert-base-multilingual-uncased": [[0.240776415994157, 0.03705489312937242, 100], [0.5171814188773535, 0.06378703884828878, 150], [0.5290075961410127, 0.09147559066668251, 200], [0.7663032391355772, 0.07694217882580014, 250], [0.710037932390416, 0.10110575432157604, 300], [0.6243795239896436, 0.13394662627626372, 350], [0.6988217641343344, 0.173730562851122, 400], [0.8507164991953683, 0.20183689852151088, 450], [0.8025042883997306, 0.22592031010318678, 500], [0.8037964208417036, 0.2245833047591164, 550], [0.8311176839604454, 0.26308336999152626, 600], [0.8616611704356244, 0.28403934033910516, 650], [0.8929489440207795, 0.2658959277601438, 700], [0.860209093656415, 0.2583803009233986, 750], [0.8847496188072493, 0.25456764314227287, 768]], "mt5-base": [[0.36493804578095157, 0.20975169330653912, 100], [0.4893771375628896, 0.2693708217946812, 150], [0.6744895488167229, 0.3105984005393641, 200], [0.7115879405946035, 0.3188305309304989, 250], [0.7180226673345393, 0.3008325578227882, 300], [0.7217384896273568, 0.2977040811341561, 350], [0.7534430099958225, 0.364355777872905, 400], [0.7183005994044572, 0.3628378476496698, 450], [0.7410029351020823, 0.37949114704627834, 500], [0.7451933638026123, 0.39684503921736486, 550], [0.7809157793209148, 0.3918895260443153, 600], [0.7962834405254018, 0.4076180564572829, 650], [0.7968532885918442, 0.42827900754631776, 700], [0.7876100710352085, 0.42899413170979844, 750], [0.8124434928464539, 0.43585189571837674, 768]], "xlm-roberta-base": [[0.07396793058370522, 0.03428831409170968, 100], [0.16462683094167804, 0.03750212814211954, 150], [0.1056015812065787, 0.046055237822395324, 200], [0.2065148069517481, 0.05911234242774218, 250], [0.1891116525182836, 0.10880816550014275, 300], [0.3030392042844622, 0.092041770386745, 350], [0.4097339315906029, 0.09819371851035151, 400], [0.3869668736173826, 0.11664692615916306, 450], [0.48751328540851735, 0.09504546686553882, 500], [0.3957327410777115, 0.10998870157379986, 550], [0.38764736478434425, 0.17332436172270252, 600], [0.5758410392003427, 0.1747417593621753, 650], [0.43265604012770237, 0.17412253408091166, 700], [0.20234554822069462, 0.09814215491875804, 750], [0.43966296933069526, 0.10178292688988932, 768]], "ernie-m-base_pytorch": [[0.16410998786310765, 0.10845344886171904, 100], [0.12851077351354917, 0.16027782691636436, 150], [0.08877234471368468, 0.17716596207450713, 200], [0.14477814728518418, 0.22769868060046078, 250], [0.1915183197955481, 0.22845703308880133, 300], [0.264992705040311, 0.2464208623997995, 350], [0.3817878063281272, 0.28868218350595626, 400], [0.3455501132898778, 0.333714665650574, 450], [0.3816225800160273, 0.2189551881757528, 500], [0.47492199259470935, 0.23802033567365097, 550], [0.5179895214255277, 0.15563960233941768, 600], [0.5763102356341387, 0.16656375785839372, 650], [0.5341531551046859, 0.17342264160436419, 700], [0.580074180883309, 0.1636220700283142, 750], [0.5174836613945818, 0.15984691123376324, 768]]}}