{"ro-fr": {"bert-base-multilingual-uncased": [[0.24329837009534047, 0.030026452024412363, 100], [0.4046220511773367, 0.05661267291785601, 150], [0.5421050135122792, 0.08066879533637296, 200], [0.6241998057028837, 0.07358216853226643, 250], [0.7694825221338066, 0.0997670324864887, 300], [0.6616981544953109, 0.12737450775944803, 350], [0.7705240992471624, 0.16518028744876861, 400], [0.7534946789402792, 0.1890424102199917, 450], [0.6742854106562579, 0.2108695555804101, 500], [0.7676726357276967, 0.20902397139648154, 550], [0.855017352464119, 0.25300513275552067, 600], [0.7747336357054659, 0.2695824238950636, 650], [0.82429270840227, 0.25283406712455003, 700], [0.7893810625456797, 0.24683201032648014, 750], [0.7617493183862326, 0.24370557092556858, 768]], "mt5-base": [[0.27455639405726645, 0.19376154073666793, 100], [0.4544513725888162, 0.2551027113079142, 150], [0.5994283797618126, 0.3001216365639599, 200], [0.5920391986013563, 0.30751506497868203, 250], [0.6845239648820168, 0.28438668785390064, 300], [0.6643296084884951, 0.2795318997131973, 350], [0.677771770442386, 0.3438393065755859, 400], [0.7224327054272479, 0.34311817648875137, 450], [0.7326779775863101, 0.3612526599274105, 500], [0.7366562301484162, 0.377426203463778, 550], [0.7268343996196528, 0.37436954095619396, 600], [0.758910899211397, 0.3898367184907814, 650], [0.7805250928005006, 0.4096980897794116, 700], [0.7702500910718308, 0.41043654271098906, 750], [0.7657187774225157, 0.4170564452595656, 768]], "xlm-roberta-base": [[0.07103149303867264, 0.030188609937907923, 100], [0.15821123532288525, 0.034308139443158636, 150], [0.08411428093557732, 0.03880582540205817, 200], [0.07103303637028859, 0.05413850450112607, 250], [0.09457293080988224, 0.10371125521140752, 300], [0.16569645070145514, 0.0876262968464758, 350], [0.20812763453248648, 0.09357549349584918, 400], [0.262765781689741, 0.11259277346819052, 450], [0.4485913014237574, 0.09127821549688846, 500], [0.27298147782891174, 0.10465124184327604, 550], [0.22809352028678573, 0.16756395644666047, 600], [0.34234225363735893, 0.16522959071990742, 650], [0.5849734934207447, 0.16204852052517668, 700], [0.5726275435698327, 0.09367286858168462, 750], [0.35058984513761826, 0.09791033562719818, 768]], "ernie-m-base_pytorch": [[0.18177202254452524, 0.1011476964937283, 100], [0.125271568450377, 0.15275950124550192, 150], [0.07502444300737067, 0.16580787778723294, 200], [0.12951282200891176, 0.21475339410768915, 250], [0.1736832843066579, 0.21539506495384245, 300], [0.2844660735051761, 0.23119942560379417, 350], [0.31549678203468584, 0.268995691803293, 400], [0.43770168088816835, 0.3135467270930347, 450], [0.3999272341652128, 0.20619405603345226, 500], [0.46572408706211765, 0.22238042137724212, 550], [0.4003822033714199, 0.14099696523038116, 600], [0.586136918877987, 0.15412395284372366, 650], [0.5152618297273641, 0.16157683847583892, 700], [0.5763962798505352, 0.1494886581745551, 750], [0.5350504016855634, 0.14577930026605368, 768]]}}