{"en-nl": {"bert-base-multilingual-uncased": [[0.7957186102867126, 0.025542980059981346, 100], [0.8776758313179016, 0.030284492298960686, 150], [0.9033638834953308, 0.044050171971321106, 200], [0.9290519952774048, 0.0744876116514206, 250], [0.9370030164718628, 0.09804221987724304, 300], [0.9412843585014343, 0.09957174211740494, 350], [0.940672755241394, 0.12297338992357254, 400], [0.9467889666557312, 0.08305292576551437, 450], [0.9492354393005371, 0.07464056462049484, 500], [0.9522935748100281, 0.09437137097120285, 550], [0.9602445960044861, 0.09926583617925644, 600], [0.9577981233596802, 0.09192413836717606, 650], [0.9577981233596802, 0.0945243239402771, 700], [0.9565749168395996, 0.08473539352416992, 750], [0.9565749168395996, 0.08228816837072372, 768]], "mt5-base": [[0.8366972208023071, 0.06378097832202911, 100], [0.8801223039627075, 0.10171306878328323, 150], [0.8948011994361877, 0.1859896034002304, 200], [0.9064220190048218, 0.26613643765449524, 250], [0.8990825414657593, 0.2334047257900238, 300], [0.9125382304191589, 0.26460692286491394, 350], [0.9119265675544739, 0.28831449151039124, 400], [0.9131498336791992, 0.3166106045246124, 450], [0.9217125177383423, 0.32869380712509155, 500], [0.9198776483535767, 0.36494341492652893, 550], [0.9217125177383423, 0.3872744143009186, 600], [0.9155963063240051, 0.3941572606563568, 650], [0.9143730401992798, 0.42750078439712524, 700], [0.9174311757087708, 0.43025392293930054, 750], [0.9192660450935364, 0.43545427918434143, 768]], "xlm-roberta-base": [[0.7840978503227234, 0.021872133016586304, 100], [0.8373088240623474, 0.027072500437498093, 150], [0.8220183253288269, 0.013612725771963596, 200], [0.8593271970748901, 0.01896604523062706, 250], [0.8703363537788391, 0.01866014115512371, 300], [0.8899082541465759, 0.025237075984477997, 350], [0.9027522802352905, 0.029825635254383087, 400], [0.9076452255249023, 0.031202204525470734, 450], [0.9039754867553711, 0.06026307865977287, 500], [0.9076452255249023, 0.05766289681196213, 550], [0.9082568883895874, 0.04756806418299675, 600], [0.9137614369392395, 0.05185072124004364, 650], [0.9131498336791992, 0.05093301087617874, 700], [0.8831803798675537, 0.05720404163002968, 750], [0.8831803798675537, 0.05521566420793533, 768]], "ernie-m-base_pytorch": [[0.9070336222648621, 0.24487611651420593, 100], [0.9241589903831482, 0.22422760725021362, 150], [0.9119265675544739, 0.3239522874355316, 200], [0.9290519952774048, 0.4313245713710785, 250], [0.9339449405670166, 0.38681554794311523, 300], [0.9314984679222107, 0.40776997804641724, 350], [0.9443424940109253, 0.46635058522224426, 400], [0.9443424940109253, 0.5055062770843506, 450], [0.9431192278862, 0.44723159074783325, 500], [0.9412843585014343, 0.4652799069881439, 550], [0.943730890750885, 0.3863567113876343, 600], [0.943730890750885, 0.38620373606681824, 650], [0.9474005699157715, 0.3987458050251007, 700], [0.9467889666557312, 0.3695319890975952, 750], [0.9480122327804565, 0.37855616211891174, 768]]}}