{"en-nl": {"bert-base-multilingual-uncased": [[0.7834862470626831, 0.025542980059981346, 100], [0.8636085391044617, 0.030284490436315536, 150], [0.8972477316856384, 0.04405016824603081, 200], [0.9192660450935364, 0.0744876116514206, 250], [0.9363914132118225, 0.09804221242666245, 300], [0.9370030760765076, 0.09957173466682434, 350], [0.9449541568756104, 0.12282043695449829, 400], [0.9504587054252625, 0.08305291831493378, 450], [0.954740047454834, 0.07464056462049484, 500], [0.9510703086853027, 0.09437137097120285, 550], [0.9529051780700684, 0.09911287575960159, 600], [0.9535168409347534, 0.09192413836717606, 650], [0.9541284441947937, 0.0945243164896965, 700], [0.9565749168395996, 0.08473539352416992, 750], [0.9559633135795593, 0.08228816092014313, 768]], "mt5-base": [[0.7944954037666321, 0.06378097087144852, 100], [0.8354740142822266, 0.10171306133270264, 150], [0.8697247505187988, 0.1859896034002304, 200], [0.8850153088569641, 0.26613643765449524, 250], [0.8856269121170044, 0.2334047108888626, 300], [0.8929663896560669, 0.26460692286491394, 350], [0.8899082541465759, 0.28831446170806885, 400], [0.8960244655609131, 0.31661057472229004, 450], [0.898470938205719, 0.32869377732276917, 500], [0.8948011994361877, 0.36494341492652893, 550], [0.8996942043304443, 0.3872743844985962, 600], [0.9009174108505249, 0.3941572308540344, 650], [0.9027522802352905, 0.42750075459480286, 700], [0.9088684916496277, 0.43025389313697815, 750], [0.9107033610343933, 0.43545427918434143, 768]], "xlm-roberta-base": [[0.7474005818367004, 0.021872133016586304, 100], [0.7779816389083862, 0.027072498574852943, 150], [0.8073394298553467, 0.013612725771963596, 200], [0.8470947742462158, 0.01896604523062706, 250], [0.8678898811340332, 0.01866014115512371, 300], [0.8923547267913818, 0.025237075984477997, 350], [0.9045871496200562, 0.029825635254383087, 400], [0.9204893112182617, 0.031202202662825584, 450], [0.9162079691886902, 0.06026307865977287, 500], [0.9223241806030273, 0.05750994011759758, 550], [0.921100914478302, 0.04756806418299675, 600], [0.9247706532478333, 0.05185071751475334, 650], [0.9272171258926392, 0.05093300715088844, 700], [0.9259938597679138, 0.05735699087381363, 750], [0.9247706532478333, 0.055215660482645035, 768]], "ernie-m-base_pytorch": [[0.8862385153770447, 0.24487610161304474, 100], [0.9107033610343933, 0.22422759234905243, 150], [0.909480094909668, 0.3239522874355316, 200], [0.9247706532478333, 0.4313245713710785, 250], [0.9376146793365479, 0.38681554794311523, 300], [0.940672755241394, 0.40776994824409485, 350], [0.9516819715499878, 0.4663505554199219, 400], [0.9504587054252625, 0.5053533315658569, 450], [0.9480122327804565, 0.44723156094551086, 500], [0.9529051780700684, 0.4652799069881439, 550], [0.9541284441947937, 0.3863566815853119, 600], [0.9571865200996399, 0.38620373606681824, 650], [0.9584097862243652, 0.3987458050251007, 700], [0.9602446556091309, 0.3695319592952728, 750], [0.9620795249938965, 0.37855613231658936, 768]]}}