{"en-nl": {"bert-base-multilingual-uncased": [[0.04639999940991402, 0.026799999177455902, 100], [0.14800000190734863, 0.03139999881386757, 150], [0.20399999618530273, 0.04399999976158142, 200], [0.36399999260902405, 0.07699999958276749, 250], [0.3823999762535095, 0.1021999940276146, 300], [0.46239998936653137, 0.10639999806880951, 350], [0.4519999921321869, 0.12639999389648438, 400], [0.5672000050544739, 0.085999995470047, 450], [0.6096000075340271, 0.07899999618530273, 500], [0.5783999562263489, 0.10300000011920929, 550], [0.7287999987602234, 0.10899999737739563, 600], [0.7184000015258789, 0.10319999605417252, 650], [0.7567999958992004, 0.10599999874830246, 700], [0.7752000093460083, 0.09479999542236328, 750], [0.7608000040054321, 0.08799999952316284, 768]], "mt5-base": [[0.282399982213974, 0.06319999694824219, 100], [0.4487999975681305, 0.10119999945163727, 150], [0.676800012588501, 0.19119998812675476, 200], [0.753600001335144, 0.2733999788761139, 250], [0.6887999773025513, 0.23659999668598175, 300], [0.6567999720573425, 0.26999998092651367, 350], [0.7167999744415283, 0.295199990272522, 400], [0.692799985408783, 0.3310000002384186, 450], [0.7727999687194824, 0.3375999927520752, 500], [0.8175999522209167, 0.37439998984336853, 550], [0.8279999494552612, 0.3967999815940857, 600], [0.7839999794960022, 0.4025999903678894, 650], [0.8071999549865723, 0.43639999628067017, 700], [0.8263999819755554, 0.4421999752521515, 750], [0.8095999956130981, 0.444599986076355, 768]], "xlm-roberta-base": [[0.17679999768733978, 0.023000000044703484, 100], [0.18799999356269836, 0.026799999177455902, 150], [0.21040000021457672, 0.014999999664723873, 200], [0.295199990272522, 0.02019999921321869, 250], [0.29999998211860657, 0.020399998873472214, 300], [0.24560000002384186, 0.026200000196695328, 350], [0.3831999897956848, 0.029399998486042023, 400], [0.41200000047683716, 0.030799999833106995, 450], [0.29600000381469727, 0.06480000168085098, 500], [0.495199978351593, 0.05959999933838844, 550], [0.487199991941452, 0.05139999836683273, 600], [0.6200000047683716, 0.05719999969005585, 650], [0.574400007724762, 0.052400000393390656, 700], [0.36640000343322754, 0.058799996972084045, 750], [0.47279998660087585, 0.056199997663497925, 768]], "ernie-m-base_pytorch": [[0.5047999620437622, 0.2680000066757202, 100], [0.48240000009536743, 0.24219998717308044, 150], [0.4439999759197235, 0.33739998936653137, 200], [0.6359999775886536, 0.4487999975681305, 250], [0.6064000129699707, 0.4047999978065491, 300], [0.6951999664306641, 0.421999990940094, 350], [0.746399998664856, 0.48019999265670776, 400], [0.7999999523162842, 0.5245999693870544, 450], [0.746399998664856, 0.47119998931884766, 500], [0.7960000038146973, 0.4887999892234802, 550], [0.8032000064849854, 0.40939998626708984, 600], [0.7815999984741211, 0.4113999903202057, 650], [0.8471999764442444, 0.42739999294281006, 700], [0.8431999683380127, 0.3991999924182892, 750], [0.8455999493598938, 0.4068000018596649, 768]]}}