{"en-nl": {"bert-base-multilingual-uncased": [[0.05015290528535843, 0.025542980059981346, 100], [0.15168195962905884, 0.030284490436315536, 150], [0.218960240483284, 0.04405016824603081, 200], [0.4165137708187103, 0.0744876116514206, 250], [0.39816513657569885, 0.09804221242666245, 300], [0.4422018229961395, 0.09957173466682434, 350], [0.5357798337936401, 0.12282043695449829, 400], [0.6024464964866638, 0.08305291831493378, 450], [0.5993883609771729, 0.07464056462049484, 500], [0.6629969477653503, 0.09437137097120285, 550], [0.6801223158836365, 0.09911287575960159, 600], [0.6477064490318298, 0.09192413836717606, 650], [0.7027522921562195, 0.0945243164896965, 700], [0.6409785747528076, 0.08473539352416992, 750], [0.6721712350845337, 0.08228816092014313, 768]], "mt5-base": [[0.2568807303905487, 0.06378097087144852, 100], [0.46972477436065674, 0.10171306133270264, 150], [0.6434250473976135, 0.1859896034002304, 200], [0.6905198693275452, 0.26613643765449524, 250], [0.6409785747528076, 0.2334047108888626, 300], [0.6819571852684021, 0.26460692286491394, 350], [0.6807339191436768, 0.28831446170806885, 400], [0.777370035648346, 0.31661057472229004, 450], [0.7908256649971008, 0.32869377732276917, 500], [0.8024464845657349, 0.36494341492652893, 550], [0.7761467695236206, 0.3872743844985962, 600], [0.7853211164474487, 0.3941572308540344, 650], [0.78899085521698, 0.42750075459480286, 700], [0.8103975653648376, 0.43025389313697815, 750], [0.8220183253288269, 0.43545427918434143, 768]], "xlm-roberta-base": [[0.19204893708229065, 0.021872133016586304, 100], [0.13394495844841003, 0.027072498574852943, 150], [0.20550458133220673, 0.013612725771963596, 200], [0.20672783255577087, 0.01896604523062706, 250], [0.39327216148376465, 0.01866014115512371, 300], [0.4324159026145935, 0.025237075984477997, 350], [0.4581039845943451, 0.029825635254383087, 400], [0.3871559500694275, 0.031202202662825584, 450], [0.43180426955223083, 0.06026307865977287, 500], [0.4886850118637085, 0.05750994011759758, 550], [0.4764525890350342, 0.04756806418299675, 600], [0.5486238598823547, 0.05185071751475334, 650], [0.5125382542610168, 0.05093300715088844, 700], [0.29113149642944336, 0.05735699087381363, 750], [0.5706421732902527, 0.055215660482645035, 768]], "ernie-m-base_pytorch": [[0.526605486869812, 0.24487610161304474, 100], [0.4525993764400482, 0.22422759234905243, 150], [0.42874616384506226, 0.3239522874355316, 200], [0.5792049169540405, 0.4313245713710785, 250], [0.6269113421440125, 0.38681554794311523, 300], [0.6385321021080017, 0.40776994824409485, 350], [0.7626911401748657, 0.4663505554199219, 400], [0.7547400593757629, 0.5053533315658569, 450], [0.7577981948852539, 0.44723156094551086, 500], [0.8122324347496033, 0.4652799069881439, 550], [0.7993884086608887, 0.3863566815853119, 600], [0.8220183253288269, 0.38620373606681824, 650], [0.797553539276123, 0.3987458050251007, 700], [0.7993884086608887, 0.3695319592952728, 750], [0.8091742992401123, 0.37855613231658936, 768]]}}