{"de-fr": {"bert-base-multilingual-uncased": [[0.9247999787330627, 0.027400000020861626, 100], [0.9575999975204468, 0.04659999907016754, 150], [0.9751999974250793, 0.060999996960163116, 200], [0.9847999811172485, 0.07259999960660934, 250], [0.9839999675750732, 0.09539999812841415, 300], [0.9863999485969543, 0.0957999974489212, 350], [0.9847999811172485, 0.10119999945163727, 400], [0.9824000000953674, 0.09399999678134918, 450], [0.9871999621391296, 0.1371999979019165, 500], [0.9879999756813049, 0.10619999468326569, 550], [0.9879999756813049, 0.12639999389648438, 600], [0.9863999485969543, 0.12639999389648438, 650], [0.9887999892234802, 0.13679999113082886, 700], [0.990399956703186, 0.13740000128746033, 750], [0.9911999702453613, 0.13859999179840088, 768]], "mt5-base": [[0.8567999601364136, 0.07199999690055847, 100], [0.9047999978065491, 0.12199999392032623, 150], [0.9239999651908875, 0.17979998886585236, 200], [0.9279999732971191, 0.2011999934911728, 250], [0.9231999516487122, 0.1451999992132187, 300], [0.9296000003814697, 0.18639999628067017, 350], [0.9399999976158142, 0.1987999975681305, 400], [0.9319999814033508, 0.2303999960422516, 450], [0.9391999840736389, 0.2669999897480011, 500], [0.9383999705314636, 0.2831999957561493, 550], [0.9391999840736389, 0.29319998621940613, 600], [0.9431999921798706, 0.3147999942302704, 650], [0.9440000057220459, 0.29019999504089355, 700], [0.9487999677658081, 0.3294000029563904, 750], [0.946399986743927, 0.33399999141693115, 768]], "xlm-roberta-base": [[0.8759999871253967, 0.015399999916553497, 100], [0.9239999651908875, 0.018199998885393143, 150], [0.9383999705314636, 0.009999999776482582, 200], [0.9527999758720398, 0.012399999424815178, 250], [0.9495999813079834, 0.013799999840557575, 300], [0.9575999975204468, 0.017400000244379044, 350], [0.9703999757766724, 0.013399999588727951, 400], [0.9695999622344971, 0.01599999889731407, 450], [0.9727999567985535, 0.021399999037384987, 500], [0.974399983882904, 0.011599999852478504, 550], [0.9639999866485596, 0.013199999928474426, 600], [0.9711999893188477, 0.013799999840557575, 650], [0.974399983882904, 0.0139999995008111, 700], [0.9567999839782715, 0.013599999248981476, 750], [0.9583999514579773, 0.014800000004470348, 768]], "ernie-m-base_pytorch": [[0.9511999487876892, 0.23199999332427979, 100], [0.9639999866485596, 0.15219999849796295, 150], [0.9703999757766724, 0.06399999558925629, 200], [0.9767999649047852, 0.11479999870061874, 250], [0.9799999594688416, 0.1096000000834465, 300], [0.983199954032898, 0.13920000195503235, 350], [0.9863999485969543, 0.17880000174045563, 400], [0.9855999946594238, 0.2199999988079071, 450], [0.983199954032898, 0.2651999890804291, 500], [0.9855999946594238, 0.17799998819828033, 550], [0.9871999621391296, 0.18599998950958252, 600], [0.9879999756813049, 0.22179999947547913, 650], [0.9887999892234802, 0.23559999465942383, 700], [0.9855999946594238, 0.24619999527931213, 750], [0.9879999756813049, 0.25220000743865967, 768]]}}