{"de-fr": {"bert-base-multilingual-uncased": [[0.9253822565078735, 0.027378404513001442, 100], [0.9553516507148743, 0.04420312121510506, 150], [0.9700305461883545, 0.053686145693063736, 200], [0.9767583608627319, 0.06622820347547531, 250], [0.9810397028923035, 0.07678189128637314, 300], [0.9822629690170288, 0.07769960910081863, 350], [0.9840978384017944, 0.09161823242902756, 400], [0.9847094416618347, 0.08702967315912247, 450], [0.9853211045265198, 0.1157846450805664, 500], [0.988379180431366, 0.09865402430295944, 550], [0.9853211045265198, 0.11104314029216766, 600], [0.9865443110466003, 0.11180789768695831, 650], [0.9896024465560913, 0.1185377836227417, 700], [0.9908256530761719, 0.12251453846693039, 750], [0.9896024465560913, 0.12220863252878189, 768]], "mt5-base": [[0.8201834559440613, 0.06607525795698166, 100], [0.8788990378379822, 0.11333741992712021, 150], [0.9033638834953308, 0.17191801965236664, 200], [0.9137614369392395, 0.1930253952741623, 250], [0.9119265675544739, 0.13719792664051056, 300], [0.9204892516136169, 0.17711839079856873, 350], [0.9235473871231079, 0.192107692360878, 400], [0.9223241209983826, 0.22178037464618683, 450], [0.9247705936431885, 0.25420618057250977, 500], [0.9314984679222107, 0.2672071158885956, 550], [0.9284403324127197, 0.27760782837867737, 600], [0.9308868050575256, 0.30100950598716736, 650], [0.9333333373069763, 0.28066688776016235, 700], [0.9314984679222107, 0.3152340352535248, 750], [0.9345565438270569, 0.3211991488933563, 768]], "xlm-roberta-base": [[0.8458715677261353, 0.011012542992830276, 100], [0.9003058075904846, 0.009941878728568554, 150], [0.9186544418334961, 0.007953503169119358, 200], [0.9394495487213135, 0.00978892669081688, 250], [0.9370030164718628, 0.012236158363521099, 300], [0.943730890750885, 0.013918629847466946, 350], [0.951681911945343, 0.012389110401272774, 400], [0.9559632539749146, 0.01407158188521862, 450], [0.9553516507148743, 0.01957785338163376, 500], [0.9541284441947937, 0.01193025428801775, 550], [0.9510703086853027, 0.012695014476776123, 600], [0.9571865200996399, 0.012695014476776123, 650], [0.9565749168395996, 0.012542062439024448, 700], [0.932110071182251, 0.011318446137011051, 750], [0.9314984679222107, 0.012236158363521099, 768]], "ernie-m-base_pytorch": [[0.9290519952774048, 0.20985011756420135, 100], [0.951681911945343, 0.13352708518505096, 150], [0.9590213894844055, 0.059804223477840424, 200], [0.9669724702835083, 0.10706638544797897, 250], [0.9675840735435486, 0.10156011581420898, 300], [0.9724770188331604, 0.12863261997699738, 350], [0.9761467576026917, 0.16794127225875854, 400], [0.9755351543426514, 0.20526155829429626, 450], [0.9779816269874573, 0.25542980432510376, 500], [0.9755351543426514, 0.1693178415298462, 550], [0.9761467576026917, 0.1847659945487976, 600], [0.9779816269874573, 0.2179565727710724, 650], [0.9804280996322632, 0.2300397753715515, 700], [0.9779816269874573, 0.2364637553691864, 750], [0.9792048931121826, 0.24242888391017914, 768]]}}