{"de-fr": {"bert-base-multilingual-uncased": [[0.9051987528800964, 0.027378402650356293, 100], [0.9425076246261597, 0.04420312121510506, 150], [0.9608562588691711, 0.05368614196777344, 200], [0.9669724702835083, 0.06622820347547531, 250], [0.9724770784378052, 0.07678189128637314, 300], [0.9749235510826111, 0.07769960165023804, 350], [0.9785932898521423, 0.09146527945995331, 400], [0.9810397624969482, 0.08702967315912247, 450], [0.9828746318817139, 0.1157846450805664, 500], [0.9834862351417542, 0.09865402430295944, 550], [0.9853211045265198, 0.11104313284158707, 600], [0.9865443706512451, 0.11180789023637772, 650], [0.9853211045265198, 0.1185377761721611, 700], [0.9847095012664795, 0.12251453101634979, 750], [0.9859327077865601, 0.1222086250782013, 768]], "mt5-base": [[0.7828746438026428, 0.06607525050640106, 100], [0.8373088836669922, 0.11333741247653961, 150], [0.8697247505187988, 0.17191801965236664, 200], [0.8929663896560669, 0.1930253952741623, 250], [0.8917431235313416, 0.13719792664051056, 300], [0.9027522802352905, 0.17711839079856873, 350], [0.9088684916496277, 0.19226062297821045, 400], [0.9051987528800964, 0.22178035974502563, 450], [0.9125382304191589, 0.25420618057250977, 500], [0.9162079691886902, 0.2672070860862732, 550], [0.9107033610343933, 0.27760782837867737, 600], [0.9143730998039246, 0.30100947618484497, 650], [0.9119266271591187, 0.28066685795783997, 700], [0.9149847030639648, 0.3152340054512024, 750], [0.9155963063240051, 0.3211991488933563, 768]], "xlm-roberta-base": [[0.8097859621047974, 0.011012542061507702, 100], [0.8495413064956665, 0.00994187779724598, 150], [0.8721712827682495, 0.007953502237796783, 200], [0.909480094909668, 0.00978892669081688, 250], [0.921100914478302, 0.012236157432198524, 300], [0.9357798099517822, 0.013918629847466946, 350], [0.9418960213661194, 0.012389109469950199, 400], [0.9480122327804565, 0.01407158188521862, 450], [0.9431192874908447, 0.01957785338163376, 500], [0.9474006295204163, 0.01193025428801775, 550], [0.9467889666557312, 0.012695013545453548, 600], [0.9510703086853027, 0.012695013545453548, 650], [0.9529051780700684, 0.012542061507701874, 700], [0.9522935748100281, 0.011318446137011051, 750], [0.9529051780700684, 0.012236157432198524, 768]], "ernie-m-base_pytorch": [[0.9027522802352905, 0.20985010266304016, 100], [0.9284403920173645, 0.13352707028388977, 150], [0.943730890750885, 0.059804219752550125, 200], [0.9522935748100281, 0.10706637799739838, 250], [0.9596330523490906, 0.10156010836362839, 300], [0.9688073396682739, 0.12863260507583618, 350], [0.9706422090530396, 0.16794127225875854, 400], [0.9737002849578857, 0.20510859787464142, 450], [0.9730886816978455, 0.25542980432510376, 500], [0.9718654155731201, 0.1693178415298462, 550], [0.9681957364082336, 0.1847659796476364, 600], [0.9730886816978455, 0.21780361235141754, 650], [0.9737002849578857, 0.23003976047039032, 700], [0.9737002849578857, 0.2364637553691864, 750], [0.9737002849578857, 0.24242888391017914, 768]]}}