{"de-fr": {"bert-base-multilingual-uncased": [[0.19694189727306366, 0.027378402650356293, 100], [0.4122324287891388, 0.04420312121510506, 150], [0.5211009383201599, 0.05368614196777344, 200], [0.695412814617157, 0.06622820347547531, 250], [0.7535167932510376, 0.07678189128637314, 300], [0.8036697506904602, 0.07769960165023804, 350], [0.8611620664596558, 0.09146527945995331, 400], [0.8568807244300842, 0.08702967315912247, 450], [0.8807339668273926, 0.1157846450805664, 500], [0.8678898811340332, 0.09865402430295944, 550], [0.8746177554130554, 0.11104313284158707, 600], [0.8960244655609131, 0.11180789023637772, 650], [0.9180428385734558, 0.1185377761721611, 700], [0.8996942043304443, 0.12251453101634979, 750], [0.8850153088569641, 0.1222086250782013, 768]], "mt5-base": [[0.22691132128238678, 0.06607525050640106, 100], [0.2470947951078415, 0.11333741247653961, 150], [0.38776758313179016, 0.17191801965236664, 200], [0.4116207957267761, 0.1930253952741623, 250], [0.49969419836997986, 0.13719792664051056, 300], [0.540672779083252, 0.17711839079856873, 350], [0.594495415687561, 0.19226062297821045, 400], [0.617125391960144, 0.22178035974502563, 450], [0.718654453754425, 0.25420618057250977, 500], [0.7541284561157227, 0.2672070860862732, 550], [0.7651376128196716, 0.27760782837867737, 600], [0.7724770903587341, 0.30100947618484497, 650], [0.7847094535827637, 0.28066685795783997, 700], [0.7792049050331116, 0.3152340054512024, 750], [0.7993884086608887, 0.3211991488933563, 768]], "xlm-roberta-base": [[0.13944953680038452, 0.011012542061507702, 100], [0.12232416123151779, 0.00994187779724598, 150], [0.18532110750675201, 0.007953502237796783, 200], [0.2880733907222748, 0.00978892669081688, 250], [0.3920489251613617, 0.012236157432198524, 300], [0.29113149642944336, 0.013918629847466946, 350], [0.41590213775634766, 0.012389109469950199, 400], [0.5192660689353943, 0.01407158188521862, 450], [0.6342507600784302, 0.01957785338163376, 500], [0.5541284680366516, 0.01193025428801775, 550], [0.3669724762439728, 0.012695013545453548, 600], [0.5773700475692749, 0.012695013545453548, 650], [0.5259938836097717, 0.012542061507701874, 700], [0.3559632897377014, 0.011318446137011051, 750], [0.348012238740921, 0.012236157432198524, 768]], "ernie-m-base_pytorch": [[0.6440367102622986, 0.20985010266304016, 100], [0.4397553503513336, 0.13352707028388977, 150], [0.5308868288993835, 0.059804219752550125, 200], [0.5376147031784058, 0.10706637799739838, 250], [0.6556574702262878, 0.10156010836362839, 300], [0.7394495606422424, 0.12863260507583618, 350], [0.6795107126235962, 0.16794127225875854, 400], [0.7388378977775574, 0.20510859787464142, 450], [0.7681957483291626, 0.25542980432510376, 500], [0.7785933017730713, 0.1693178415298462, 550], [0.6978593468666077, 0.1847659796476364, 600], [0.7571865320205688, 0.21780361235141754, 650], [0.7785933017730713, 0.23003976047039032, 700], [0.7651376128196716, 0.2364637553691864, 750], [0.8183486461639404, 0.24242888391017914, 768]]}}