{"de-fr": {"bert-base-multilingual-uncased": [[0.2239999920129776, 0.027400000020861626, 100], [0.48159998655319214, 0.04659999907016754, 150], [0.5447999835014343, 0.060999996960163116, 200], [0.7271999716758728, 0.07259999960660934, 250], [0.8055999875068665, 0.09539999812841415, 300], [0.7576000094413757, 0.0957999974489212, 350], [0.8503999710083008, 0.10119999945163727, 400], [0.8615999817848206, 0.09399999678134918, 450], [0.8551999926567078, 0.1371999979019165, 500], [0.8359999656677246, 0.10619999468326569, 550], [0.8416000008583069, 0.12639999389648438, 600], [0.8623999953269958, 0.12639999389648438, 650], [0.8703999519348145, 0.13679999113082886, 700], [0.8847999572753906, 0.13740000128746033, 750], [0.8983999490737915, 0.13859999179840088, 768]], "mt5-base": [[0.274399995803833, 0.07199999690055847, 100], [0.29919999837875366, 0.12199999392032623, 150], [0.3999999761581421, 0.17979998886585236, 200], [0.4912000000476837, 0.2011999934911728, 250], [0.6103999614715576, 0.1451999992132187, 300], [0.5600000023841858, 0.18639999628067017, 350], [0.6791999936103821, 0.1987999975681305, 400], [0.7432000041007996, 0.2303999960422516, 450], [0.7031999826431274, 0.2669999897480011, 500], [0.7591999769210815, 0.2831999957561493, 550], [0.7784000039100647, 0.29319998621940613, 600], [0.7263999581336975, 0.3147999942302704, 650], [0.7455999851226807, 0.29019999504089355, 700], [0.7567999958992004, 0.3294000029563904, 750], [0.795199990272522, 0.33399999141693115, 768]], "xlm-roberta-base": [[0.17839999496936798, 0.015399999916553497, 100], [0.12799999117851257, 0.018199998885393143, 150], [0.21040000021457672, 0.009999999776482582, 200], [0.2280000001192093, 0.012399999424815178, 250], [0.3959999978542328, 0.013799999840557575, 300], [0.3928000032901764, 0.017400000244379044, 350], [0.5112000107765198, 0.013399999588727951, 400], [0.5127999782562256, 0.01599999889731407, 450], [0.46639999747276306, 0.021399999037384987, 500], [0.5, 0.011599999852478504, 550], [0.5135999917984009, 0.013199999928474426, 600], [0.613599956035614, 0.013799999840557575, 650], [0.6015999913215637, 0.0139999995008111, 700], [0.42080000042915344, 0.013599999248981476, 750], [0.335999995470047, 0.014800000004470348, 768]], "ernie-m-base_pytorch": [[0.6815999746322632, 0.23199999332427979, 100], [0.47360000014305115, 0.15219999849796295, 150], [0.4912000000476837, 0.06399999558925629, 200], [0.5600000023841858, 0.11479999870061874, 250], [0.6272000074386597, 0.1096000000834465, 300], [0.7271999716758728, 0.13920000195503235, 350], [0.7655999660491943, 0.17880000174045563, 400], [0.7719999551773071, 0.2199999988079071, 450], [0.7247999906539917, 0.2651999890804291, 500], [0.7063999772071838, 0.17799998819828033, 550], [0.7495999932289124, 0.18599998950958252, 600], [0.7360000014305115, 0.22179999947547913, 650], [0.746399998664856, 0.23559999465942383, 700], [0.736799955368042, 0.24619999527931213, 750], [0.7719999551773071, 0.25220000743865967, 768]]}}