{"de-fr": {"bert-base-multilingual-uncased": [[0.9515156584287868, 0.06242472736481813, 100], [0.971901799164984, 0.08556535066955445, 150], [0.9819421114833957, 0.11808045808132663, 200], [0.9863010506281759, 0.14236451113724238, 250], [0.9883364328012556, 0.16641393809776633, 300], [0.9891817883471253, 0.16718769253042734, 350], [0.9906366304897384, 0.19168177433219455, 400], [0.9906875779950239, 0.1988533752692447, 450], [0.9913487640299579, 0.23386138772711193, 500], [0.9924704145253516, 0.2074782783002134, 550], [0.9912626912954907, 0.22074947422186744, 600], [0.9917832826968872, 0.21404889637386912, 650], [0.9933634140406788, 0.2278314534146016, 700], [0.9939599735189083, 0.22910742734798945, 750], [0.9934346410187389, 0.22835340899432904, 768]], "mt5-base": [[0.8791801719348115, 0.11452122531802401, 100], [0.918407384253808, 0.17974810682139025, 150], [0.9347221744586625, 0.25747032891627925, 200], [0.9439365533764719, 0.2806997172454185, 250], [0.9429039745591399, 0.21155253940786817, 300], [0.9486902477646187, 0.2626496858834974, 350], [0.9501688285047044, 0.28219194919601176, 400], [0.9504075966262726, 0.31349193071406967, 450], [0.951853275590627, 0.3499415333231805, 500], [0.9554416071488255, 0.37083543469778146, 550], [0.9540932948317018, 0.37750362502711304, 600], [0.955889649478261, 0.4025791012947374, 650], [0.9581176960792682, 0.3765222754159452, 700], [0.9564798499084197, 0.4142334879091968, 750], [0.9587026379064195, 0.419486265962071, 768]], "xlm-roberta-base": [[0.9010946388138668, 0.02989165113882758, 100], [0.9362658034525166, 0.03218891582814113, 150], [0.9490779310130735, 0.02100023552030949, 200], [0.9625404693458199, 0.026375801592618885, 250], [0.9607512887774364, 0.031109540779875978, 300], [0.965128536665888, 0.03770732435246122, 350], [0.9702323561000618, 0.03438205892496849, 400], [0.9724229433497178, 0.03736003309536863, 450], [0.9721663881976634, 0.0570926753772765, 500], [0.9711770901706571, 0.03634809692151993, 550], [0.9688786759502761, 0.041453326107719776, 600], [0.9722278651926695, 0.04435120393094733, 650], [0.9724636606120928, 0.04638980230548565, 700], [0.9567054425275764, 0.05413589092334076, 750], [0.9569614172725226, 0.05672528330469386, 768]], "ernie-m-base_pytorch": [[0.9553917326983589, 0.3085245649886595, 100], [0.9699197487328342, 0.2184362707698538, 150], [0.9745093855618867, 0.10727964058895796, 200], [0.979204633393765, 0.17196689506963714, 250], [0.9797145866872123, 0.17172109879387948, 300], [0.9831007815047131, 0.2067418890907208, 350], [0.9849603800565738, 0.2549514327167937, 400], [0.9844208460747631, 0.3048465648180674, 450], [0.985923072544142, 0.3616554820533384, 500], [0.984875977715268, 0.27756616972888537, 550], [0.9847924407656377, 0.30069276352469226, 600], [0.9861698415512821, 0.34018683867678107, 650], [0.9874693114477966, 0.3585249995237015, 700], [0.9862201837310985, 0.3694538552874291, 750], [0.9867665503604139, 0.3795271243357318, 768]]}}