{"de-fr": {"bert-base-multilingual-uncased": [[0.9547456654456655, 0.06784431404479356, 100], [0.9756937254901961, 0.09262239339785826, 150], [0.9872666666666667, 0.13649835154135476, 200], [0.9920666666666668, 0.16186239615458778, 250], [0.9914, 0.19436755893275415, 300], [0.9927333333333334, 0.19123377467773037, 350], [0.9922, 0.21310495696117118, 400], [0.9905999999999998, 0.22392269674982654, 450], [0.993, 0.27218224174835254, 500], [0.9935333333333334, 0.2364797950688055, 550], [0.9934, 0.25256031429927056, 600], [0.9927333333333334, 0.2403355973462278, 650], [0.9941333333333334, 0.26043674643600395, 700], [0.9948666666666668, 0.2605970193472189, 750], [0.9953333333333334, 0.2596184437421462, 768]], "mt5-base": [[0.9059274584591427, 0.1263427156682565, 100], [0.9402482386506897, 0.1933506903466859, 150], [0.95376104260061, 0.2696853914156684, 200], [0.9572749763352678, 0.29454251530374664, 250], [0.9526479749553999, 0.2237265889020357, 300], [0.9583422072682096, 0.27682239284484633, 350], [0.9632166112705441, 0.29462275132004045, 400], [0.9595126128069745, 0.3266153481304343, 450], [0.9634777684457307, 0.36545195628530014, 500], [0.9629127976611092, 0.38825488422048127, 550], [0.9634877212603041, 0.3948852838302269, 600], [0.9662257525830097, 0.41895301083643455, 650], [0.9666533735951778, 0.3909115831144797, 700], [0.9689738352280548, 0.43060619207716666, 750], [0.9675067926028119, 0.43533853033196457, 768]], "xlm-roberta-base": [[0.9253035574981812, 0.03703196201964148, 100], [0.9546962097014371, 0.04329999709949587, 150], [0.963024914471862, 0.02543789984281972, 200], [0.9724073478152608, 0.03279907636860954, 250], [0.9706444644226468, 0.039531950677086806, 300], [0.9755073525269911, 0.04824517798225401, 350], [0.9827879591150955, 0.043718723613652276, 400], [0.98260735570489, 0.047593097765569976, 450], [0.9837917618492343, 0.07376539681964214, 500], [0.9849446184772122, 0.0453884390354344, 550], [0.9799879528436246, 0.05262699958521697, 600], [0.9835961595314482, 0.056628964680245066, 650], [0.9855746226370989, 0.061410011383837865, 700], [0.9747089052245769, 0.0742639722034859, 750], [0.9753089047063773, 0.07823076572586073, 768]], "ernie-m-base_pytorch": [[0.972241283080216, 0.33414705781057513, 100], [0.97940128359427, 0.24280950712391122, 150], [0.9835346184747247, 0.11532460047854452, 200], [0.9872012856570979, 0.18334109124649905, 250], [0.9892012851413914, 0.18333814378034724, 300], [0.9908012856587582, 0.21867164906446643, 350], [0.9924012866926644, 0.2676372633014252, 400], [0.9918679538783661, 0.3219544704930681, 450], [0.9906679607027458, 0.3730696049497568, 500], [0.9920013026362878, 0.2899037218131405, 550], [0.9924012929767853, 0.30770780495566596, 600], [0.9927346311042696, 0.3492261089470153, 650], [0.9934679693029544, 0.36938867846603896, 700], [0.9917346311256129, 0.38277154318872686, 750], [0.9926679623160124, 0.3938125458950255, 768]]}}