{"de-fr": {"bert-base-multilingual-uncased": [[0.9380619142668286, 0.06242453377633723, 100], [0.964176775826402, 0.08556785688351481, 150], [0.9758913686280464, 0.118080233221483, 200], [0.9797907655223285, 0.1423644217749357, 250], [0.9829123943155245, 0.16641549174338735, 300], [0.984922745391062, 0.16718367621516206, 350], [0.9871753670136914, 0.19159586571180712, 400], [0.9884200795506786, 0.1988535614244272, 450], [0.9890326883708273, 0.23386139324741073, 500], [0.9896352032490844, 0.20747841888070173, 550], [0.9905422450111008, 0.22074947790279856, 600], [0.9910894168692335, 0.21404885895888281, 650], [0.9904725298178174, 0.22783287102210584, 700], [0.9902340226434865, 0.2291070607354617, 750], [0.9909182643384478, 0.2283526312792248, 768]], "mt5-base": [[0.8477113891393756, 0.11452133490668932, 100], [0.8890712301614674, 0.17974826597958027, 150], [0.9118117330293107, 0.2574703516657416, 200], [0.9281007578055941, 0.28069965100454664, 250], [0.9287022804278913, 0.21155254536210719, 300], [0.934369587932351, 0.26267949357791265, 350], [0.9378455383917206, 0.2822716560454397, 400], [0.9368445858187007, 0.3134918747024765, 450], [0.9413316914449821, 0.34994164748097, 500], [0.943476328316798, 0.37083577825612196, 550], [0.939850874213443, 0.3775035656422912, 600], [0.9424354122686321, 0.4025911117602417, 650], [0.9419962071783663, 0.3765270169195799, 700], [0.9433814124638464, 0.4142332395501696, 750], [0.9445961516346608, 0.4194860502984915, 768]], "xlm-roberta-base": [[0.8727357944358658, 0.02989178185549249, 100], [0.8976227449796471, 0.03218892180325405, 150], [0.9162243060628407, 0.02100031221752797, 200], [0.9414964051716945, 0.026375800514068556, 250], [0.9494406861982541, 0.031109362219373302, 300], [0.9588430004646876, 0.03770734748422952, 350], [0.9631880255899579, 0.034382242689983036, 400], [0.9676354087230966, 0.0373601787149287, 450], [0.964945971144906, 0.05709260942234633, 500], [0.9671998166249025, 0.036348115011485084, 550], [0.9665248748406295, 0.04145347746729925, 600], [0.9688107656380684, 0.044352626689555454, 650], [0.9700530726644059, 0.046392669331715986, 700], [0.9695606699526311, 0.05413659169872701, 750], [0.9697421512143176, 0.056694744900825135, 768]], "ernie-m-base_pytorch": [[0.9371217789874193, 0.3085241831419188, 100], [0.9552735170837734, 0.2184362757353114, 150], [0.9637822201111037, 0.10728007121249884, 200], [0.9698938000995366, 0.17196708695983134, 250], [0.9749684972669114, 0.1717209484491382, 300], [0.9801747430043478, 0.20674109304322394, 350], [0.981298693592983, 0.25495303848448664, 400], [0.9829428220741224, 0.30484598879887176, 450], [0.9823225165649728, 0.3616554779042681, 500], [0.9812849832772153, 0.27756574920704835, 550], [0.979170114134358, 0.3006978338386778, 600], [0.9821575117099184, 0.3402126399323222, 650], [0.9824726729841979, 0.35852870917627616, 700], [0.982787294299604, 0.3694563302210339, 750], [0.9828069740223847, 0.3795254114430654, 768]]}}