{"de-fr": {"bert-base-multilingual-uncased": [[0.947382510822511, 0.06784431404479356, 100], [0.9719020923520922, 0.09262239339785826, 150], [0.983299393939394, 0.13649835154135476, 200], [0.9860933333333334, 0.16186239615458778, 250], [0.9886933333333331, 0.19436755893275415, 300], [0.9880666666666666, 0.19123377467773037, 350], [0.9908666666666665, 0.21310495696117118, 400], [0.9914, 0.22392269674982654, 450], [0.99236, 0.27218224174835254, 500], [0.9928000000000001, 0.2364797950688055, 550], [0.9946000000000002, 0.25256031429927056, 600], [0.9932000000000002, 0.2403355973462278, 650], [0.9928000000000001, 0.26043674643600395, 700], [0.9934000000000002, 0.2605970193472189, 750], [0.9936666666666668, 0.2596184437421462, 768]], "mt5-base": [[0.8782664053764414, 0.1263427156682565, 100], [0.9151720746079238, 0.1933506903466859, 150], [0.9306095221656294, 0.2696853914156684, 200], [0.9380629078369035, 0.29454251530374664, 250], [0.9387678079272926, 0.2237265889020357, 300], [0.9457398789079206, 0.27682239284484633, 350], [0.9512118907586957, 0.29462275132004045, 400], [0.9456065558912549, 0.3266153481304343, 450], [0.9470314982036135, 0.36545195628530014, 500], [0.9430968020250595, 0.38825488422048127, 550], [0.9471783832031336, 0.3948852838302269, 600], [0.9505202526939436, 0.41895301083643455, 650], [0.9532167721239146, 0.3909115831144797, 700], [0.9537327132536794, 0.43060619207716666, 750], [0.9540214427215329, 0.43533853033196457, 768]], "xlm-roberta-base": [[0.8837799419390183, 0.03703196201964148, 100], [0.9199200625373524, 0.04329999709949587, 150], [0.9345351424027345, 0.02543789984281972, 200], [0.9547578327295064, 0.03279907636860954, 250], [0.9651597835965866, 0.039531950677086806, 300], [0.9698054819948143, 0.04824517798225401, 350], [0.9739646469713862, 0.043718723613652276, 400], [0.9769656196878663, 0.047593097765569976, 450], [0.9734632844649986, 0.07376539681964214, 500], [0.9779362051259372, 0.0453884390354344, 550], [0.9795843078816524, 0.05262699958521697, 600], [0.9807901282723723, 0.056628964680245066, 650], [0.9824390361647234, 0.061410011383837865, 700], [0.9814105278492027, 0.0742639722034859, 750], [0.9823114448394743, 0.07823076572586073, 768]], "ernie-m-base_pytorch": [[0.955297376770837, 0.33414705781057513, 100], [0.9712454391527481, 0.24280950712391122, 150], [0.9730622059239505, 0.11532460047854452, 200], [0.9808906729625911, 0.18334109124649905, 250], [0.9857095134095567, 0.18333814378034724, 300], [0.986985188564866, 0.21867164906446643, 350], [0.9888924579899047, 0.2676372633014252, 400], [0.9922717624163926, 0.3219544704930681, 450], [0.9883365669761531, 0.3730696049497568, 500], [0.9882094756501343, 0.2899037218131405, 550], [0.9873771798365122, 0.30770780495566596, 600], [0.9883707226892169, 0.3492261089470153, 650], [0.9891707895938926, 0.36938867846603896, 700], [0.9895854117373654, 0.38277154318872686, 750], [0.9899186769672408, 0.3938125458950255, 768]]}}