{"de-fr": {"bert-base-multilingual-uncased": [[0.32165135141551904, 0.06242453377633723, 100], [0.5310480308185243, 0.08556785688351481, 150], [0.6826444525852278, 0.118080233221483, 200], [0.7554922537552644, 0.1423644217749357, 250], [0.8482473843530152, 0.16641549174338735, 300], [0.8537370499740871, 0.16718367621516206, 350], [0.8787321187038979, 0.19159586571180712, 400], [0.9069627733478635, 0.1988535614244272, 450], [0.8610895854752046, 0.23386139324741073, 500], [0.9114689775261595, 0.20747841888070173, 550], [0.927336142294047, 0.22074947790279856, 600], [0.9249760074810733, 0.21404885895888281, 650], [0.9108811927198387, 0.22783287102210584, 700], [0.9400828326303067, 0.2291070607354617, 750], [0.928590875017845, 0.2283526312792248, 768]], "mt5-base": [[0.33710255373386583, 0.11452133490668932, 100], [0.37387994015837994, 0.17974826597958027, 150], [0.4622403974236062, 0.2574703516657416, 200], [0.5260651020905847, 0.28069965100454664, 250], [0.5805475751603192, 0.21155254536210719, 300], [0.6849111742219679, 0.26267949357791265, 350], [0.7717904576805912, 0.2822716560454397, 400], [0.7930196144945872, 0.3134918747024765, 450], [0.7870908161303406, 0.34994164748097, 500], [0.8416980187248448, 0.37083577825612196, 550], [0.8252029227420281, 0.3775035656422912, 600], [0.8025311340654845, 0.4025911117602417, 650], [0.8474055808022875, 0.3765270169195799, 700], [0.8350872195421044, 0.4142332395501696, 750], [0.8564930875325525, 0.4194860502984915, 768]], "xlm-roberta-base": [[0.21966745304013355, 0.02989178185549249, 100], [0.17175422634374585, 0.03218892180325405, 150], [0.2930279825263366, 0.02100031221752797, 200], [0.4540824453099672, 0.026375800514068556, 250], [0.5091058862339024, 0.031109362219373302, 300], [0.48266066013820896, 0.03770734748422952, 350], [0.5553612658554345, 0.034382242689983036, 400], [0.5851516306360548, 0.0373601787149287, 450], [0.7214130230599228, 0.05709260942234633, 500], [0.6810279583177137, 0.036348115011485084, 550], [0.5439234591358699, 0.04145347746729925, 600], [0.6865016585104732, 0.044352626689555454, 650], [0.7161563029216155, 0.046392669331715986, 700], [0.4829841894529359, 0.05413659169872701, 750], [0.40356511187139044, 0.056694744900825135, 768]], "ernie-m-base_pytorch": [[0.7379715315459942, 0.3085241831419188, 100], [0.5625292834729756, 0.2184362757353114, 150], [0.5648616925089932, 0.10728007121249884, 200], [0.7064769546786934, 0.17196708695983134, 250], [0.7638947288718345, 0.1717209484491382, 300], [0.7599772997987503, 0.20674109304322394, 350], [0.836088496478796, 0.25495303848448664, 400], [0.8218330637653188, 0.30484598879887176, 450], [0.8672878766616379, 0.3616554779042681, 500], [0.8112019165959053, 0.27756574920704835, 550], [0.8145275958121287, 0.3006978338386778, 600], [0.8186846694077948, 0.3402126399323222, 650], [0.8171137149570974, 0.35852870917627616, 700], [0.8824323178423679, 0.3694563302210339, 750], [0.8632870561354936, 0.3795254114430654, 768]]}}