{"de-fr": {"bert-base-multilingual-uncased": [[0.31049296618117594, 0.06784431404479356, 100], [0.5715818963435785, 0.09262239339785826, 150], [0.6503048661261627, 0.13649835154135476, 200], [0.8280091078758396, 0.16186239615458778, 250], [0.8765712075908368, 0.19436755893275415, 300], [0.8826941784905572, 0.19123377467773037, 350], [0.89456011516117, 0.21310495696117118, 400], [0.8595322216392862, 0.22392269674982654, 450], [0.9158186014151865, 0.27218224174835254, 500], [0.9142424365177306, 0.2364797950688055, 550], [0.8783706046243762, 0.25256031429927056, 600], [0.915670736297135, 0.2403355973462278, 650], [0.9422615798280504, 0.26043674643600395, 700], [0.9413801592559486, 0.2605970193472189, 750], [0.9360333219406383, 0.2596184437421462, 768]], "mt5-base": [[0.3814943453209677, 0.1263427156682565, 100], [0.4403643402255746, 0.1933506903466859, 150], [0.5451039909722936, 0.2696853914156684, 200], [0.5919253094557524, 0.29454251530374664, 250], [0.609413701274084, 0.2237265889020357, 300], [0.6964828835338682, 0.27682239284484633, 350], [0.7282849893785432, 0.29462275132004045, 400], [0.7567585054852438, 0.3266153481304343, 450], [0.8007770559300333, 0.36545195628530014, 500], [0.8530630274210323, 0.38825488422048127, 550], [0.8693577459169135, 0.3948852838302269, 600], [0.8437199989182551, 0.41895301083643455, 650], [0.8663641872326707, 0.3909115831144797, 700], [0.8550513737068828, 0.43060619207716666, 750], [0.8863782711400432, 0.43533853033196457, 768]], "xlm-roberta-base": [[0.2652480517838844, 0.03703196201964148, 100], [0.22830630079441863, 0.04329999709949587, 150], [0.3239356045304902, 0.02543789984281972, 200], [0.36338092081168916, 0.03279907636860954, 250], [0.5547549269247435, 0.039531950677086806, 300], [0.5596034862410736, 0.04824517798225401, 350], [0.6604846588928833, 0.043718723613652276, 400], [0.6867213090466985, 0.047593097765569976, 450], [0.8006262498683346, 0.07376539681964214, 500], [0.7091085177901321, 0.0453884390354344, 550], [0.6125000913135594, 0.05262699958521697, 600], [0.7166357514511368, 0.056628964680245066, 650], [0.7281950237032669, 0.061410011383837865, 700], [0.5087317097948766, 0.0742639722034859, 750], [0.40262629043448644, 0.07823076572586073, 768]], "ernie-m-base_pytorch": [[0.7669344288772101, 0.33414705781057513, 100], [0.6272810125977227, 0.24280950712391122, 150], [0.5256411224056637, 0.11532460047854452, 200], [0.6672458827205316, 0.18334109124649905, 250], [0.7426471401308908, 0.18333814378034724, 300], [0.7688880222771418, 0.21867164906446643, 350], [0.8488761338092622, 0.2676372633014252, 400], [0.8352654861171311, 0.3219544704930681, 450], [0.8121536449994855, 0.3730696049497568, 500], [0.8131303846182429, 0.2899037218131405, 550], [0.780543962005213, 0.30770780495566596, 600], [0.812293403829271, 0.3492261089470153, 650], [0.8565113070718299, 0.36938867846603896, 700], [0.8486267940547823, 0.38277154318872686, 750], [0.8526707839068774, 0.3938125458950255, 768]]}}