{"nl-de": {"bert-base-multilingual-uncased": [[0.9356624955974614, 0.04915468552955632, 100], [0.9622666666666669, 0.12105974911898461, 150], [0.9749028571428571, 0.13324548563080285, 200], [0.9814965079365078, 0.151908026563009, 250], [0.9842742857142858, 0.146961704037383, 300], [0.9828076190476193, 0.14868091434829842, 350], [0.9839142857142859, 0.15699526197053873, 400], [0.9840742857142859, 0.17800444576540023, 450], [0.9854342857142857, 0.2024758502483709, 500], [0.9881676190476192, 0.21121281062818248, 550], [0.9876742857142857, 0.2357705706616999, 600], [0.9852266666666668, 0.23262298800595432, 650], [0.9875466666666669, 0.23446088406316903, 700], [0.9873466666666667, 0.2537839744889339, 750], [0.9868533333333335, 0.25233566012789893, 768]], "mt5-base": [[0.9231493758345014, 0.3248922457114437, 100], [0.9467832013043535, 0.4709775250332589, 150], [0.9566229206962611, 0.5767942369366333, 200], [0.9593111031384111, 0.5901586629764853, 250], [0.9619832086942987, 0.520401406767871, 300], [0.9630120485725789, 0.5452090265607257, 350], [0.9615426193920484, 0.5599221149185198, 400], [0.9630162171897843, 0.5213553789492206, 450], [0.9638808930197259, 0.5477934528150611, 500], [0.9626977079532728, 0.5521760182049997, 550], [0.9655508312231316, 0.5885175691363437, 600], [0.9652984473956873, 0.6294760711412654, 650], [0.9655991169240508, 0.6490129925527329, 700], [0.965643238542879, 0.6643412504358929, 750], [0.9677804738724142, 0.6664538720174537, 768]], "xlm-roberta-base": [[0.886918005083432, 0.04333236048003151, 100], [0.9333337522739376, 0.04705393534136276, 150], [0.9368872169473301, 0.10268517288528428, 200], [0.9557405331979466, 0.12962410773623206, 250], [0.9586764780989666, 0.12944327012233467, 300], [0.967407054070014, 0.12191212387444539, 350], [0.9694832530149744, 0.14264423375701393, 400], [0.9681158238323165, 0.17134262744093784, 450], [0.9677068337837087, 0.24560189324475387, 500], [0.9700007916584594, 0.25479871134777643, 550], [0.9697792595892184, 0.3004293908642139, 600], [0.9694382671884727, 0.345030827200161, 650], [0.969903237976814, 0.35875183788364934, 700], [0.9659365613853457, 0.08519239478809894, 750], [0.9673289435448919, 0.08574616462530797, 768]], "ernie-m-base_pytorch": [[0.9609921721638323, 0.4158481914715106, 100], [0.9717846698187439, 0.36090094604562656, 150], [0.9732575884828164, 0.4108926689883715, 200], [0.9788801700667503, 0.48408531238526536, 250], [0.9788455254373751, 0.49168352240633195, 300], [0.9812968290648431, 0.5602545727225159, 350], [0.9837267849009405, 0.6076338448069579, 400], [0.9859264780465458, 0.6531123974240849, 450], [0.9863812329388982, 0.673864663836968, 500], [0.9863505925369984, 0.6882252798141667, 550], [0.9852585986996298, 0.7068951279661022, 600], [0.9874113654630741, 0.7154994043678088, 650], [0.9880678289306365, 0.7367824487322692, 700], [0.9877226621595854, 0.7542429681237471, 750], [0.9874651106159801, 0.7562709140335822, 768]]}}