{"nl-de": {"bert-base-multilingual-uncased": [[0.9345427654485451, 0.04980901789257564, 100], [0.9580837030870893, 0.1131303104128835, 150], [0.9681030171950257, 0.13112710041731973, 200], [0.975162962142546, 0.14655177956498341, 250], [0.974996356327793, 0.1470705180673947, 300], [0.977558015031319, 0.14536231763520743, 350], [0.9773556489325975, 0.15094809258559022, 400], [0.978623938445479, 0.1713507953772909, 450], [0.980393740815759, 0.19701847276268966, 500], [0.9824463780508033, 0.20656505289533023, 550], [0.9827506172178014, 0.23023667637360506, 600], [0.982647652974196, 0.22809629804758771, 650], [0.9840649092846099, 0.23150320791687773, 700], [0.9829686243879443, 0.2501755545977624, 750], [0.981847313086293, 0.24832932506221841, 768]], "mt5-base": [[0.9078621952403216, 0.30272469304037586, 100], [0.9344438359724557, 0.45052350720111983, 150], [0.9480589784238874, 0.5599325057375742, 200], [0.9509425465202397, 0.5762920549429308, 250], [0.9512494528896881, 0.5135320333623283, 300], [0.9541012933857835, 0.539227502521265, 350], [0.9550841291428049, 0.5515807957435925, 400], [0.9560052559968774, 0.5119236633002292, 450], [0.9561221090701907, 0.5389624408897236, 500], [0.9576602228679162, 0.5425568109799678, 550], [0.9580902416675989, 0.5812298871156931, 600], [0.9600825265879737, 0.6219744316245036, 650], [0.9595156062535768, 0.641428559201359, 700], [0.9592557424035052, 0.6566791321323991, 750], [0.9582565121771782, 0.6586091629412905, 768]], "xlm-roberta-base": [[0.8631596658053277, 0.03692090773250019, 100], [0.9105971540919647, 0.042817547686715036, 150], [0.9189732321201007, 0.09341142731925851, 200], [0.9372516582068877, 0.11759831097744561, 250], [0.9454840846948829, 0.1112724370894046, 300], [0.9559079690681032, 0.10730720827801465, 350], [0.9601691922322688, 0.12406837084591005, 400], [0.9617345796775026, 0.14973761110871406, 450], [0.9592841018292239, 0.2063162001142607, 500], [0.9598084446909225, 0.2184819507894933, 550], [0.9568621779437513, 0.26453084520248854, 600], [0.9608524887231598, 0.3088921855302791, 650], [0.9617361773573385, 0.32393947960933017, 700], [0.9453166440049947, 0.07834783526641077, 750], [0.9472160354855598, 0.07867027424574118, 768]], "ernie-m-base_pytorch": [[0.9480394787287313, 0.4010994756800463, 100], [0.9587988963054384, 0.3441250847359175, 150], [0.9621433359762598, 0.3993490297572788, 200], [0.966250258613899, 0.47002099032204236, 250], [0.9693843954457629, 0.47277320904298714, 300], [0.9736867981098298, 0.5380478949071936, 350], [0.978081595665372, 0.5897645226514187, 400], [0.9796189290679312, 0.6353996266026805, 450], [0.9783726672948606, 0.6525884042669005, 500], [0.9805679503973688, 0.6706992639727928, 550], [0.9761759158274901, 0.6871343813358508, 600], [0.9754150799503888, 0.6972706125030051, 650], [0.9798140540114527, 0.7190551396488502, 700], [0.9792025785601584, 0.7376425519841248, 750], [0.9787816195950917, 0.7400156212769118, 768]]}}