{"nl-de": {"bert-base-multilingual-uncased": [[0.9194868253500889, 0.04915468552955632, 100], [0.9504785754954346, 0.12105974911898461, 150], [0.963544409974794, 0.13324548563080285, 200], [0.9700571717171717, 0.151908026563009, 250], [0.9733565079365081, 0.146961704037383, 300], [0.9751098412698413, 0.14868091434829842, 350], [0.9764625685425684, 0.15699526197053873, 400], [0.9801536796536797, 0.17800444576540023, 450], [0.9824942857142858, 0.2024758502483709, 500], [0.9834365079365079, 0.21121281062818248, 550], [0.9787809523809525, 0.2357705706616999, 600], [0.9793952380952382, 0.23262298800595432, 650], [0.9803552380952381, 0.23446088406316903, 700], [0.982755238095238, 0.2537839744889339, 750], [0.9830619047619048, 0.25233566012789893, 768]], "mt5-base": [[0.9032777852513877, 0.3248922457114437, 100], [0.9291737842329095, 0.4709775250332589, 150], [0.941032734786511, 0.5767942369366333, 200], [0.9508710271210273, 0.5901586629764853, 250], [0.9459616059111616, 0.520401406767871, 300], [0.9508207728758734, 0.5452090265607257, 350], [0.952653917440093, 0.5599221149185198, 400], [0.951789443294428, 0.5213553789492206, 450], [0.9493838692820254, 0.5477934528150611, 500], [0.953495197756324, 0.5521760182049997, 550], [0.9544209306648334, 0.5885175691363437, 600], [0.956079926879214, 0.6294760711412654, 650], [0.9571295818351171, 0.6490129925527329, 700], [0.9576061466095873, 0.6643412504358929, 750], [0.9594668051497969, 0.6664538720174537, 768]], "xlm-roberta-base": [[0.8657887899415151, 0.04333236048003151, 100], [0.8980139080217163, 0.04705393534136276, 150], [0.9158935584884448, 0.10268517288528428, 200], [0.9408945377583726, 0.12962410773623206, 250], [0.9526994394400726, 0.12944327012233467, 300], [0.961743390267468, 0.12191212387444539, 350], [0.9663098642803539, 0.14264423375701393, 400], [0.9696449709114416, 0.17134262744093784, 450], [0.9655562804701591, 0.24560189324475387, 500], [0.9683152625698193, 0.25479871134777643, 550], [0.9681548607497942, 0.3004293908642139, 600], [0.9710341310880761, 0.345030827200161, 650], [0.972622111534856, 0.35875183788364934, 700], [0.9724013256157077, 0.08519239478809894, 750], [0.9727799787246278, 0.08574616462530797, 768]], "ernie-m-base_pytorch": [[0.9554485307996389, 0.4158481914715106, 100], [0.9658447118473968, 0.36090094604562656, 150], [0.9644928264762659, 0.4108926689883715, 200], [0.9732099378623179, 0.48408531238526536, 250], [0.9771918458274398, 0.49168352240633195, 300], [0.9821217189924121, 0.5602545727225159, 350], [0.9839070550707216, 0.6076338448069579, 400], [0.9859127437641724, 0.6531123974240849, 450], [0.9844531580032332, 0.673864663836968, 500], [0.9844768253347124, 0.6882252798141667, 550], [0.9827566005291004, 0.7068951279661022, 600], [0.9845728275561371, 0.7154994043678088, 650], [0.9843439791472145, 0.7367824487322692, 700], [0.9859736945850589, 0.7542429681237471, 750], [0.9863911555648652, 0.7562709140335822, 768]]}}