{"nl-de": {"bert-base-multilingual-uncased": [[0.9155997932698287, 0.04980901032079403, 100], [0.9520819551262311, 0.11312988180886245, 150], [0.9621388015927822, 0.13112684578722505, 200], [0.9694886170574245, 0.1465516645205366, 250], [0.9711759137905929, 0.14707030584939992, 300], [0.9725345371583903, 0.14536100604491967, 350], [0.9723985596462659, 0.15094675422926573, 400], [0.9762953475338794, 0.17135054051313867, 450], [0.9780617666397479, 0.19701849370059435, 500], [0.9796541430027668, 0.20663348115868946, 550], [0.9778738522775218, 0.23023733092341675, 600], [0.9770085304523592, 0.22810858877710527, 650], [0.979140332993544, 0.23150321058459356, 700], [0.9787060000821468, 0.25017865493358593, 750], [0.9791274695403135, 0.2483292856247063, 768]], "mt5-base": [[0.8912919855957634, 0.3027246346176875, 100], [0.9224446094472879, 0.4505234876045453, 150], [0.9370360688694163, 0.5599337168809231, 200], [0.9431139517681799, 0.5762917413458923, 250], [0.9382251673012943, 0.5135321850851631, 300], [0.944916825853932, 0.5392270088019551, 350], [0.9478871116765353, 0.5515849018287742, 400], [0.9476664270019712, 0.5119236677414688, 450], [0.9489041291204061, 0.5389624561496048, 500], [0.9455007543139827, 0.5425567741917545, 550], [0.9464737531371463, 0.5812299164825809, 600], [0.9476306620134088, 0.6219691808270633, 650], [0.9498912046495287, 0.6414287657999402, 700], [0.9505573019976092, 0.6566828193131092, 750], [0.9496784953015741, 0.6586221379513213, 768]], "xlm-roberta-base": [[0.8483163901827689, 0.036918151979223816, 100], [0.8835871670192641, 0.04281755454811174, 150], [0.9016910123876773, 0.09341499526857926, 200], [0.9266612979713699, 0.11759795304265203, 250], [0.9345864265333313, 0.11125957254265195, 300], [0.950215542546375, 0.10730551504873234, 350], [0.9592954594651129, 0.12406742115505762, 400], [0.9649983041914046, 0.14973669157283045, 450], [0.95609852949087, 0.20631909683132035, 500], [0.9589349934799328, 0.218507207863642, 550], [0.9561181276451034, 0.2645332277742886, 600], [0.9580974932833003, 0.3088953409202276, 650], [0.9612004158472633, 0.3239639339574664, 700], [0.9625718563478495, 0.07827379611798899, 750], [0.964123658157511, 0.07866931681347562, 768]], "ernie-m-base_pytorch": [[0.9385871859612743, 0.40109843483428276, 100], [0.9549541621853879, 0.3441248146302958, 150], [0.953517355374263, 0.39934819061447113, 200], [0.9603670370951576, 0.4700208700080227, 250], [0.9624714414946827, 0.472780826156549, 300], [0.9679244652835424, 0.5380328849069161, 350], [0.9732474495730625, 0.5897987026015383, 400], [0.9750731894282918, 0.6353996261820839, 450], [0.9719914959700778, 0.6525884100592195, 500], [0.9730225376516131, 0.670699229383925, 550], [0.9718156798726062, 0.6871344401339067, 600], [0.9742159064662909, 0.6972704917024342, 650], [0.9743011690428502, 0.7191780896971031, 700], [0.9738489923949308, 0.7376149327791379, 750], [0.9746199232123476, 0.7400158263750551, 768]]}}