{"nl-de": {"bert-base-multilingual-uncased": [[0.2949905535224374, 0.04980901032079403, 100], [0.4665305993234897, 0.11312988180886245, 150], [0.5468485792747086, 0.13112684578722505, 200], [0.5456469483557883, 0.1465516645205366, 250], [0.7495359528282555, 0.14707030584939992, 300], [0.731339336884769, 0.14536100604491967, 350], [0.8538047549446673, 0.15094675422926573, 400], [0.8616045483995898, 0.17135054051313867, 450], [0.8581585870070326, 0.19701849370059435, 500], [0.8990822632802935, 0.20663348115868946, 550], [0.92031886111241, 0.23023733092341675, 600], [0.9207687622797444, 0.22810858877710527, 650], [0.9160698045873115, 0.23150321058459356, 700], [0.9320153741139277, 0.25017865493358593, 750], [0.9245266631531076, 0.2483292856247063, 768]], "mt5-base": [[0.5179430509924542, 0.3027246346176875, 100], [0.6834315374212424, 0.4505234876045453, 150], [0.8012353748307871, 0.5599337168809231, 200], [0.8159270018111239, 0.5762917413458923, 250], [0.7934357222629642, 0.5135321850851631, 300], [0.8057671608671174, 0.5392270088019551, 350], [0.862259091273046, 0.5515849018287742, 400], [0.8675296020854872, 0.5119236677414688, 450], [0.8745801661326468, 0.5389624561496048, 500], [0.8775965345996423, 0.5425567741917545, 550], [0.882156668591403, 0.5812299164825809, 600], [0.872845296288519, 0.6219691808270633, 650], [0.8863584600041318, 0.6414287657999402, 700], [0.8846515405444304, 0.6566828193131092, 750], [0.8917812647575688, 0.6586221379513213, 768]], "xlm-roberta-base": [[0.2089418147600708, 0.036918151979223816, 100], [0.3744959572179486, 0.04281755454811174, 150], [0.383375416309015, 0.09341499526857926, 200], [0.4787096043262681, 0.11759795304265203, 250], [0.6942201658532262, 0.11125957254265195, 300], [0.7250590615076543, 0.10730551504873234, 350], [0.7127768356082718, 0.12406742115505762, 400], [0.7188211831045499, 0.14973669157283045, 450], [0.652642435301103, 0.20631909683132035, 500], [0.7548295863293957, 0.218507207863642, 550], [0.5132619659973858, 0.2645332277742886, 600], [0.6470900183729766, 0.3088953409202276, 650], [0.695968908816155, 0.3239639339574664, 700], [0.5179122194076827, 0.07827379611798899, 750], [0.5507278803504901, 0.07866931681347562, 768]], "ernie-m-base_pytorch": [[0.5237432341121125, 0.40109843483428276, 100], [0.7157146517936176, 0.3441248146302958, 150], [0.680392780005269, 0.39934819061447113, 200], [0.8143269708533881, 0.4700208700080227, 250], [0.7809747532696923, 0.472780826156549, 300], [0.846877255235985, 0.5380328849069161, 350], [0.8769329348248269, 0.5897987026015383, 400], [0.8907258262319181, 0.6353996261820839, 450], [0.8876898094233414, 0.6525884100592195, 500], [0.8966437784680318, 0.670699229383925, 550], [0.8818644668539614, 0.6871344401339067, 600], [0.8915263259775812, 0.6972704917024342, 650], [0.8900248715242176, 0.7191780896971031, 700], [0.8921616976265488, 0.7376149327791379, 750], [0.8990706270483054, 0.7400158263750551, 768]]}}