{"nl-de": {"bert-base-multilingual-uncased": [[0.37008159267270113, 0.04915468552955632, 100], [0.45636536363578173, 0.12105974911898461, 150], [0.6865967876975547, 0.13324548563080285, 200], [0.7743245439569626, 0.151908026563009, 250], [0.8640609643964599, 0.146961704037383, 300], [0.7737284796868662, 0.14868091434829842, 350], [0.8429995524032591, 0.15699526197053873, 400], [0.8892744764788023, 0.17800444576540023, 450], [0.8720798024170786, 0.2024758502483709, 500], [0.9064304616171001, 0.21121281062818248, 550], [0.8901058859352438, 0.2357705706616999, 600], [0.9473904151309646, 0.23262298800595432, 650], [0.9543552798079113, 0.23446088406316903, 700], [0.954398217915334, 0.2537839744889339, 750], [0.9591121015538407, 0.25233566012789893, 768]], "mt5-base": [[0.5200982098572672, 0.3248922457114437, 100], [0.7201401253893782, 0.4709775250332589, 150], [0.822433767843074, 0.5767942369366333, 200], [0.8435328538266309, 0.5901586629764853, 250], [0.8251082945031816, 0.520401406767871, 300], [0.8334118394392446, 0.5452090265607257, 350], [0.8822009304801053, 0.5599221149185198, 400], [0.8872901160399786, 0.5213553789492206, 450], [0.9084858755131289, 0.5477934528150611, 500], [0.8994630562175507, 0.5521760182049997, 550], [0.9069496680852384, 0.5885175691363437, 600], [0.9007454381879361, 0.6294760711412654, 650], [0.9165838023558761, 0.6490129925527329, 700], [0.9229285936180694, 0.6643412504358929, 750], [0.9148816053724972, 0.6664538720174537, 768]], "xlm-roberta-base": [[0.23490930807676735, 0.04333236048003151, 100], [0.4022605710386401, 0.04705393534136276, 150], [0.4281310500212736, 0.10268517288528428, 200], [0.5869046432501283, 0.12962410773623206, 250], [0.6249509773089256, 0.12944327012233467, 300], [0.799017649327832, 0.12191212387444539, 350], [0.8129148622964308, 0.14264423375701393, 400], [0.781992516931759, 0.17134262744093784, 450], [0.7806130999753784, 0.24560189324475387, 500], [0.7721792396127418, 0.25479871134777643, 550], [0.5001314680438314, 0.3004293908642139, 600], [0.6212297287703983, 0.345030827200161, 650], [0.6741622395253215, 0.35875183788364934, 700], [0.5065359608606786, 0.08519239478809894, 750], [0.4428142910432751, 0.08574616462530797, 768]], "ernie-m-base_pytorch": [[0.5350664483901042, 0.4158481914715106, 100], [0.7253582299301381, 0.36090094604562656, 150], [0.7027919380228684, 0.4108926689883715, 200], [0.8392552291706228, 0.48408531238526536, 250], [0.8327366328280614, 0.49168352240633195, 300], [0.8824534350304238, 0.5602545727225159, 350], [0.8989149629147524, 0.6076338448069579, 400], [0.9103307517289789, 0.6531123974240849, 450], [0.9098700344289172, 0.673864663836968, 500], [0.904148842376695, 0.6882252798141667, 550], [0.8934826837814049, 0.7068951279661022, 600], [0.8950947166435667, 0.7154994043678088, 650], [0.9186687520338055, 0.7367824487322692, 700], [0.9159396560909018, 0.7542429681237471, 750], [0.9131014275705386, 0.7562709140335822, 768]]}}