{"fr-nl": {"bert-base-multilingual-uncased": [[0.9544240670440673, 0.09328781997458187, 100], [0.9711076951264502, 0.13186094080219687, 150], [0.9761751053171586, 0.1340277714880858, 200], [0.9838414519056263, 0.14040190458850926, 250], [0.9856944860710856, 0.16106201826409522, 300], [0.9878676806083649, 0.15968879992192553, 350], [0.9877609888751545, 0.16572693414345033, 400], [0.986761075268817, 0.13950827205029273, 450], [0.988589584086799, 0.13976185211784742, 500], [0.9896677716390423, 0.16173590886895262, 550], [0.9887820334620333, 0.16596845765462087, 600], [0.9891675078864353, 0.1819274018961745, 650], [0.9882275419401896, 0.180518937534907, 700], [0.988138599977161, 0.18557044197237257, 750], [0.9878655683563746, 0.18324877188496844, 768]], "mt5-base": [[0.9309937181872189, 0.39764622567278973, 100], [0.954991396377166, 0.5307472993551786, 150], [0.9636139529879494, 0.6013920210971226, 200], [0.9679644150623004, 0.6418006703711603, 250], [0.9672685553035106, 0.6332564137128104, 300], [0.9705498559505009, 0.6573858303406849, 350], [0.9703428810075444, 0.6677311609396483, 400], [0.9717438669253375, 0.6593860187091365, 450], [0.9722532831612829, 0.6747171079684232, 500], [0.9738917747115443, 0.6919330831765035, 550], [0.9716311216022013, 0.6905592891688557, 600], [0.9735543863743911, 0.6950594214364273, 650], [0.9741207848125543, 0.715249049275363, 700], [0.9747322999640694, 0.7219329013506349, 750], [0.9745084967141793, 0.7271486163846402, 768]], "xlm-roberta-base": [[0.9160692882050425, 0.030417778549342824, 100], [0.9499430020201398, 0.029191512951078004, 150], [0.9536356722835988, 0.03726635162244408, 200], [0.9607792209477686, 0.03626068433405566, 250], [0.959203895732867, 0.05579880762328066, 300], [0.9696215743558627, 0.07022205862676449, 350], [0.9737287860108308, 0.08039267465403149, 400], [0.9741196929583396, 0.07854849079132327, 450], [0.96993541342627, 0.09508300279486118, 500], [0.9724236301653804, 0.0859192849870777, 550], [0.9737946879844465, 0.06389966816719364, 600], [0.9738003698500086, 0.061489172748739614, 650], [0.9729451400633621, 0.05843821343727279, 700], [0.9718365417202347, 0.06383605059163423, 750], [0.9725486689398933, 0.0641794124322741, 768]], "ernie-m-base_pytorch": [[0.9639077339422726, 0.40250276755660236, 100], [0.9705904704204853, 0.39024756574061564, 150], [0.9737342154871307, 0.4368152587728905, 200], [0.9769826518865903, 0.5129997603496953, 250], [0.9797134365477032, 0.516409001161114, 300], [0.9811452450074514, 0.589097938388291, 350], [0.9831993851976828, 0.6464530576726157, 400], [0.9849674053857934, 0.6737034703982514, 450], [0.9872395828920373, 0.6609708231050782, 500], [0.985295125084668, 0.6180141567977215, 550], [0.9861333854124952, 0.5643464865324191, 600], [0.9864677903723051, 0.5482339104941463, 650], [0.9866869232955167, 0.5538220998750403, 700], [0.9874894713148906, 0.5660138443504129, 750], [0.9878730125822874, 0.5709864570517894, 768]]}}