{"fr-nl": {"bert-base-multilingual-uncased": [[0.9297500018241099, 0.07263774609691835, 100], [0.9525969766075052, 0.12029083452013573, 150], [0.9612598208886864, 0.11799194257391767, 200], [0.9701494148575279, 0.1311631105322459, 250], [0.9753084510664268, 0.15105193055060492, 300], [0.9776312643793577, 0.1510768548923856, 350], [0.981229326311895, 0.15386145754696554, 400], [0.9808850556068083, 0.12772985059544187, 450], [0.9837771486147288, 0.1297328878238123, 500], [0.9839123403692072, 0.15489609667497978, 550], [0.9839144620984169, 0.15847235812169477, 600], [0.9855184667281993, 0.17425233615546445, 650], [0.9857615129091638, 0.1737837532790749, 700], [0.9848584318252958, 0.17908383756448332, 750], [0.9851210577588995, 0.17811145389770347, 768]], "mt5-base": [[0.9092080289605436, 0.37595060536751307, 100], [0.9345692996210277, 0.5016928706702211, 150], [0.9431845839383004, 0.5799170839813413, 200], [0.9489544904571748, 0.6211595459661791, 250], [0.9511517554653243, 0.6169719378217393, 300], [0.9551387300350384, 0.6409297685571067, 350], [0.9555190476808876, 0.6523470955073343, 400], [0.9553410935377756, 0.6427458577033235, 450], [0.9558235961531714, 0.6583120748492755, 500], [0.95779594770789, 0.676149236140064, 550], [0.9592838196601674, 0.6777715181353917, 600], [0.9593118927483444, 0.6821501605776282, 650], [0.9582294559309521, 0.7028618120968729, 700], [0.958901511073715, 0.7125572115694565, 750], [0.9594455203477711, 0.7182255306365, 768]], "xlm-roberta-base": [[0.8892744668438496, 0.023984946110864852, 100], [0.9276311022285467, 0.02544700980487679, 150], [0.9273540952425658, 0.03197778370563534, 200], [0.944933701921983, 0.029814455619210974, 250], [0.9466799502810238, 0.050295862962612584, 300], [0.9506374223367723, 0.06055137994374656, 350], [0.9579290301221551, 0.07097242719488846, 400], [0.960060264041531, 0.06892850288313554, 450], [0.9550543168673443, 0.08959263122652796, 500], [0.9539939530803566, 0.08083844051112178, 550], [0.9592723373197851, 0.0599010039064403, 600], [0.9608653539215394, 0.05698778981193247, 650], [0.9627949659990298, 0.0546279813052916, 700], [0.951312741165767, 0.0603956293581045, 750], [0.9520280168782534, 0.0605595302960846, 768]], "ernie-m-base_pytorch": [[0.9516596709832797, 0.3783238075254995, 100], [0.9611338840859247, 0.3637902928919055, 150], [0.9609067510890178, 0.41243790319555257, 200], [0.9680986205794097, 0.48958362134046696, 250], [0.9709857057455757, 0.4947864128267776, 300], [0.9730097457973225, 0.5660862510202623, 350], [0.9745318550330607, 0.625106590747503, 400], [0.975538759152853, 0.654264751622711, 450], [0.9766048959898912, 0.6403259321154261, 500], [0.9768619813529184, 0.5970588430138671, 550], [0.9773668988517007, 0.5451676844486234, 600], [0.977898573208445, 0.5304302198684829, 650], [0.9797567745793025, 0.5380727143239363, 700], [0.979541294752035, 0.549247434811801, 750], [0.979329488043804, 0.5534001713900327, 768]]}}