{"fr-nl": {"bert-base-multilingual-uncased": [[0.9387552928117637, 0.09328781997458187, 100], [0.9652608888888892, 0.13186094080219687, 150], [0.9745974603174602, 0.1340277714880858, 200], [0.9787641558441559, 0.14040190458850926, 250], [0.9836298412698412, 0.16106201826409522, 300], [0.9838170940170942, 0.15968879992192553, 350], [0.9847726984126984, 0.16572693414345033, 400], [0.9879803921568627, 0.13950827205029273, 450], [0.9894687719298246, 0.13976185211784742, 500], [0.9901087719298246, 0.16173590886895262, 550], [0.9909066666666666, 0.16596845765462087, 600], [0.9889433333333333, 0.1819274018961745, 650], [0.9900838095238096, 0.180518937534907, 700], [0.9899377777777778, 0.18557044197237257, 750], [0.989871111111111, 0.18324877188496844, 768]], "mt5-base": [[0.9026050840082522, 0.39764622567278973, 100], [0.9353359485112438, 0.5307472993551786, 150], [0.9512857193812638, 0.6013920210971226, 200], [0.9597952566865815, 0.6418006703711603, 250], [0.9567044400321405, 0.6332564137128104, 300], [0.9600693716933539, 0.6573858303406849, 350], [0.9610406906387589, 0.6677311609396483, 400], [0.9612509452351087, 0.6593860187091365, 450], [0.9625482673410275, 0.6747171079684232, 500], [0.9630951746031744, 0.6919330831765035, 550], [0.9592522717528528, 0.6905592891688557, 600], [0.9605567922104563, 0.6950594214364273, 650], [0.9610992751839375, 0.715249049275363, 700], [0.9643575591061695, 0.7219329013506349, 750], [0.9644911663216011, 0.7271486163846402, 768]], "xlm-roberta-base": [[0.898983720631516, 0.030417778549342824, 100], [0.9276273945177014, 0.029191512951078004, 150], [0.9356978854296917, 0.03726635162244408, 200], [0.9530339420644057, 0.03626068433405566, 250], [0.9645672619712262, 0.05579880762328066, 300], [0.9714627215363096, 0.07022205862676449, 350], [0.9778011619618477, 0.08039267465403149, 400], [0.9809902747909198, 0.07854849079132327, 450], [0.9785353201442356, 0.09508300279486118, 500], [0.9800202172540105, 0.0859192849870777, 550], [0.9798145990006069, 0.06389966816719364, 600], [0.9812990359477126, 0.061489172748739614, 650], [0.9818792598051257, 0.05843821343727279, 700], [0.9830688994877229, 0.06383605059163423, 750], [0.9832042749453587, 0.0641794124322741, 768]], "ernie-m-base_pytorch": [[0.9572790305250303, 0.40250276755660236, 100], [0.9657618749549636, 0.39024756574061564, 150], [0.9722669706665953, 0.4368152587728905, 200], [0.9795117626437879, 0.5129997603496953, 250], [0.9814063051620254, 0.516409001161114, 300], [0.9848115824915823, 0.589097938388291, 350], [0.9869379386823223, 0.6464530576726157, 400], [0.9889280216603186, 0.6737034703982514, 450], [0.9882126129968603, 0.6609708231050782, 500], [0.9879421726190478, 0.6180141567977215, 550], [0.9857022500347655, 0.5643464865324191, 600], [0.9872096842105262, 0.5482339104941463, 650], [0.9871483443106972, 0.5538220998750403, 700], [0.9870776190476188, 0.5660138443504129, 750], [0.9876779017797404, 0.5709864570517894, 768]]}}