{"fr-nl": {"bert-base-multilingual-uncased": [[0.9104435751956357, 0.0726377849651791, 100], [0.9446542527523235, 0.1202908928568685, 150], [0.9581232957979952, 0.11799306316420355, 200], [0.9669323499169925, 0.13116264523111956, 250], [0.9711217013483605, 0.1510519612007951, 300], [0.975962124347566, 0.15107808238502682, 350], [0.9790321658892543, 0.15386041244696835, 400], [0.9820784568808952, 0.12772924333110414, 450], [0.9802145041502838, 0.1297341685322288, 500], [0.9821158861886949, 0.15489610443287227, 550], [0.9847389574042081, 0.1584716156774021, 600], [0.9844756056123249, 0.1742539897175288, 650], [0.9838062005951912, 0.17378500219553358, 700], [0.9844586198714637, 0.17908373032114117, 750], [0.9845707356020545, 0.17811066429027445, 768]], "mt5-base": [[0.8765877366470174, 0.37595059112665774, 100], [0.9119641337194179, 0.5016928704028907, 150], [0.9290612243669074, 0.5799182420479411, 200], [0.9373728931293989, 0.6211345595023069, 250], [0.9323302168577126, 0.6169712763883983, 300], [0.9388102692276529, 0.6409210047100524, 350], [0.9404150706036386, 0.6523487539834005, 400], [0.9399700845766784, 0.6427458582098708, 450], [0.9422735919905033, 0.6583137717360037, 500], [0.9441972797145641, 0.676149366988003, 550], [0.9402726320240322, 0.6777716661221407, 600], [0.9426837713020932, 0.6821472982550374, 650], [0.9445816230578884, 0.7028590837917247, 700], [0.943936081984538, 0.7125587345545275, 750], [0.9446078321074568, 0.7182247069023014, 768]], "xlm-roberta-base": [[0.8848905264070885, 0.023984958099687155, 100], [0.9024582016337795, 0.025447032421236297, 150], [0.9163249849568754, 0.0319782808877792, 200], [0.9398743943602051, 0.029814228538679734, 250], [0.9532286239533919, 0.05029570494000144, 300], [0.9582388946311401, 0.06055862533649187, 350], [0.9638610130331968, 0.07097303062196095, 400], [0.9675713442354004, 0.06892870917438935, 450], [0.9662098134513634, 0.08959277451833025, 500], [0.9677991949059477, 0.08083852283934682, 550], [0.9678728101060861, 0.059900664708654495, 600], [0.9697207925958208, 0.05700178373256094, 650], [0.9712403775514797, 0.054638837615105344, 700], [0.97031063673254, 0.06041345855417655, 750], [0.9706919107964728, 0.060560335248856026, 768]], "ernie-m-base_pytorch": [[0.9429968726424718, 0.3783237955765919, 100], [0.9499739643018059, 0.3637903140790685, 150], [0.9561559060970892, 0.41243890579913295, 200], [0.9655003680649112, 0.4895827166236667, 250], [0.9704938006301026, 0.4947788590279458, 300], [0.9742686111695563, 0.5660862532018983, 350], [0.9767888951720999, 0.625188645848761, 400], [0.978357045839533, 0.6542646695356468, 450], [0.9768108939091698, 0.6403251998068203, 500], [0.9754405026238769, 0.5970588682253941, 550], [0.9748246950311737, 0.5451932252771341, 600], [0.9763649814950447, 0.530429694391191, 650], [0.9776954626507156, 0.5380785112270491, 700], [0.9781599747728926, 0.5492422387398465, 750], [0.9787776241615008, 0.5534105664386905, 768]]}}