{"fr-nl": {"bert-base-multilingual-uncased": [[0.289620836100828, 0.0726377849651791, 100], [0.4261510651215706, 0.1202908928568685, 150], [0.597253328918608, 0.11799306316420355, 200], [0.5959246778850615, 0.13116264523111956, 250], [0.6858071137511166, 0.1510519612007951, 300], [0.8052844632504677, 0.15107808238502682, 350], [0.7772218616755842, 0.15386041244696835, 400], [0.8107653420585431, 0.12772924333110414, 450], [0.8252932235605279, 0.1297341685322288, 500], [0.8562865850862308, 0.15489610443287227, 550], [0.879787883690605, 0.1584716156774021, 600], [0.8286755871661432, 0.1742539897175288, 650], [0.8598735678490379, 0.17378500219553358, 700], [0.8890675025416663, 0.17908373032114117, 750], [0.8725939885771423, 0.17811066429027445, 768]], "mt5-base": [[0.6323055579088456, 0.37595059112665774, 100], [0.6283667086289815, 0.5016928704028907, 150], [0.7653576562381134, 0.5799182420479411, 200], [0.7495886938337003, 0.6211345595023069, 250], [0.704425818032139, 0.6169712763883983, 300], [0.777239397117291, 0.6409210047100524, 350], [0.8250234251776108, 0.6523487539834005, 400], [0.8310000719069024, 0.6427458582098708, 450], [0.8252431575657606, 0.6583137717360037, 500], [0.8270097718846726, 0.676149366988003, 550], [0.8729382340779074, 0.6777716661221407, 600], [0.8520960316714296, 0.6821472982550374, 650], [0.8751772730566659, 0.7028590837917247, 700], [0.8723901181907057, 0.7125587345545275, 750], [0.8709643591449117, 0.7182247069023014, 768]], "xlm-roberta-base": [[0.18211687994626607, 0.023984958099687155, 100], [0.20937580890700697, 0.025447032421236297, 150], [0.1733921102102125, 0.0319782808877792, 200], [0.24411603443626062, 0.029814228538679734, 250], [0.2287805330299196, 0.05029570494000144, 300], [0.2969449578475869, 0.06055862533649187, 350], [0.26085247058452343, 0.07097303062196095, 400], [0.17171145454348033, 0.06892870917438935, 450], [0.38684562631424546, 0.08959277451833025, 500], [0.3442895461136978, 0.08083852283934682, 550], [0.37981420494574936, 0.059900664708654495, 600], [0.5493435628678648, 0.05700178373256094, 650], [0.46791691352376014, 0.054638837615105344, 700], [0.3590609313738146, 0.06041345855417655, 750], [0.5329186347248535, 0.060560335248856026, 768]], "ernie-m-base_pytorch": [[0.7227638023057683, 0.3783237955765919, 100], [0.7967428263838034, 0.3637903140790685, 150], [0.7040187232170502, 0.41243890579913295, 200], [0.7872446998275221, 0.4895827166236667, 250], [0.8487314123208511, 0.4947788590279458, 300], [0.8835015925536651, 0.5660862532018983, 350], [0.8834292139518733, 0.625188645848761, 400], [0.9115662226052552, 0.6542646695356468, 450], [0.8993809847350481, 0.6403251998068203, 500], [0.8975021710188538, 0.5970588682253941, 550], [0.8964125253372616, 0.5451932252771341, 600], [0.9012485184832602, 0.530429694391191, 650], [0.9124154813312013, 0.5380785112270491, 700], [0.9246996966044126, 0.5492422387398465, 750], [0.9136018525079194, 0.5534105664386905, 768]]}}