{"fr-nl": {"bert-base-multilingual-uncased": [[0.31234178415094144, 0.09328781997458187, 100], [0.4470719676846513, 0.13186094080219687, 150], [0.6000824768369047, 0.1340277714880858, 200], [0.6752834689704746, 0.14040190458850926, 250], [0.6981427910554279, 0.16106201826409522, 300], [0.7996811488673198, 0.15968879992192553, 350], [0.8141730579762821, 0.16572693414345033, 400], [0.8476973515998701, 0.13950827205029273, 450], [0.8798718999129529, 0.13976185211784742, 500], [0.9097577546249722, 0.16173590886895262, 550], [0.8906554143499794, 0.16596845765462087, 600], [0.8687361067617981, 0.1819274018961745, 650], [0.8795871958880002, 0.180518937534907, 700], [0.8747763186308847, 0.18557044197237257, 750], [0.8803730472428901, 0.18324877188496844, 768]], "mt5-base": [[0.6619379584885015, 0.39764622567278973, 100], [0.6800383155206211, 0.5307472993551786, 150], [0.8153961986728261, 0.6013920210971226, 200], [0.7885768103105445, 0.6418006703711603, 250], [0.8074024653206374, 0.6332564137128104, 300], [0.8445873502893965, 0.6573858303406849, 350], [0.8752868983312415, 0.6677311609396483, 400], [0.8918936295022888, 0.6593860187091365, 450], [0.8996541807843993, 0.6747171079684232, 500], [0.9028715229548682, 0.6919330831765035, 550], [0.8888529740900761, 0.6905592891688557, 600], [0.900938048966376, 0.6950594214364273, 650], [0.9239403570196971, 0.715249049275363, 700], [0.928701484262128, 0.7219329013506349, 750], [0.9227167727135227, 0.7271486163846402, 768]], "xlm-roberta-base": [[0.2144423383419745, 0.030417778549342824, 100], [0.27531401668311295, 0.029191512951078004, 150], [0.23819257417394785, 0.03726635162244408, 200], [0.23175103226787477, 0.03626068433405566, 250], [0.3295027397284038, 0.05579880762328066, 300], [0.2971783457155278, 0.07022205862676449, 350], [0.2521177321698996, 0.08039267465403149, 400], [0.3533466709527057, 0.07854849079132327, 450], [0.5414526277159535, 0.09508300279486118, 500], [0.5522778567229342, 0.0859192849870777, 550], [0.31028819197486, 0.06389966816719364, 600], [0.42893367684829126, 0.061489172748739614, 650], [0.39785483072915084, 0.05843821343727279, 700], [0.4200726252073784, 0.06383605059163423, 750], [0.43383867209912924, 0.0641794124322741, 768]], "ernie-m-base_pytorch": [[0.7803507375400983, 0.40250276755660236, 100], [0.8046379655560275, 0.39024756574061564, 150], [0.7174580114812932, 0.4368152587728905, 200], [0.8083621229732816, 0.5129997603496953, 250], [0.8809637451786876, 0.516409001161114, 300], [0.8935163983697967, 0.589097938388291, 350], [0.9099728369608061, 0.6464530576726157, 400], [0.9219155771015034, 0.6737034703982514, 450], [0.9169407153468481, 0.6609708231050782, 500], [0.9022212317412135, 0.6180141567977215, 550], [0.9248544324763481, 0.5643464865324191, 600], [0.9203414402926533, 0.5482339104941463, 650], [0.9202208089845708, 0.5538220998750403, 700], [0.9193276973455715, 0.5660138443504129, 750], [0.9179734322696639, 0.5709864570517894, 768]]}}