{"de-nl": {"bert-base-multilingual-uncased": [[0.8923547267913818, 0.013918629847466946, 100], [0.9425076246261597, 0.029825635254383087, 150], [0.9535167813301086, 0.05735699087381363, 200], [0.9663608074188232, 0.09085347503423691, 250], [0.965749204158783, 0.11394922435283661, 300], [0.9681956768035889, 0.12572652101516724, 350], [0.9724770188331604, 0.14912818372249603, 400], [0.9712538123130798, 0.13780973851680756, 450], [0.9688073396682739, 0.14637504518032074, 500], [0.9706421494483948, 0.16916489601135254, 550], [0.9767583608627319, 0.17558887600898743, 600], [0.9810397028923035, 0.16243499517440796, 650], [0.9810397028923035, 0.1671765148639679, 700], [0.9779816269874573, 0.15555216372013092, 750], [0.9792048931121826, 0.15432853996753693, 768]], "mt5-base": [[0.8525993824005127, 0.1927194893360138, 100], [0.8899082541465759, 0.2930559813976288, 150], [0.9088684916496277, 0.42780667543411255, 200], [0.9192660450935364, 0.4831753075122833, 250], [0.9198776483535767, 0.37243807315826416, 300], [0.9247705936431885, 0.4112878739833832, 350], [0.9290519952774048, 0.4577852785587311, 400], [0.9278287291526794, 0.4741511344909668, 450], [0.9308868050575256, 0.4984705150127411, 500], [0.9357798099517822, 0.5177424550056458, 550], [0.9394495487213135, 0.5201897025108337, 600], [0.932110071182251, 0.5304374694824219, 650], [0.9339449405670166, 0.5391557216644287, 700], [0.9394495487213135, 0.5538391470909119, 750], [0.9357798099517822, 0.5636280179023743, 768]], "xlm-roberta-base": [[0.8220183253288269, 0.011318446137011051, 100], [0.8801223039627075, 0.020648516714572906, 150], [0.8923547267913818, 0.01881309412419796, 200], [0.9125382304191589, 0.026919547468423843, 250], [0.909480094909668, 0.0237075574696064, 300], [0.921100914478302, 0.02416641265153885, 350], [0.9314984679222107, 0.024931171908974648, 400], [0.9363914132118225, 0.02799021266400814, 450], [0.9290519952774048, 0.0455796904861927, 500], [0.9314984679222107, 0.03624961897730827, 550], [0.9308868050575256, 0.03166105970740318, 600], [0.9339449405670166, 0.03364943712949753, 650], [0.9314984679222107, 0.03288467600941658, 700], [0.9107033610343933, 0.01881309412419796, 750], [0.9119265675544739, 0.01927194930613041, 768]], "ernie-m-base_pytorch": [[0.9333333373069763, 0.24151118099689484, 100], [0.9535167813301086, 0.3081982433795929, 150], [0.9577981233596802, 0.2613949477672577, 200], [0.965749204158783, 0.3204343914985657, 250], [0.9669724702835083, 0.3173753619194031, 300], [0.965749204158783, 0.3436830937862396, 350], [0.9651376008987427, 0.3901804983615875, 400], [0.9694189429283142, 0.4279596507549286, 450], [0.9675840735435486, 0.4597736597061157, 500], [0.9688073396682739, 0.46910372376441956, 550], [0.9706421494483948, 0.4458550214767456, 600], [0.9700305461883545, 0.46451514959335327, 650], [0.9706421494483948, 0.4914347231388092, 700], [0.9700305461883545, 0.5079535245895386, 750], [0.9718654155731201, 0.5111654996871948, 768]]}}