{"de-nl": {"bert-base-multilingual-uncased": [[0.8715596199035645, 0.013918629847466946, 100], [0.9168195724487305, 0.029825635254383087, 150], [0.9412844181060791, 0.05735699087381363, 200], [0.9504587054252625, 0.09085347503423691, 250], [0.957798182964325, 0.11394921690225601, 300], [0.9614678621292114, 0.12572652101516724, 350], [0.9669724702835083, 0.14912816882133484, 400], [0.9669724702835083, 0.13780972361564636, 450], [0.9700306057929993, 0.14637504518032074, 500], [0.9724770784378052, 0.16916488111019135, 550], [0.9743119478225708, 0.17558886110782623, 600], [0.9749235510826111, 0.16243499517440796, 650], [0.9761468172073364, 0.16702355444431305, 700], [0.977370023727417, 0.15555216372013092, 750], [0.9761468172073364, 0.15432853996753693, 768]], "mt5-base": [[0.8232415914535522, 0.1927194893360138, 100], [0.864831805229187, 0.2930559813976288, 150], [0.8886849880218506, 0.42780667543411255, 200], [0.898470938205719, 0.48317527770996094, 250], [0.898470938205719, 0.3724380433559418, 300], [0.909480094909668, 0.4112878441810608, 350], [0.9131498336791992, 0.4577852487564087, 400], [0.9143730998039246, 0.47430408000946045, 450], [0.921100914478302, 0.4984704852104187, 500], [0.9119266271591187, 0.5177424550056458, 550], [0.9180428385734558, 0.520189642906189, 600], [0.921100914478302, 0.5304374694824219, 650], [0.9229357838630676, 0.5391557216644287, 700], [0.9229357838630676, 0.5538390874862671, 750], [0.9259938597679138, 0.5636280179023743, 768]], "xlm-roberta-base": [[0.785932719707489, 0.011318446137011051, 100], [0.8262996673583984, 0.020648516714572906, 150], [0.8440366983413696, 0.01881309226155281, 200], [0.8862385153770447, 0.026919547468423843, 250], [0.9009174108505249, 0.02370755560696125, 300], [0.921100914478302, 0.02416641265153885, 350], [0.932721734046936, 0.024931171908974648, 400], [0.9425076246261597, 0.02799021080136299, 450], [0.9296635985374451, 0.045579686760902405, 500], [0.9370030760765076, 0.03624961897730827, 550], [0.9357798099517822, 0.03166105970740318, 600], [0.9363914132118225, 0.03364943340420723, 650], [0.9351682066917419, 0.03288467600941658, 700], [0.9376146793365479, 0.01881309226155281, 750], [0.9382262825965881, 0.01942490041255951, 768]], "ernie-m-base_pytorch": [[0.9113149642944336, 0.24151116609573364, 100], [0.9235473871231079, 0.3081982135772705, 150], [0.9357798099517822, 0.2613949179649353, 200], [0.9492354989051819, 0.3205873370170593, 250], [0.954740047454834, 0.3173753321170807, 300], [0.9602446556091309, 0.3436830937862396, 350], [0.966360867023468, 0.3900275230407715, 400], [0.9669724702835083, 0.4279596209526062, 450], [0.9614678621292114, 0.45977362990379333, 500], [0.9639143943786621, 0.4689507484436035, 550], [0.9602446556091309, 0.4458549916744232, 600], [0.9639143943786621, 0.4646680951118469, 650], [0.9651376008987427, 0.4914346933364868, 700], [0.9700306057929993, 0.5079535245895386, 750], [0.9706422090530396, 0.5111654996871948, 768]]}}