{"de-nl": {"bert-base-multilingual-uncased": [[0.897599995136261, 0.016200000420212746, 100], [0.9423999786376953, 0.03280000016093254, 150], [0.9519999623298645, 0.06159999966621399, 200], [0.9591999650001526, 0.09619999676942825, 250], [0.974399983882904, 0.12119999527931213, 300], [0.9735999703407288, 0.12839999794960022, 350], [0.9735999703407288, 0.15279999375343323, 400], [0.974399983882904, 0.1419999897480011, 450], [0.9815999865531921, 0.15519998967647552, 500], [0.9807999730110168, 0.17799998819828033, 550], [0.9767999649047852, 0.18379999697208405, 600], [0.9775999784469604, 0.17080000042915344, 650], [0.9807999730110168, 0.17180000245571136, 700], [0.9799999594688416, 0.15940000116825104, 750], [0.9791999459266663, 0.1565999984741211, 768]], "mt5-base": [[0.8471999764442444, 0.19999998807907104, 100], [0.8791999816894531, 0.31139999628067017, 150], [0.9031999707221985, 0.4509999752044678, 200], [0.91839998960495, 0.5080000162124634, 250], [0.9063999652862549, 0.38359999656677246, 300], [0.9120000004768372, 0.42159998416900635, 350], [0.9167999625205994, 0.4697999954223633, 400], [0.9143999814987183, 0.491599977016449, 450], [0.9175999760627747, 0.5212000012397766, 500], [0.9192000031471252, 0.5443999767303467, 550], [0.9247999787330627, 0.5428000092506409, 600], [0.925599992275238, 0.5527999997138977, 650], [0.9231999516487122, 0.5595999956130981, 700], [0.9303999543190002, 0.5741999745368958, 750], [0.9319999814033508, 0.5849999785423279, 768]], "xlm-roberta-base": [[0.8175999522209167, 0.015399999916553497, 100], [0.8615999817848206, 0.024000000208616257, 150], [0.8671999573707581, 0.017799999564886093, 200], [0.9103999733924866, 0.031199999153614044, 250], [0.9223999977111816, 0.026200000196695328, 300], [0.9343999624252319, 0.03059999831020832, 350], [0.9431999921798706, 0.028599999845027924, 400], [0.9519999623298645, 0.03219999745488167, 450], [0.9440000057220459, 0.05999999865889549, 500], [0.9487999677658081, 0.04619999974966049, 550], [0.9440000057220459, 0.036399997770786285, 600], [0.9487999677658081, 0.035999998450279236, 650], [0.9544000029563904, 0.036399997770786285, 700], [0.9575999975204468, 0.018400000408291817, 750], [0.9559999704360962, 0.01939999870955944, 768]], "ernie-m-base_pytorch": [[0.9383999705314636, 0.2635999917984009, 100], [0.9511999487876892, 0.3346000015735626, 150], [0.9527999758720398, 0.2751999795436859, 200], [0.9639999866485596, 0.33719998598098755, 250], [0.9703999757766724, 0.33739998936653137, 300], [0.9783999919891357, 0.3571999967098236, 350], [0.9791999459266663, 0.39980000257492065, 400], [0.9863999485969543, 0.4375999867916107, 450], [0.9791999459266663, 0.4745999872684479, 500], [0.9815999865531921, 0.48539999127388, 550], [0.9824000000953674, 0.45559999346733093, 600], [0.9815999865531921, 0.47419998049736023, 650], [0.9815999865531921, 0.5040000081062317, 700], [0.983199954032898, 0.5153999924659729, 750], [0.9847999811172485, 0.520799994468689, 768]]}}