{"de-nl": {"bert-base-multilingual-uncased": [[0.25599998235702515, 0.016200000420212746, 100], [0.4544000029563904, 0.03280000016093254, 150], [0.48639997839927673, 0.06159999966621399, 200], [0.6527999639511108, 0.09619999676942825, 250], [0.6783999800682068, 0.12119999527931213, 300], [0.7495999932289124, 0.12839999794960022, 350], [0.7199999690055847, 0.15279999375343323, 400], [0.7511999607086182, 0.1419999897480011, 450], [0.7847999930381775, 0.15519998967647552, 500], [0.7055999636650085, 0.17799998819828033, 550], [0.7591999769210815, 0.18379999697208405, 600], [0.8087999820709229, 0.17080000042915344, 650], [0.7960000038146973, 0.17180000245571136, 700], [0.8607999682426453, 0.15940000116825104, 750], [0.8455999493598938, 0.1565999984741211, 768]], "mt5-base": [[0.47279998660087585, 0.19999998807907104, 100], [0.569599986076355, 0.31139999628067017, 150], [0.7247999906539917, 0.4509999752044678, 200], [0.7479999661445618, 0.5080000162124634, 250], [0.715999960899353, 0.38359999656677246, 300], [0.7784000039100647, 0.42159998416900635, 350], [0.7935999631881714, 0.4697999954223633, 400], [0.7719999551773071, 0.491599977016449, 450], [0.790399968624115, 0.5212000012397766, 500], [0.8071999549865723, 0.5443999767303467, 550], [0.8335999846458435, 0.5428000092506409, 600], [0.8607999682426453, 0.5527999997138977, 650], [0.8583999872207642, 0.5595999956130981, 700], [0.8743999600410461, 0.5741999745368958, 750], [0.8560000061988831, 0.5849999785423279, 768]], "xlm-roberta-base": [[0.21439999341964722, 0.015399999916553497, 100], [0.13759998977184296, 0.024000000208616257, 150], [0.2671999931335449, 0.017799999564886093, 200], [0.31520000100135803, 0.031199999153614044, 250], [0.4535999894142151, 0.026200000196695328, 300], [0.4503999948501587, 0.03059999831020832, 350], [0.5216000080108643, 0.028599999845027924, 400], [0.5327999591827393, 0.03219999745488167, 450], [0.5543999671936035, 0.05999999865889549, 500], [0.46559998393058777, 0.04619999974966049, 550], [0.48639997839927673, 0.036399997770786285, 600], [0.5623999834060669, 0.035999998450279236, 650], [0.5023999810218811, 0.036399997770786285, 700], [0.4368000030517578, 0.018400000408291817, 750], [0.3287999927997589, 0.01939999870955944, 768]], "ernie-m-base_pytorch": [[0.6383999586105347, 0.2635999917984009, 100], [0.41200000047683716, 0.3346000015735626, 150], [0.5655999779701233, 0.2751999795436859, 200], [0.6607999801635742, 0.33719998598098755, 250], [0.7623999714851379, 0.33739998936653137, 300], [0.8104000091552734, 0.3571999967098236, 350], [0.7863999605178833, 0.39980000257492065, 400], [0.8319999575614929, 0.4375999867916107, 450], [0.8831999897956848, 0.4745999872684479, 500], [0.843999981880188, 0.48539999127388, 550], [0.8399999737739563, 0.45559999346733093, 600], [0.8887999653816223, 0.47419998049736023, 650], [0.8919999599456787, 0.5040000081062317, 700], [0.8912000060081482, 0.5153999924659729, 750], [0.8887999653816223, 0.520799994468689, 768]]}}