{"de-nl": {"bert-base-multilingual-uncased": [[0.2318042814731598, 0.013918629847466946, 100], [0.4048929810523987, 0.029825635254383087, 150], [0.4574923515319824, 0.05735699087381363, 200], [0.5926605463027954, 0.09085347503423691, 250], [0.5951070189476013, 0.11394921690225601, 300], [0.6685015559196472, 0.12572652101516724, 350], [0.7626911401748657, 0.14912816882133484, 400], [0.7113149762153625, 0.13780972361564636, 450], [0.796941876411438, 0.14637504518032074, 500], [0.8207951188087463, 0.16916488111019135, 550], [0.8146789073944092, 0.17558886110782623, 600], [0.7896024584770203, 0.16243499517440796, 650], [0.7553516626358032, 0.16702355444431305, 700], [0.8513761758804321, 0.15555216372013092, 750], [0.8440366983413696, 0.15432853996753693, 768]], "mt5-base": [[0.4477064311504364, 0.1927194893360138, 100], [0.5516819357872009, 0.2930559813976288, 150], [0.6232416033744812, 0.42780667543411255, 200], [0.7345565557479858, 0.48317527770996094, 250], [0.7149847149848938, 0.3724380433559418, 300], [0.7608562707901001, 0.4112878441810608, 350], [0.7712538242340088, 0.4577852487564087, 400], [0.7253822684288025, 0.47430408000946045, 450], [0.740672767162323, 0.4984704852104187, 500], [0.7737002968788147, 0.5177424550056458, 550], [0.8006116151809692, 0.520189642906189, 600], [0.8165137767791748, 0.5304374694824219, 650], [0.8477064371109009, 0.5391557216644287, 700], [0.8385320901870728, 0.5538390874862671, 750], [0.8525993824005127, 0.5636280179023743, 768]], "xlm-roberta-base": [[0.1247706413269043, 0.011318446137011051, 100], [0.14923547208309174, 0.020648516714572906, 150], [0.2470947951078415, 0.01881309226155281, 200], [0.2923547327518463, 0.026919547468423843, 250], [0.3914373219013214, 0.02370755560696125, 300], [0.45932722091674805, 0.02416641265153885, 350], [0.5981651544570923, 0.024931171908974648, 400], [0.4966360926628113, 0.02799021080136299, 450], [0.5516819357872009, 0.045579686760902405, 500], [0.571865439414978, 0.03624961897730827, 550], [0.4581039845943451, 0.03166105970740318, 600], [0.5737003087997437, 0.03364943340420723, 650], [0.6244648098945618, 0.03288467600941658, 700], [0.37308868765830994, 0.01881309226155281, 750], [0.32966360449790955, 0.01942490041255951, 768]], "ernie-m-base_pytorch": [[0.6030580997467041, 0.24151116609573364, 100], [0.46911314129829407, 0.3081982135772705, 150], [0.6152905225753784, 0.2613949179649353, 200], [0.6941896080970764, 0.3205873370170593, 250], [0.7529051899909973, 0.3173753321170807, 300], [0.7730886936187744, 0.3436830937862396, 350], [0.8073394298553467, 0.3900275230407715, 400], [0.8373088836669922, 0.4279596209526062, 450], [0.8464831709861755, 0.45977362990379333, 500], [0.8256880640983582, 0.4689507484436035, 550], [0.8519877791404724, 0.4458549916744232, 600], [0.8709480166435242, 0.4646680951118469, 650], [0.8880733847618103, 0.4914346933364868, 700], [0.8721712827682495, 0.5079535245895386, 750], [0.8868501782417297, 0.5111654996871948, 768]]}}