{"nl-de": {"bert-base-multilingual-uncased": [[0.895412802696228, 0.027531355619430542, 100], [0.9327216744422913, 0.06316916644573212, 150], [0.9486238360404968, 0.07739370316267014, 200], [0.9608562588691711, 0.08886510133743286, 250], [0.9608562588691711, 0.08993576467037201, 300], [0.9651376008987427, 0.08244111388921738, 350], [0.9645259976387024, 0.08519425243139267, 400], [0.9651376008987427, 0.09773631393909454, 450], [0.9681956768035889, 0.11685531586408615, 500], [0.9718654155731201, 0.12389110028743744, 550], [0.9724770188331604, 0.14056286215782166, 600], [0.9724770188331604, 0.14086876809597015, 650], [0.9749235510826111, 0.13780973851680756, 700], [0.9730886816978455, 0.14912818372249603, 750], [0.9712538123130798, 0.14836342632770538, 768]], "mt5-base": [[0.861773669719696, 0.20709697902202606, 100], [0.9021406769752502, 0.3473539352416992, 150], [0.9253822565078735, 0.4547262489795685, 200], [0.9284403324127197, 0.4713979959487915, 250], [0.9266054630279541, 0.4143469035625458, 300], [0.9296635985374451, 0.440960556268692, 350], [0.9327216744422913, 0.4504435658454895, 400], [0.9357798099517822, 0.4160293936729431, 450], [0.9351681470870972, 0.44294893741607666, 500], [0.9376146793365479, 0.4458550214767456, 550], [0.9388378858566284, 0.4892933964729309, 600], [0.9431192278862, 0.5334964990615845, 650], [0.940672755241394, 0.5544509291648865, 700], [0.9412843585014343, 0.5715815424919128, 750], [0.9388378858566284, 0.5737228989601135, 768]], "xlm-roberta-base": [[0.796941876411438, 0.015601102262735367, 100], [0.864220142364502, 0.01957785338163376, 150], [0.8782874345779419, 0.053992047905921936, 200], [0.9058103561401367, 0.06775772571563721, 250], [0.9174311757087708, 0.054145000874996185, 300], [0.9339449405670166, 0.054603856056928635, 350], [0.9400611519813538, 0.06531049311161041, 400], [0.9431192278862, 0.08397063612937927, 450], [0.9388378858566284, 0.12190272659063339, 500], [0.9400611519813538, 0.13169164955615997, 550], [0.9363914132118225, 0.17436525225639343, 600], [0.9431192278862, 0.21076782047748566, 650], [0.9443424940109253, 0.22483940422534943, 700], [0.918042778968811, 0.04313245788216591, 750], [0.9204892516136169, 0.04313245788216591, 768]], "ernie-m-base_pytorch": [[0.9174311757087708, 0.28403183817863464, 100], [0.9376146793365479, 0.24487611651420593, 150], [0.943730890750885, 0.29382073879241943, 200], [0.9480122327804565, 0.3641786575317383, 250], [0.9535167813301086, 0.3647904694080353, 300], [0.9584097862243652, 0.4282655417919159, 350], [0.9669724702835083, 0.4805751144886017, 400], [0.9688073396682739, 0.5290609002113342, 450], [0.9688073396682739, 0.5498623847961426, 500], [0.9718654155731201, 0.5715815424919128, 550], [0.965749204158783, 0.5888651013374329, 600], [0.963302731513977, 0.59865403175354, 650], [0.9718654155731201, 0.6231263875961304, 700], [0.9700305461883545, 0.6457632780075073, 750], [0.9694189429283142, 0.6468338966369629, 768]]}}