{"nl-de": {"bert-base-multilingual-uncased": [[0.8740060925483704, 0.027531355619430542, 100], [0.9253822565078735, 0.06316916644573212, 150], [0.9412844181060791, 0.07739369571208954, 200], [0.9529051780700684, 0.08886509388685226, 250], [0.9559633135795593, 0.08993575721979141, 300], [0.9565749168395996, 0.08244111388921738, 350], [0.955351710319519, 0.08519425243139267, 400], [0.9620795249938965, 0.09773631393909454, 450], [0.9651376008987427, 0.11685530841350555, 500], [0.9675840735435486, 0.12389110028743744, 550], [0.9645259976387024, 0.14056286215782166, 600], [0.9626911282539368, 0.14086876809597015, 650], [0.9657492637634277, 0.13780972361564636, 700], [0.9657492637634277, 0.14912816882133484, 750], [0.9657492637634277, 0.1483634114265442, 768]], "mt5-base": [[0.842201828956604, 0.20709696412086487, 100], [0.8856269121170044, 0.3473539352416992, 150], [0.9070336222648621, 0.4547262191772461, 200], [0.9168195724487305, 0.4713979661464691, 250], [0.9082568883895874, 0.4143469035625458, 300], [0.9192660450935364, 0.44096052646636963, 350], [0.9253822565078735, 0.4504435658454895, 400], [0.9247706532478333, 0.4161823093891144, 450], [0.9266055226325989, 0.4429489076137543, 500], [0.9198776483535767, 0.4458549916744232, 550], [0.9223241806030273, 0.4892933666706085, 600], [0.9235473871231079, 0.5334964990615845, 650], [0.9272171258926392, 0.5544509291648865, 700], [0.9278287291526794, 0.5715815424919128, 750], [0.9259938597679138, 0.5737228393554688, 768]], "xlm-roberta-base": [[0.7810397744178772, 0.015601101331412792, 100], [0.8281345367431641, 0.01957785338163376, 150], [0.8574923276901245, 0.053992047905921936, 200], [0.8899082541465759, 0.06775772571563721, 250], [0.9033639430999756, 0.05414499714970589, 300], [0.9259938597679138, 0.054603856056928635, 350], [0.9394495487213135, 0.06531049311161041, 400], [0.9492354989051819, 0.08397063612937927, 450], [0.9339449405670166, 0.1219027191400528, 500], [0.9382262825965881, 0.13169164955615997, 550], [0.932721734046936, 0.1742122918367386, 600], [0.9363914132118225, 0.21076782047748566, 650], [0.9418960213661194, 0.22483940422534943, 700], [0.943730890750885, 0.04328540712594986, 750], [0.9461773633956909, 0.04297950491309166, 768]], "ernie-m-base_pytorch": [[0.9027522802352905, 0.28403180837631226, 100], [0.9302752017974854, 0.24487610161304474, 150], [0.9284403920173645, 0.29382073879241943, 200], [0.9394495487213135, 0.3641786575317383, 250], [0.9425076246261597, 0.3647904694080353, 300], [0.9498471021652222, 0.4282655119895935, 350], [0.9596330523490906, 0.4805750846862793, 400], [0.9620795249938965, 0.5290609002113342, 450], [0.957798182964325, 0.5498623251914978, 500], [0.9590213894844055, 0.5715815424919128, 550], [0.9584097862243652, 0.5888651013374329, 600], [0.9614678621292114, 0.5988069772720337, 650], [0.9614678621292114, 0.6232792735099792, 700], [0.9602446556091309, 0.6459161639213562, 750], [0.9614678621292114, 0.6471397876739502, 768]]}}