{"nl-de": {"bert-base-multilingual-uncased": [[0.8759999871253967, 0.025999998673796654, 100], [0.920799970626831, 0.0681999996304512, 150], [0.9399999976158142, 0.07419999688863754, 200], [0.9495999813079834, 0.08659999817609787, 250], [0.9559999704360962, 0.0843999981880188, 300], [0.9575999975204468, 0.0803999975323677, 350], [0.9599999785423279, 0.0835999995470047, 400], [0.9655999541282654, 0.09640000015497208, 450], [0.9695999622344971, 0.11159999668598175, 500], [0.9711999893188477, 0.11759999394416809, 550], [0.9631999731063843, 0.13459999859333038, 600], [0.9639999866485596, 0.13419999182224274, 650], [0.9655999541282654, 0.13079999387264252, 700], [0.9703999757766724, 0.14100000262260437, 750], [0.9711999893188477, 0.14079999923706055, 768]], "mt5-base": [[0.8623999953269958, 0.22299998998641968, 100], [0.8967999815940857, 0.3646000027656555, 150], [0.9127999544143677, 0.46959999203681946, 200], [0.9264000058174133, 0.48499998450279236, 250], [0.91839998960495, 0.4179999828338623, 300], [0.9239999651908875, 0.4456000030040741, 350], [0.9271999597549438, 0.4567999839782715, 400], [0.9279999732971191, 0.4235999882221222, 450], [0.9231999516487122, 0.44999998807907104, 500], [0.9287999868392944, 0.4551999866962433, 550], [0.9303999543190002, 0.49619999527931213, 600], [0.9327999949455261, 0.5389999747276306, 650], [0.9343999624252319, 0.5607999563217163, 700], [0.9351999759674072, 0.5777999758720398, 750], [0.9391999840736389, 0.5785999894142151, 768]], "xlm-roberta-base": [[0.8015999794006348, 0.01759999990463257, 100], [0.8431999683380127, 0.018799999728798866, 150], [0.8695999979972839, 0.05900000035762787, 200], [0.9103999733924866, 0.07599999755620956, 250], [0.9264000058174133, 0.06639999896287918, 300], [0.9399999976158142, 0.060999996960163116, 350], [0.9479999542236328, 0.07499999552965164, 400], [0.9527999758720398, 0.09719999879598618, 450], [0.9447999596595764, 0.15619999170303345, 500], [0.9495999813079834, 0.16200000047683716, 550], [0.9495999813079834, 0.19979999959468842, 600], [0.9544000029563904, 0.23659999668598175, 650], [0.9575999975204468, 0.24979999661445618, 700], [0.9567999839782715, 0.04639999940991402, 750], [0.9575999975204468, 0.04639999940991402, 768]], "ernie-m-base_pytorch": [[0.9271999597549438, 0.29600000381469727, 100], [0.9440000057220459, 0.257999986410141, 150], [0.94159996509552, 0.30159997940063477, 200], [0.9575999975204468, 0.37599998712539673, 250], [0.962399959564209, 0.3805999755859375, 300], [0.9703999757766724, 0.4509999752044678, 350], [0.9735999703407288, 0.49799999594688416, 400], [0.9767999649047852, 0.5461999773979187, 450], [0.974399983882904, 0.5727999806404114, 500], [0.974399983882904, 0.5907999873161316, 550], [0.972000002861023, 0.6114000082015991, 600], [0.9751999974250793, 0.6186000108718872, 650], [0.974399983882904, 0.6437999606132507, 700], [0.9775999784469604, 0.665399968624115, 750], [0.9783999919891357, 0.6656000018119812, 768]]}}