{"nl-de": {"bert-base-multilingual-uncased": [[0.25279998779296875, 0.025999998673796654, 100], [0.37359997630119324, 0.0681999996304512, 150], [0.5320000052452087, 0.07419999688863754, 200], [0.6559999585151672, 0.08659999817609787, 250], [0.7447999715805054, 0.0843999981880188, 300], [0.6951999664306641, 0.0803999975323677, 350], [0.7543999552726746, 0.0835999995470047, 400], [0.8303999900817871, 0.09640000015497208, 450], [0.7303999662399292, 0.11159999668598175, 500], [0.8855999708175659, 0.11759999394416809, 550], [0.8736000061035156, 0.13459999859333038, 600], [0.9143999814987183, 0.13419999182224274, 650], [0.9239999651908875, 0.13079999387264252, 700], [0.9296000003814697, 0.14100000262260437, 750], [0.9120000004768372, 0.14079999923706055, 768]], "mt5-base": [[0.42399999499320984, 0.22299998998641968, 100], [0.6327999830245972, 0.3646000027656555, 150], [0.7479999661445618, 0.46959999203681946, 200], [0.7599999904632568, 0.48499998450279236, 250], [0.7391999959945679, 0.4179999828338623, 300], [0.7495999932289124, 0.4456000030040741, 350], [0.8191999793052673, 0.4567999839782715, 400], [0.8247999548912048, 0.4235999882221222, 450], [0.839199960231781, 0.44999998807907104, 500], [0.8639999628067017, 0.4551999866962433, 550], [0.8639999628067017, 0.49619999527931213, 600], [0.8583999872207642, 0.5389999747276306, 650], [0.8519999980926514, 0.5607999563217163, 700], [0.8615999817848206, 0.5777999758720398, 750], [0.8671999573707581, 0.5785999894142151, 768]], "xlm-roberta-base": [[0.12079999595880508, 0.01759999990463257, 100], [0.30159997940063477, 0.018799999728798866, 150], [0.37199997901916504, 0.05900000035762787, 200], [0.543999969959259, 0.07599999755620956, 250], [0.5952000021934509, 0.06639999896287918, 300], [0.6887999773025513, 0.060999996960163116, 350], [0.6855999827384949, 0.07499999552965164, 400], [0.7031999826431274, 0.09719999879598618, 450], [0.6735999584197998, 0.15619999170303345, 500], [0.6935999989509583, 0.16200000047683716, 550], [0.3263999819755554, 0.19979999959468842, 600], [0.4407999813556671, 0.23659999668598175, 650], [0.5920000076293945, 0.24979999661445618, 700], [0.4023999869823456, 0.04639999940991402, 750], [0.3224000036716461, 0.04639999940991402, 768]], "ernie-m-base_pytorch": [[0.41839998960494995, 0.29600000381469727, 100], [0.6143999695777893, 0.257999986410141, 150], [0.5655999779701233, 0.30159997940063477, 200], [0.7591999769210815, 0.37599998712539673, 250], [0.7623999714851379, 0.3805999755859375, 300], [0.823199987411499, 0.4509999752044678, 350], [0.839199960231781, 0.49799999594688416, 400], [0.8535999655723572, 0.5461999773979187, 450], [0.8479999899864197, 0.5727999806404114, 500], [0.8471999764442444, 0.5907999873161316, 550], [0.7815999984741211, 0.6114000082015991, 600], [0.8319999575614929, 0.6186000108718872, 650], [0.8416000008583069, 0.6437999606132507, 700], [0.8791999816894531, 0.665399968624115, 750], [0.8783999681472778, 0.6656000018119812, 768]]}}