{"nl-de": {"bert-base-multilingual-uncased": [[0.18470947444438934, 0.027531355619430542, 100], [0.2642201781272888, 0.06316916644573212, 150], [0.45443424582481384, 0.07739369571208954, 200], [0.5241590142250061, 0.08886509388685226, 250], [0.6819571852684021, 0.08993575721979141, 300], [0.6464831829071045, 0.08244111388921738, 350], [0.7767584323883057, 0.08519425243139267, 400], [0.8470947742462158, 0.09773631393909454, 450], [0.7810397744178772, 0.11685530841350555, 500], [0.8366972208023071, 0.12389110028743744, 550], [0.8733944892883301, 0.14056286215782166, 600], [0.90152907371521, 0.14086876809597015, 650], [0.8929663896560669, 0.13780972361564636, 700], [0.8740060925483704, 0.14912816882133484, 750], [0.8868501782417297, 0.1483634114265442, 768]], "mt5-base": [[0.4018348753452301, 0.20709696412086487, 100], [0.5657492280006409, 0.3473539352416992, 150], [0.698470950126648, 0.4547262191772461, 200], [0.752293586730957, 0.4713979661464691, 250], [0.7045871615409851, 0.4143469035625458, 300], [0.7376146912574768, 0.44096052646636963, 350], [0.7810397744178772, 0.4504435658454895, 400], [0.7963302731513977, 0.4161823093891144, 450], [0.8238531947135925, 0.4429489076137543, 500], [0.8348624110221863, 0.4458549916744232, 550], [0.8165137767791748, 0.4892933666706085, 600], [0.8159021139144897, 0.5334964990615845, 650], [0.8318042755126953, 0.5544509291648865, 700], [0.853210985660553, 0.5715815424919128, 750], [0.8519877791404724, 0.5737228393554688, 768]], "xlm-roberta-base": [[0.13944953680038452, 0.015601101331412792, 100], [0.2831804156303406, 0.01957785338163376, 150], [0.25015291571617126, 0.053992047905921936, 200], [0.3712538182735443, 0.06775772571563721, 250], [0.5345565676689148, 0.05414499714970589, 300], [0.5908256769180298, 0.054603856056928635, 350], [0.5535168051719666, 0.06531049311161041, 400], [0.628134548664093, 0.08397063612937927, 450], [0.5253822803497314, 0.1219027191400528, 500], [0.5847094655036926, 0.13169164955615997, 550], [0.3865443468093872, 0.1742122918367386, 600], [0.4776758551597595, 0.21076782047748566, 650], [0.5810397267341614, 0.22483940422534943, 700], [0.4177370071411133, 0.04328540712594986, 750], [0.4128440320491791, 0.04297950491309166, 768]], "ernie-m-base_pytorch": [[0.3938837945461273, 0.28403180837631226, 100], [0.6330274939537048, 0.24487610161304474, 150], [0.5639143586158752, 0.29382073879241943, 200], [0.7620795369148254, 0.3641786575317383, 250], [0.7119265794754028, 0.3647904694080353, 300], [0.7840978503227234, 0.4282655119895935, 350], [0.8097859621047974, 0.4805750846862793, 400], [0.8434250950813293, 0.5290609002113342, 450], [0.8428134322166443, 0.5498623251914978, 500], [0.853210985660553, 0.5715815424919128, 550], [0.822629988193512, 0.5888651013374329, 600], [0.819571852684021, 0.5988069772720337, 650], [0.8434250950813293, 0.6232792735099792, 700], [0.8568807244300842, 0.6459161639213562, 750], [0.8434250950813293, 0.6471397876739502, 768]]}}